open;dir;entry;sl;tp1;tp2;tp3;atr;mfe;final_move;reason;g_maxf;g_end;g_why;g_min
2026.01.02 03:14:00;BUY;4370.899;4357.045;4396.535;4399.969;4406.837;1.717;31.566;-13.857;sl;;;;
2026.01.02 14:49:00;BUY;4361.368;4333.432;4413.081;4420.007;4433.860;3.463;1.708;-27.937;sl;;;;
2026.01.02 15:24:00;SELL;4330.793;4361.771;4273.419;4265.737;4250.371;3.841;0.394;-4.784;ea;;;;
2026.01.01 23:05:00;BUY;4328.500;4304.600;4345.560;4349.122;4356.245;1.781;27.739;27.766;tp;73.965;6.917;cutoff;789.8
2026.01.04 23:34:00;SELL;4359.038;4374.595;4330.464;4326.626;4318.951;1.919;4.463;-15.578;sl;;;;
2026.01.05 09:45:00;BUY;4437.670;4425.236;4460.391;4463.447;4469.561;1.528;2.341;-12.449;sl;;;;
2026.01.05 11:26:00;SELL;4423.120;4435.942;4399.619;4396.461;4390.144;1.579;27.065;-12.822;sl;;;;
2026.01.05 15:04:00;BUY;4450.811;4426.934;4495.221;4501.159;4513.035;2.969;4.874;-2.323;ea;;;;
2026.01.05 00:13:00;BUY;4379.869;4358.607;4419.284;4424.561;4435.113;2.638;55.211;55.259;tp;75.816;68.619;cutoff;376.7
2026.01.05 23:17:00;SELL;4450.783;4461.211;4431.797;4429.240;4424.124;1.279;22.948;-10.438;sl;;;;
2026.01.06 02:39:00;SELL;4455.791;4473.445;4423.239;4418.873;4410.141;2.183;6.951;-17.664;sl;;;;
2026.01.06 05:39:00;SELL;4469.075;4478.660;4451.473;4449.109;4444.381;1.182;24.673;24.694;tp;26.350;-9.585;sl;271.3
2026.01.06 15:12:00;SELL;4481.126;4503.092;4440.308;4434.849;4423.930;2.730;18.112;2.646;ea;;;;
2026.01.06 10:10:00;BUY;4449.995;4434.082;4479.185;4483.107;4490.951;1.961;40.954;40.973;tp;40.973;28.325;cutoff;59.3
2026.01.07 13:29:00;BUY;4445.217;4422.812;4486.890;4492.462;4503.605;2.786;9.189;0.827;ea;;;;
2026.01.07 01:08:00;SELL;4474.897;4490.834;4445.582;4441.648;4433.778;1.967;41.110;41.135;tp;51.177;28.693;cutoff;171.3
2026.01.06 23:12:00;SELL;4496.160;4505.063;4479.759;4477.559;4473.158;1.100;22.996;23.010;tp;72.440;49.956;cutoff;892.4
2026.01.07 23:03:00;BUY;4462.696;4452.993;4480.492;4482.883;4487.665;1.196;3.784;-9.710;sl;;;;
2026.01.08 05:30:00;SELL;4425.928;4437.674;4404.484;4401.598;4395.826;1.443;10.257;-11.756;sl;;;;
2026.01.08 06:57:00;BUY;4435.810;4414.039;4476.256;4481.666;4492.487;2.705;4.118;-21.786;sl;;;;
2026.01.08 12:16:00;SELL;4410.001;4423.423;4385.407;4382.101;4375.490;1.653;2.284;-13.429;sl;;;;
2026.01.08 12:38:00;BUY;4426.349;4410.500;4455.281;4459.175;4466.962;1.947;30.187;27.842;ea;;;;
2026.01.08 00:38:00;SELL;4452.660;4462.820;4433.933;4431.421;4426.397;1.256;26.244;26.279;tp;44.943;-1.691;cutoff;646.9
2026.01.08 23:03:00;BUY;4480.549;4468.140;4503.195;4506.243;4512.340;1.524;0.000;-12.416;sl;;;;
2026.01.09 00:49:00;SELL;4464.506;4475.159;4444.937;4442.309;4437.053;1.314;11.527;-10.655;sl;;;;
2026.01.09 15:41:00;BUY;4513.997;4485.729;4566.355;4573.365;4587.387;3.505;3.183;-1.626;ea;;;;
2026.01.09 02:46:00;BUY;4472.132;4456.415;4501.188;4505.081;4512.868;1.947;40.732;40.758;tp;45.048;40.239;cutoff;22.3
2026.01.12 14:02:00;SELL;4612.321;4631.245;4577.158;4572.455;4563.049;2.352;27.276;-9.081;ea;;;;
2026.01.12 00:32:00;BUY;4567.558;4547.329;4605.103;4610.127;4620.174;2.512;52.592;52.616;tp;59.868;53.684;cutoff;124.9
2026.01.11 23:06:00;BUY;4523.966;4513.575;4542.868;4545.416;4550.510;1.274;26.538;26.557;tp;103.460;97.276;cutoff;950.3
2026.01.12 23:01:00;BUY;4600.833;4583.675;4621.153;4624.412;4630.929;1.629;2.760;-17.174;sl;;;;
2026.01.12 23:13:00;SELL;4580.700;4595.536;4553.238;4549.560;4542.204;1.839;2.077;-14.854;sl;;;;
2026.01.13 00:24:00;SELL;4591.435;4611.258;4554.707;4549.790;4539.955;2.459;17.994;-19.889;sl;;;;
2026.01.13 13:43:00;BUY;4616.743;4597.853;4651.977;4656.683;4666.096;2.353;18.054;2.258;ea;;;;
2026.01.14 04:12:00;SELL;4627.606;4639.204;4606.355;4603.498;4597.785;1.428;2.187;-11.601;sl;;;;
2026.01.14 15:04:00;SELL;4605.606;4631.883;4556.882;4550.361;4537.317;3.261;6.073;-12.446;ea;;;;
2026.01.14 05:12:00;SELL;4634.958;4645.922;4614.912;4612.215;4606.822;1.348;28.127;28.147;tp;35.425;16.906;cutoff;57.5
2026.01.13 23:09:00;BUY;4593.868;4580.877;4617.792;4621.002;4627.422;1.605;33.548;33.572;tp;48.121;24.024;cutoff;725.4
2026.01.14 23:07:00;SELL;4616.482;4632.409;4586.774;4582.805;4574.869;1.984;35.327;0.884;ea;;;;
2026.01.15 23:06:00;BUY;4620.535;4610.839;4638.243;4640.626;4645.392;1.191;0.000;-9.730;sl;;;;
2026.01.16 13:30:00;SELL;4587.103;4606.432;4551.004;4546.184;4536.545;2.410;1.476;-19.330;sl;;;;
2026.01.15 23:27:00;SELL;4610.137;4620.025;4592.011;4589.575;4584.704;1.218;25.427;25.441;tp;27.300;-9.888;sl;108.6
2026.01.16 14:07:00;BUY;4605.097;4580.673;4650.515;4656.589;4668.735;3.037;15.449;-24.426;sl;;;;
2026.01.16 15:49:00;BUY;4568.552;4526.977;4645.953;4656.299;4676.990;5.173;6.930;2.783;ea;;;;
2026.01.18 23:10:00;BUY;4655.093;4638.083;4686.412;4690.614;4699.019;2.101;35.608;19.190;ea;;;;
2026.01.19 23:19:00;BUY;4672.260;4662.281;4690.414;4692.860;4697.753;1.223;0.168;-9.995;sl;;;;
2026.01.20 08:22:00;SELL;4720.638;4734.543;4694.952;4691.509;4684.624;1.721;4.356;-13.941;sl;;;;
2026.01.20 09:58:00;SELL;4734.073;4749.032;4706.488;4702.788;4695.389;1.850;18.681;-14.960;sl;;;;
2026.01.20 14:30:00;BUY;4750.688;4724.823;4798.639;4805.057;4817.895;3.209;0.474;-25.867;sl;;;;
2026.01.20 15:32:00;BUY;4731.966;4697.282;4796.460;4805.084;4822.333;4.312;7.360;5.498;ea;;;;
2026.01.20 05:00:00;BUY;4695.433;4684.473;4715.406;4718.095;4723.475;1.345;28.020;28.049;tp;55.729;42.031;cutoff;471.5
2026.01.20 01:06:00;BUY;4670.018;4659.871;4688.471;4690.958;4695.931;1.243;25.898;25.919;tp;81.144;67.446;cutoff;660.7
2026.01.20 23:10:00;SELL;4759.985;4769.427;4742.716;4740.393;4735.748;1.161;2.036;-9.442;sl;;;;
2026.01.21 00:26:00;SELL;4774.178;4787.835;4749.258;4745.903;4739.194;1.677;0.000;-13.659;sl;;;;
2026.01.21 01:48:00;BUY;4824.023;4798.461;4871.584;4877.943;4890.660;3.179;64.472;23.838;ea;;;;
2026.01.21 01:05:00;BUY;4792.877;4776.008;4823.894;4828.058;4836.386;2.082;43.507;43.532;tp;95.618;54.984;cutoff;869.3
2026.01.21 23:02:00;SELL;4826.644;4850.931;4781.014;4774.934;4762.774;3.040;54.276;-24.308;sl;;;;
2026.01.22 23:05:00;BUY;4952.510;4935.814;4983.285;4987.413;4995.669;2.064;7.348;-16.725;sl;;;;
2026.01.22 23:46:00;BUY;4945.663;4924.248;4985.330;4990.641;5001.264;2.656;21.872;-21.421;sl;;;;
2026.01.23 08:51:00;SELL;4917.492;4942.013;4871.893;4865.795;4853.600;3.049;17.790;-24.533;sl;;;;
2026.01.23 13:16:00;SELL;4935.795;4953.723;4902.541;4898.091;4889.190;2.225;11.817;-17.930;sl;;;;
2026.01.23 15:00:00;SELL;4943.231;4969.684;4893.867;4887.275;4874.089;3.296;4.637;-17.540;ea;;;;
2026.01.26 02:09:00;SELL;5069.767;5104.419;5005.336;4996.720;4979.488;4.308;17.297;-34.666;sl;;;;
2026.01.26 06:58:00;SELL;5085.328;5116.072;5028.052;5020.398;5005.090;3.827;30.640;-5.651;ea;;;;
2026.01.25 23:18:00;BUY;5028.562;5006.582;5069.217;5074.664;5085.557;2.723;56.992;56.996;tp;82.582;62.257;cutoff;863.9
2026.01.26 23:09:00;BUY;5035.760;4990.167;5120.991;5132.367;5155.119;5.688;65.202;55.323;ea;;;;
2026.01.27 23:14:00;SELL;5168.556;5212.412;5086.618;5075.680;5053.803;5.469;11.337;-43.876;sl;;;;
2026.01.28 01:59:00;SELL;5209.936;5247.996;5138.707;5129.203;5110.196;4.752;8.169;-38.070;sl;;;;
2026.01.28 08:42:00;SELL;5297.546;5325.809;5245.045;5238.022;5223.976;3.511;62.138;19.110;ea;;;;
2026.01.28 05:09:00;BUY;5251.661;5232.431;5287.261;5292.029;5301.564;2.384;49.890;49.911;tp;59.837;26.615;cutoff;449.5
2026.01.29 06:24:00;BUY;5590.155;5545.431;5673.773;5684.934;5707.254;5.580;2.017;-44.744;sl;;;;
2026.01.28 23:13:00;BUY;5465.428;5416.152;5557.390;5569.672;5594.235;6.141;128.797;128.816;tp;129.921;-49.276;sl;526.4
2026.01.29 15:27:00;SELL;5253.558;5376.997;5025.356;4994.779;4933.624;15.289;158.420;70.663;ea;;;;
2026.01.29 08:06:00;SELL;5527.879;5571.013;5447.389;5436.639;5415.139;5.375;112.726;112.748;tp;432.741;344.984;cutoff;50.5
2026.01.29 23:07:00;BUY;5440.263;5375.864;5560.442;5576.492;5608.593;8.025;10.683;-64.410;sl;;;;
2026.01.30 02:41:00;BUY;5212.954;5088.590;5445.558;5476.599;5538.681;15.520;33.360;-124.375;sl;;;;
2026.01.30 08:48:00;BUY;5110.712;5018.713;5282.497;5305.434;5351.310;11.469;22.142;-92.026;sl;;;;
2026.01.30 09:30:00;SELL;5028.524;5139.542;4820.960;4793.257;4737.851;13.851;88.097;-111.035;sl;;;;
2026.01.30 12:07:00;SELL;5124.791;5195.559;4992.562;4974.910;4939.606;8.826;144.233;74.159;ea;;;;
2026.01.30 01:48:00;SELL;5337.113;5421.544;5179.124;5158.044;5115.884;10.540;221.184;221.235;tp;396.686;286.481;cutoff;816.9
2026.02.01 23:13:00;SELL;4764.795;4821.070;4518.953;4492.682;4440.140;13.136;66.723;-56.297;sl;;;;
2026.02.02 06:37:00;SELL;4456.591;4594.218;4198.710;4164.318;4095.533;17.196;54.470;-137.662;sl;;;;
2026.02.02 08:03:00;SELL;4576.525;4697.586;4350.481;4320.298;4259.932;15.092;6.772;-121.067;sl;;;;
2026.02.02 09:50:00;BUY;4717.249;4623.385;4892.713;4916.133;4962.972;11.710;95.213;-93.869;sl;;;;
2026.02.02 00:32:00;SELL;4827.638;4968.546;4563.616;4528.405;4457.983;17.606;369.579;369.669;tp;425.517;207.425;cutoff;575.5
2026.02.02 23:01:00;SELL;4685.104;4714.844;4552.895;4538.813;4510.648;7.041;2.782;-29.767;sl;;;;
2026.02.03 06:43:00;BUY;4891.944;4842.136;4984.870;4997.282;5022.105;6.206;59.014;43.493;ea;;;;
2026.02.02 23:16:00;BUY;4718.300;4656.769;4832.592;4847.881;4878.459;7.644;160.140;160.171;tp;232.658;217.137;cutoff;564.3
2026.02.03 23:02:00;BUY;4961.715;4922.373;5032.650;5042.239;5061.418;4.795;10.295;-39.453;sl;;;;
2026.02.03 23:17:00;BUY;4937.401;4891.111;5023.064;5034.538;5057.486;5.737;119.999;120.087;tp;154.471;-46.290;sl;814.1
2026.02.04 15:45:00;BUY;4944.526;4845.096;5130.043;5154.821;5204.378;12.389;5.609;-24.431;ea;;;;
2026.02.04 02:33:00;SELL;5056.305;5109.087;4957.850;4944.699;4918.397;6.576;137.892;137.913;tp;168.735;135.970;cutoff;25.5
2026.02.04 23:16:00;BUY;5010.247;4976.360;5072.982;5081.384;5098.188;4.201;13.524;-33.947;sl;;;;
2026.02.05 03:22:00;BUY;4881.062;4766.640;5095.100;5123.662;5180.785;14.281;62.501;-63.497;ea;;;;
2026.02.05 01:27:00;SELL;4950.528;5001.919;4855.205;4842.447;4816.931;6.379;133.596;133.651;tp;161.736;132.803;cutoff;788.3
2026.02.05 23:11:00;BUY;4778.936;4723.415;4882.244;4896.055;4923.677;6.906;2.708;-55.608;sl;;;;
2026.02.06 00:18:00;SELL;4657.139;4716.513;4546.144;4531.329;4501.700;7.407;0.055;-59.418;sl;;;;
2026.02.06 13:20:00;BUY;4914.535;4874.106;4989.046;4999.040;5019.030;4.997;50.205;29.026;ea;;;;
2026.02.06 00:37:00;BUY;4736.872;4669.832;4861.847;4878.544;4911.938;8.348;175.026;175.068;tp;227.868;206.689;cutoff;179.3
2026.02.08 23:21:00;BUY;4988.714;4959.348;5042.477;5049.705;5064.163;3.614;71.511;70.145;ea;;;;
2026.02.09 23:44:00;BUY;5036.408;4986.336;5129.850;5142.329;5167.288;6.240;42.267;-16.919;ea;;;;
2026.02.09 23:02:00;SELL;5072.002;5083.917;5016.467;5010.602;4998.871;2.933;73.103;73.270;tp;84.408;52.273;cutoff;1008.0
2026.02.11 10:58:00;SELL;5094.108;5119.074;5047.434;5041.204;5028.745;3.115;11.484;-25.011;sl;;;;
2026.02.10 23:17:00;BUY;5039.092;5019.417;5075.213;5080.065;5089.769;2.426;50.639;50.687;tp;80.179;-19.675;sl;166.8
2026.02.11 13:36:00;SELL;5047.221;5095.858;4956.473;4944.353;4920.112;6.060;11.305;-13.230;ea;;;;
2026.02.11 12:06:00;SELL;5106.571;5136.104;5052.856;5045.617;5031.140;3.619;75.223;75.491;tp;87.424;46.120;cutoff;149.3
2026.02.11 23:08:00;SELL;5084.358;5105.517;5045.702;5040.501;5030.099;2.601;45.100;23.602;ea;;;;
2026.02.13 13:48:00;SELL;4973.973;5007.153;4912.211;4903.955;4887.443;4.128;1.565;-33.206;sl;;;;
2026.02.13 14:31:00;SELL;5003.142;5044.500;4926.027;4915.725;4895.120;5.151;38.968;25.773;ea;;;;
2026.02.12 23:13:00;BUY;4909.065;4873.997;4973.455;4982.103;4999.401;4.324;90.215;90.424;tp;111.777;68.064;cutoff;149.3
2026.02.15 23:28:00;BUY;5029.562;5004.264;5076.679;5082.975;5095.569;3.148;1.798;-25.341;sl;;;;
2026.02.16 00:04:00;SELL;5007.334;5038.983;4948.903;4941.070;4925.403;3.917;42.633;27.432;ea;;;;
2026.02.16 23:02:00;BUY;4998.072;4987.316;5017.193;5019.791;5024.987;1.299;1.515;-10.784;sl;;;;
2026.02.17 01:12:00;BUY;4950.123;4921.934;5002.512;5009.518;5023.532;3.503;21.319;-28.259;sl;;;;
2026.02.17 05:54:00;BUY;4894.155;4850.162;4975.760;4986.682;5008.525;5.461;50.253;-44.003;sl;;;;
2026.02.17 14:40:00;SELL;4881.512;4933.204;4785.260;4772.395;4746.666;6.432;32.522;2.999;ea;;;;
2026.02.16 23:18:00;SELL;4988.064;5001.736;4963.219;4959.869;4953.171;1.675;34.877;34.938;tp;146.875;109.551;cutoff;907.3
2026.02.17 23:15:00;BUY;4882.949;4862.562;4920.361;4925.387;4935.439;2.513;1.764;-20.443;sl;;;;
2026.02.18 13:38:00;BUY;4965.002;4942.968;5005.638;5011.088;5021.987;2.725;44.014;33.102;ea;;;;
2026.02.18 00:34:00;BUY;4877.112;4845.818;4935.201;4942.973;4958.518;3.886;81.367;81.429;tp;131.904;120.992;cutoff;172.3
2026.02.18 23:28:00;BUY;4981.347;4965.104;5011.113;5015.113;5023.115;2.000;7.374;-16.253;sl;;;;
2026.02.19 00:13:00;BUY;4968.329;4944.938;5011.554;5017.347;5028.932;2.896;54.051;45.469;ea;;;;
2026.02.19 23:04:00;BUY;5003.029;4989.931;5026.312;5029.476;5035.803;1.582;4.918;-13.101;sl;;;;
2026.02.20 14:33:00;BUY;5050.117;5027.438;5092.162;5097.790;5109.047;2.814;13.998;-22.686;sl;;;;
2026.02.20 15:07:00;SELL;4994.848;5032.511;4924.693;4915.318;4896.567;4.688;2.165;-37.666;sl;;;;
2026.02.20 15:19:00;BUY;5044.503;4996.550;5133.934;5145.880;5169.773;5.973;8.049;-2.066;ea;;;;
2026.02.20 00:16:00;BUY;4996.283;4975.142;5034.944;5040.145;5050.545;2.600;54.256;54.276;tp;67.832;46.154;cutoff;87.3
2026.02.22 23:50:00;BUY;5158.704;5130.386;5211.121;5218.142;5232.183;3.510;13.221;-28.353;sl;;;;
2026.02.23 00:30:00;BUY;5153.494;5110.859;5233.269;5243.913;5265.202;5.322;51.661;42.698;ea;;;;
2026.02.23 23:03:00;BUY;5240.285;5224.157;5269.343;5273.272;5281.130;1.965;9.304;-16.239;sl;;;;
2026.02.24 01:25:00;SELL;5150.942;5199.086;5061.468;5049.502;5025.568;5.983;57.503;0.552;ea;;;;
2026.02.24 00:29:00;SELL;5225.250;5255.617;5169.565;5162.082;5147.117;3.741;78.101;78.139;tp;131.811;74.860;cutoff;883.3
2026.02.24 23:04:00;SELL;5135.751;5154.057;5102.627;5098.155;5089.210;2.236;7.769;-18.308;sl;;;;
2026.02.25 11:17:00;SELL;5157.013;5178.494;5117.478;5112.172;5101.561;2.653;1.864;-21.487;sl;;;;
2026.02.25 11:58:00;BUY;5179.751;5160.001;5215.870;5220.729;5230.445;2.429;11.596;-19.776;sl;;;;
2026.02.25 14:45:00;BUY;5175.245;5148.877;5224.211;5230.762;5243.864;3.275;27.326;19.665;ea;;;;
2026.02.25 05:58:00;SELL;5202.492;5219.817;5170.845;5166.587;5158.070;2.129;44.339;44.425;tp;47.343;7.342;cutoff;283.4
2026.02.25 00:41:00;BUY;5154.479;5133.375;5192.989;5198.173;5208.541;2.592;54.044;54.162;tp;56.217;40.431;cutoff;610.4
2026.02.25 23:04:00;BUY;5173.404;5142.422;5231.797;5239.569;5255.112;3.886;32.241;-30.992;sl;;;;
2026.02.26 15:02:00;SELL;5162.774;5198.518;5095.144;5086.155;5068.177;4.495;32.151;-23.348;ea;;;;
2026.02.26 23:26:00;SELL;5182.552;5199.867;5149.932;5145.589;5136.905;2.171;15.712;-17.357;sl;;;;
2026.02.27 02:08:00;BUY;5199.527;5177.614;5241.088;5246.608;5257.647;2.760;0.046;-21.941;sl;;;;
2026.02.27 02:51:00;SELL;5176.259;5196.634;5138.530;5133.477;5123.372;2.526;2.663;-20.398;sl;;;;
2026.02.27 05:55:00;BUY;5195.223;5182.805;5217.564;5220.586;5226.631;1.511;5.449;-12.494;sl;;;;
2026.02.27 07:17:00;SELL;5179.496;5196.310;5149.225;5145.131;5136.942;2.047;10.813;-16.885;sl;;;;
2026.02.27 13:42:00;SELL;5208.685;5237.316;5156.272;5149.225;5135.130;3.524;0.430;-28.637;sl;;;;
2026.02.27 15:32:00;BUY;5232.693;5195.119;5302.371;5311.697;5330.350;4.663;13.849;6.803;ea;;;;
2026.03.01 23:09:00;BUY;5348.897;5305.643;5374.675;5380.678;5392.684;3.001;43.766;43.839;tp;44.429;-43.254;sl;106.9
2026.03.02 00:03:00;SELL;5371.833;5422.384;5278.350;5265.826;5240.776;6.262;68.472;55.491;ea;;;;
2026.03.02 23:04:00;BUY;5340.315;5316.917;5384.397;5390.264;5402.000;2.934;39.544;-23.411;sl;;;;
2026.03.03 06:15:00;SELL;5289.581;5330.804;5213.069;5202.831;5182.356;5.119;1.239;-41.244;sl;;;;
2026.03.03 07:55:00;BUY;5329.543;5297.805;5389.068;5397.004;5412.876;3.968;6.094;-31.804;sl;;;;
2026.03.03 15:23:00;BUY;5038.990;4938.045;5227.873;5253.075;5303.480;12.601;57.962;56.239;ea;;;;
2026.03.03 11:26:00;SELL;5185.301;5256.947;5051.428;5033.557;4997.815;8.936;187.466;187.498;tp;189.063;89.712;cutoff;42.3
2026.03.03 08:41:00;SELL;5297.908;5328.040;5242.664;5235.240;5220.392;3.712;77.469;77.554;tp;301.670;202.319;cutoff;292.5
2026.03.04 12:17:00;SELL;5186.895;5209.063;5145.799;5140.298;5129.296;2.751;55.701;34.963;ea;;;;
2026.03.03 23:03:00;BUY;5102.659;5063.770;5174.535;5184.167;5203.430;4.816;100.715;100.818;tp;103.372;48.913;cutoff;236.3
2026.03.04 23:14:00;SELL;5146.531;5168.170;5107.521;5102.248;5091.700;2.637;0.960;-21.656;sl;;;;
2026.03.05 00:07:00;BUY;5167.114;5146.131;5205.161;5210.294;5220.560;2.567;27.929;-20.988;sl;;;;
2026.03.05 06:08:00;SELL;5146.993;5169.591;5104.808;5099.175;5087.908;2.817;26.057;-22.603;sl;;;;
2026.03.05 15:27:00;SELL;5076.755;5139.330;4959.821;4944.211;4912.992;7.805;4.876;-25.929;ea;;;;
2026.03.05 07:17:00;SELL;5161.170;5195.292;5097.958;5089.494;5072.566;4.232;88.592;88.674;tp;101.238;58.486;cutoff;51.5
2026.03.05 23:28:00;SELL;5090.351;5110.472;5053.650;5048.709;5038.826;2.471;24.021;-20.159;sl;;;;
2026.03.06 02:42:00;SELL;5123.551;5156.151;5063.406;5055.341;5039.212;4.032;60.728;-32.675;sl;;;;
2026.03.06 15:26:00;BUY;5164.443;5104.488;5276.065;5290.984;5320.824;7.460;7.340;-22.531;ea;;;;
2026.03.08 23:37:00;SELL;5086.956;5151.397;4966.926;4950.885;4918.803;8.020;72.179;-13.030;ea;;;;
2026.03.09 23:13:00;BUY;5149.196;5117.541;5207.255;5215.056;5230.658;3.901;81.461;81.512;tp;89.293;79.624;cutoff;26.8
2026.03.10 23:07:00;BUY;5194.778;5174.223;5232.341;5237.394;5247.502;2.527;28.292;-20.612;sl;;;;
2026.03.11 12:37:00;SELL;5174.576;5197.898;5131.460;5125.683;5114.128;2.889;25.332;7.912;ea;;;;
2026.03.11 23:14:00;BUY;5153.533;5128.609;5199.302;5205.449;5217.744;3.074;4.291;-24.996;sl;;;;
2026.03.12 00:15:00;BUY;5139.379;5109.398;5194.384;5201.774;5216.554;3.695;52.368;-7.342;ea;;;;
2026.03.12 23:08:00;BUY;5095.409;5074.123;5132.940;5138.055;5148.284;2.557;32.940;-21.349;sl;;;;
2026.03.13 07:56:00;SELL;5083.010;5107.383;5039.720;5033.836;5022.068;2.942;21.420;-24.387;sl;;;;
2026.03.13 15:08:00;BUY;5058.288;5020.823;5127.719;5137.014;5155.605;4.648;13.079;-23.513;ea;;;;
2026.03.13 12:13:00;SELL;5109.592;5130.364;5071.569;5066.457;5056.232;2.556;53.355;53.402;tp;77.680;74.577;cutoff;64.7
2026.03.15 23:00:00;BUY;5025.049;4995.392;5079.839;5087.182;5101.869;3.672;1.162;-29.693;sl;;;;
2026.03.15 23:21:00;SELL;4986.442;5020.999;4922.901;4914.371;4897.310;4.265;19.373;-34.570;sl;;;;
2026.03.16 00:35:00;BUY;5030.946;4990.847;5105.204;5115.148;5135.036;4.972;0.000;-40.119;sl;;;;
2026.03.16 01:25:00;SELL;4995.375;5034.369;4922.726;4913.018;4893.602;4.854;12.640;-39.024;sl;;;;
2026.03.16 09:56:00;SELL;4977.906;5000.108;4936.483;4930.951;4919.885;2.766;7.676;-22.244;sl;;;;
2026.03.16 11:20:00;BUY;5012.844;4991.119;5053.104;5058.494;5069.274;2.695;25.280;-21.749;sl;;;;
2026.03.16 15:17:00;BUY;5002.102;4968.492;5063.135;5071.365;5087.824;4.115;3.553;-15.160;ea;;;;
2026.03.16 06:27:00;SELL;5027.383;5046.117;4993.263;4988.667;4979.475;2.298;47.843;47.944;tp;57.153;40.201;cutoff;374.4
2026.03.16 23:12:00;BUY;5005.743;4988.821;5035.854;5039.944;5048.123;2.045;38.788;-16.932;sl;;;;
2026.03.17 23:02:00;BUY;5001.773;4990.021;5022.822;5025.674;5031.378;1.426;14.296;-11.778;sl;;;;
2026.03.18 03:25:00;BUY;4996.384;4980.795;5025.602;5029.498;5037.291;1.948;19.984;-15.678;sl;;;;
2026.03.18 11:56:00;SELL;4932.194;4970.216;4861.703;4852.267;4833.395;4.718;98.012;69.370;ea;;;;
2026.03.18 08:46:00;SELL;4983.045;5000.650;4950.619;4946.269;4937.568;2.175;45.475;45.514;tp;148.863;120.221;cutoff;255.5
2026.03.18 23:19:00;SELL;4829.229;4863.061;4766.263;4757.846;4741.012;4.209;0.521;-33.883;sl;;;;
2026.03.19 07:02:00;BUY;4771.370;4729.017;4848.439;4858.824;4879.593;5.192;12.837;-42.402;sl;;;;
2026.03.19 12:44:00;SELL;4575.999;4631.503;4472.972;4459.187;4431.616;6.893;73.195;-55.570;sl;;;;
2026.03.19 14:20:00;SELL;4614.257;4721.296;4414.018;4387.298;4333.859;13.360;47.879;17.360;ea;;;;
2026.03.19 08:06:00;SELL;4724.983;4775.850;4630.748;4618.131;4592.896;6.309;132.048;132.094;tp;222.179;128.086;cutoff;197.3
2026.03.19 01:51:00;SELL;4853.359;4883.047;4798.209;4790.832;4776.078;3.689;77.252;77.286;tp;350.555;256.462;cutoff;553.5
2026.03.19 23:10:00;SELL;4644.020;4671.954;4592.654;4585.758;4571.967;3.448;9.502;-27.935;sl;;;;
2026.03.20 01:07:00;BUY;4673.864;4645.703;4726.175;4733.172;4747.168;3.499;61.959;-28.189;sl;;;;
2026.03.20 11:33:00;BUY;4669.165;4630.264;4741.592;4751.273;4770.634;4.840;26.476;-38.920;sl;;;;
2026.03.20 13:53:00;SELL;4627.331;4677.661;4533.580;4521.052;4495.994;6.264;86.628;73.508;ea;;;;
2026.03.23 00:58:00;BUY;4356.768;4270.309;4518.252;4539.812;4582.933;10.780;97.397;-86.471;sl;;;;
2026.03.23 06:30:00;SELL;4243.741;4304.162;4131.105;4116.056;4085.960;7.524;145.118;-60.429;sl;;;;
2026.03.23 09:30:00;BUY;4304.266;4225.621;4450.971;4470.567;4509.758;9.798;4.099;-78.658;sl;;;;
2026.03.23 11:20:00;SELL;4394.917;4491.870;4214.699;4190.597;4142.394;12.051;57.986;-96.953;sl;;;;
2026.03.23 13:20:00;SELL;4423.391;4520.256;4242.673;4218.535;4170.260;12.069;72.133;59.574;ea;;;;
2026.03.23 09:53:00;BUY;4243.983;4168.145;4384.672;4403.500;4441.157;9.414;197.135;197.222;tp;268.918;119.470;cutoff;289.0
2026.03.22 23:22:00;SELL;4489.127;4548.451;4377.973;4363.149;4333.500;7.412;155.621;155.646;tp;390.504;125.310;cutoff;922.5
2026.03.23 23:08:00;BUY;4437.262;4392.109;4520.878;4532.075;4554.470;5.599;10.697;-45.191;sl;;;;
2026.03.24 00:39:00;SELL;4360.245;4409.446;4268.867;4256.643;4232.194;6.112;54.336;-49.215;sl;;;;
2026.03.24 07:11:00;BUY;4423.726;4366.866;4529.090;4543.197;4571.410;7.053;18.465;-56.873;sl;;;;
2026.03.24 12:40:00;SELL;4365.357;4416.243;4270.426;4257.746;4232.386;6.340;13.526;-50.893;sl;;;;
2026.03.24 15:01:00;SELL;4410.951;4474.219;4293.175;4277.432;4245.946;7.871;14.505;-1.168;ea;;;;
2026.03.25 01:51:00;BUY;4598.356;4561.656;4665.888;4674.952;4693.079;4.532;4.209;-36.730;sl;;;;
2026.03.25 05:44:00;BUY;4565.268;4544.233;4603.731;4608.904;4619.252;2.587;1.542;-21.070;sl;;;;
2026.03.25 06:22:00;BUY;4550.757;4522.383;4602.981;4609.989;4624.006;3.504;34.965;-28.374;sl;;;;
2026.03.25 12:38:00;BUY;4553.344;4518.160;4618.351;4627.063;4644.488;4.356;26.087;5.733;ea;;;;
2026.03.24 23:00:00;BUY;4485.083;4444.030;4559.774;4569.839;4589.968;5.032;104.874;104.899;tp;117.482;73.994;cutoff;860.8
2026.03.25 23:04:00;SELL;4509.128;4547.878;4437.380;4427.772;4408.555;4.804;96.515;70.770;ea;;;;
2026.03.26 23:06:00;SELL;4397.502;4432.868;4331.869;4323.087;4305.522;4.391;22.028;-35.366;sl;;;;
2026.03.27 02:11:00;BUY;4436.991;4406.800;4492.533;4499.988;4514.898;3.728;38.354;-30.209;sl;;;;
2026.03.27 11:09:00;SELL;4408.471;4431.980;4365.056;4359.236;4347.597;2.910;1.183;-23.538;sl;;;;
2026.03.27 15:14:00;BUY;4530.267;4477.534;4628.532;4641.662;4667.922;6.565;25.217;-6.188;ea;;;;
2026.03.27 12:30:00;BUY;4429.733;4402.991;4479.121;4485.741;4498.981;3.310;69.225;69.250;tp;125.751;94.346;cutoff;67.3
2026.03.29 23:06:00;SELL;4477.622;4522.200;4395.639;4384.634;4362.624;5.503;58.962;-44.598;sl;;;;
2026.03.30 06:10:00;BUY;4529.308;4502.500;4577.765;4584.310;4597.399;3.272;51.397;19.058;ea;;;;
2026.03.30 23:03:00;SELL;4502.777;4522.379;4466.610;4461.760;4452.061;2.425;10.132;-19.638;sl;;;;
2026.03.31 00:14:00;SELL;4518.147;4544.267;4469.802;4463.327;4450.376;3.238;35.298;-26.120;sl;;;;
2026.03.31 00:55:00;BUY;4542.583;4502.448;4616.812;4626.757;4646.646;4.972;87.662;66.966;ea;;;;
2026.04.01 15:35:00;BUY;4779.857;4742.988;4848.360;4857.523;4875.849;4.581;8.497;6.915;ea;;;;
2026.03.31 23:01:00;BUY;4680.354;4643.117;4750.240;4759.555;4778.185;4.658;97.811;97.833;tp;108.000;106.418;cutoff;27.4
2026.04.01 23:01:00;SELL;4774.490;4796.629;4734.428;4729.019;4718.202;2.704;0.480;-22.263;sl;;;;
2026.04.02 06:02:00;SELL;4587.068;4629.931;4506.236;4495.480;4473.968;5.378;33.023;-42.910;sl;;;;
2026.04.02 07:35:00;BUY;4632.003;4586.287;4717.079;4728.453;4751.199;5.687;19.239;-45.747;sl;;;;
2026.04.02 13:14:00;SELL;4590.770;4632.353;4513.788;4503.478;4482.858;5.155;9.829;-41.614;sl;;;;
2026.04.02 14:12:00;BUY;4656.299;4596.040;4768.675;4783.687;4813.710;7.506;43.601;4.625;ea;;;;
2026.04.02 01:20:00;SELL;4727.669;4773.074;4642.865;4631.543;4608.898;5.661;118.736;118.771;tp;173.624;66.465;cutoff;612.4
2026.04.01 23:38:00;SELL;4789.516;4813.813;4743.870;4737.788;4725.624;3.041;63.888;63.914;tp;235.471;128.312;cutoff;893.3
2026.04.05 23:00:00;BUY;4645.881;4596.089;4737.930;4750.264;4774.931;6.167;60.844;22.399;ea;;;;
2026.04.06 23:07:00;BUY;4661.086;4646.445;4687.695;4691.282;4698.456;1.793;0.363;-14.674;sl;;;;
2026.04.07 01:11:00;SELL;4636.246;4663.057;4587.655;4581.098;4567.985;3.278;19.721;-26.811;sl;;;;
2026.04.07 05:01:00;SELL;4660.229;4674.883;4633.532;4629.936;4622.744;1.798;37.191;-14.663;sl;;;;
2026.04.07 09:07:00;SELL;4681.890;4711.114;4628.072;4620.851;4606.409;3.611;74.349;26.222;ea;;;;
2026.04.07 23:21:00;BUY;4821.426;4754.978;4944.726;4961.225;4994.225;8.250;35.876;-66.453;sl;;;;
2026.04.08 14:54:00;SELL;4747.346;4794.328;4659.887;4648.197;4624.816;5.845;14.922;-9.564;ea;;;;
2026.04.08 23:02:00;SELL;4713.826;4737.293;4670.017;4664.167;4652.467;2.925;15.499;-23.478;sl;;;;
2026.04.09 15:36:00;BUY;4793.974;4763.367;4851.840;4859.533;4874.920;3.847;4.065;-1.172;ea;;;;
2026.04.09 10:51:00;BUY;4745.425;4727.288;4778.437;4782.885;4791.780;2.224;46.335;46.357;tp;52.614;47.377;cutoff;25.3
2026.04.09 23:00:00;BUY;4764.348;4745.231;4799.293;4803.994;4813.396;2.351;12.829;-19.157;sl;;;;
2026.04.10 02:41:00;BUY;4749.303;4725.127;4793.892;4799.872;4811.831;2.990;45.878;12.976;ea;;;;
2026.04.12 23:00:00;BUY;4659.132;4620.802;4730.193;4739.705;4758.730;4.756;85.653;55.156;ea;;;;
2026.04.13 23:22:00;SELL;4758.128;4773.709;4729.687;4725.859;4718.203;1.914;6.399;-15.605;sl;;;;
2026.04.14 01:08:00;BUY;4775.941;4754.112;4815.053;4820.352;4830.951;2.650;20.508;-21.839;sl;;;;
2026.04.14 10:51:00;BUY;4770.410;4747.434;4812.513;4818.173;4829.491;2.830;47.656;37.846;ea;;;;
2026.04.14 23:07:00;BUY;4843.001;4827.147;4871.870;4875.759;4883.537;1.944;28.421;-15.865;sl;;;;
2026.04.15 02:56:00;SELL;4822.192;4845.663;4779.153;4773.369;4761.802;2.892;35.863;20.283;ea;;;;
2026.04.15 23:14:00;BUY;4811.726;4797.923;4836.997;4840.395;4847.191;1.699;26.650;-13.833;sl;;;;
2026.04.16 14:06:00;SELL;4788.428;4814.990;4739.613;4733.059;4719.950;3.277;15.297;-18.530;ea;;;;
2026.04.16 23:02:00;SELL;4793.713;4804.963;4774.272;4771.603;4766.266;1.334;25.914;-11.266;sl;;;;
2026.04.17 05:01:00;BUY;4804.249;4794.469;4822.011;4824.406;4829.196;1.197;2.129;-9.792;sl;;;;
2026.04.17 05:59:00;SELL;4795.447;4809.235;4770.441;4767.067;4760.320;1.687;16.546;-13.806;sl;;;;
2026.04.17 11:56:00;SELL;4800.772;4816.862;4771.578;4767.641;4759.765;1.969;2.957;-16.091;sl;;;;
2026.04.17 13:22:00;SELL;4855.539;4893.967;4784.720;4775.221;4756.221;4.750;7.107;-12.293;ea;;;;
2026.04.17 12:37:00;BUY;4820.558;4801.785;4856.223;4860.957;4870.424;2.367;49.861;49.936;tp;69.308;46.914;cutoff;169.5
2026.04.19 23:17:00;SELL;4771.756;4804.386;4711.785;4703.733;4687.629;4.026;34.660;-32.631;sl;;;;
2026.04.20 02:00:00;SELL;4807.813;4833.131;4761.554;4755.330;4742.882;3.112;28.089;7.617;ea;;;;
2026.04.21 06:11:00;BUY;4788.423;4770.273;4821.473;4825.925;4834.830;2.226;9.703;-18.174;sl;;;;
2026.04.21 14:58:00;BUY;4737.332;4701.876;4802.839;4811.619;4829.178;4.390;20.216;4.127;ea;;;;
2026.04.21 12:31:00;SELL;4776.184;4795.099;4741.481;4736.818;4727.493;2.331;48.677;48.692;tp;52.599;34.445;cutoff;72.3
2026.04.20 23:09:00;SELL;4824.381;4840.063;4795.592;4791.725;4783.990;1.934;40.374;40.422;tp;100.796;82.642;cutoff;607.3
2026.04.22 03:38:00;SELL;4759.001;4771.534;4736.378;4733.321;4727.207;1.529;6.682;-12.561;sl;;;;
2026.04.22 05:39:00;BUY;4767.847;4754.038;4792.256;4795.580;4802.226;1.662;4.530;-13.810;sl;;;;
2026.04.22 08:37:00;SELL;4752.495;4765.943;4728.085;4724.793;4718.209;1.646;27.349;24.379;ea;;;;
2026.04.21 23:02:00;BUY;4721.699;4705.987;4751.199;4755.130;4762.993;1.966;41.264;41.312;tp;50.678;6.137;cutoff;750.4
2026.04.22 23:00:00;SELL;4726.131;4737.559;4705.327;4702.524;4696.918;1.401;29.201;29.218;tp;31.865;-11.428;sl;10.8
2026.04.23 00:26:00;BUY;4734.364;4713.586;4772.351;4777.461;4787.681;2.555;19.457;-20.783;sl;;;;
2026.04.23 02:23:00;BUY;4717.986;4693.319;4763.635;4769.749;4781.978;3.057;0.000;-24.670;sl;;;;
2026.04.23 05:43:00;SELL;4702.205;4716.608;4676.277;4672.770;4665.756;1.754;0.662;-14.418;sl;;;;
2026.04.23 06:03:00;BUY;4716.675;4700.599;4746.692;4750.700;4758.716;2.004;8.344;-16.107;sl;;;;
2026.04.23 09:24:00;BUY;4701.422;4682.773;4734.903;4739.436;4748.502;2.267;41.793;19.052;ea;;;;
2026.04.23 23:01:00;BUY;4695.421;4682.158;4719.554;4722.805;4729.309;1.626;15.809;-13.268;sl;;;;
2026.04.24 02:35:00;BUY;4689.114;4668.606;4727.786;4732.932;4743.224;2.573;0.190;-20.523;sl;;;;
2026.04.24 03:13:00;SELL;4669.800;4689.724;4632.987;4628.053;4618.186;2.467;11.939;-19.959;sl;;;;
2026.04.24 08:20:00;BUY;4693.333;4678.035;4721.306;4725.069;4732.595;1.881;4.082;-15.338;sl;;;;
2026.04.24 10:55:00;SELL;4677.308;4692.247;4650.123;4646.460;4639.134;1.831;0.239;-14.978;sl;;;;
2026.04.24 11:24:00;BUY;4707.615;4685.345;4748.819;4754.339;4765.378;2.760;32.733;19.385;ea;;;;
2026.04.27 13:12:00;BUY;4697.748;4679.704;4730.554;4734.976;4743.820;2.211;5.588;-18.044;sl;;;;
2026.04.27 15:03:00;SELL;4673.195;4696.144;4630.941;4625.271;4613.932;2.835;5.966;2.791;ea;;;;
2026.04.27 04:26:00;SELL;4726.252;4738.179;4704.531;4701.605;4695.753;1.463;30.498;30.547;tp;59.023;55.848;cutoff;178.5
2026.04.26 23:07:00;BUY;4684.052;4666.947;4715.308;4719.514;4727.924;2.103;43.835;43.914;tp;46.093;-13.928;cutoff;736.4
2026.04.27 23:01:00;BUY;4687.876;4679.224;4703.691;4705.818;4710.074;1.064;13.569;-8.681;sl;;;;
2026.04.28 02:18:00;BUY;4679.224;4663.113;4708.602;4712.558;4720.469;1.978;0.335;-16.189;sl;;;;
2026.04.28 05:21:00;BUY;4658.035;4645.232;4681.222;4684.351;4690.611;1.565;1.499;-12.815;sl;;;;
2026.04.28 12:12:00;BUY;4575.554;4546.238;4629.504;4636.745;4651.226;3.620;24.598;10.877;ea;;;;
2026.04.28 11:09:00;SELL;4602.824;4621.356;4568.718;4564.140;4554.986;2.289;47.823;47.849;tp;47.903;16.113;cutoff;238.3
2026.04.28 05:35:00;SELL;4644.526;4660.196;4616.119;4612.287;4604.621;1.916;39.891;39.933;tp;89.605;57.815;cutoff;301.4
2026.04.28 23:06:00;SELL;4591.470;4600.053;4575.506;4573.371;4569.102;1.067;3.334;-8.610;sl;;;;
2026.04.29 13:55:00;BUY;4521.039;4491.474;4575.493;4582.799;4597.412;3.653;37.732;26.776;ea;;;;
2026.04.29 07:43:00;SELL;4570.740;4589.851;4534.964;4530.191;4520.645;2.386;50.073;50.120;tp;60.373;22.645;cutoff;139.4
2026.04.29 00:21:00;SELL;4601.447;4613.721;4579.074;4576.062;4570.036;1.506;31.357;31.418;tp;91.080;53.352;cutoff;513.3
2026.04.29 23:02:00;BUY;4552.894;4540.875;4574.656;4577.593;4583.468;1.469;29.678;-12.027;sl;;;;
2026.04.30 04:59:00;SELL;4542.823;4557.695;4515.965;4512.336;4505.078;1.814;0.646;-14.908;sl;;;;
2026.04.30 08:05:00;BUY;4627.028;4604.492;4667.587;4673.074;4684.047;2.743;20.014;-11.585;ea;;;;
2026.04.30 05:33:00;BUY;4561.148;4545.591;4589.737;4593.576;4601.253;1.919;40.029;40.134;tp;85.894;54.295;cutoff;483.4
2026.05.01 06:28:00;SELL;4594.693;4609.211;4568.461;4564.918;4557.831;1.772;34.647;-14.523;sl;;;;
2026.04.30 23:04:00;SELL;4628.962;4641.047;4607.277;4604.341;4598.468;1.468;30.479;30.544;tp;68.916;-12.085;sl;462.8
2026.05.01 13:54:00;BUY;4615.118;4590.755;4660.160;4666.195;4678.266;3.018;45.167;27.853;ea;;;;
2026.05.04 10:35:00;BUY;4557.887;4531.580;4606.244;4612.736;4625.721;3.246;25.489;-26.316;sl;;;;
2026.05.04 15:49:00;SELL;4527.006;4565.097;4456.230;4446.763;4427.830;4.733;14.684;5.352;ea;;;;
2026.05.03 23:11:00;SELL;4615.058;4633.347;4581.408;4576.892;4567.859;2.258;47.178;47.201;tp;102.736;93.404;cutoff;357.5
2026.05.05 02:49:00;BUY;4546.457;4532.436;4571.337;4574.719;4581.485;1.691;0.390;-14.060;sl;;;;
2026.05.05 04:21:00;SELL;4530.432;4540.471;4511.440;4508.915;4503.867;1.262;2.188;-10.040;sl;;;;
2026.05.05 05:17:00;SELL;4539.340;4551.685;4517.001;4513.985;4507.953;1.508;3.419;-12.389;sl;;;;
2026.05.05 06:04:00;BUY;4546.691;4530.708;4576.098;4580.044;4587.938;1.973;39.983;21.908;ea;;;;
2026.05.04 23:03:00;BUY;4518.125;4507.514;4537.267;4539.854;4545.028;1.294;26.894;26.941;tp;68.549;50.474;cutoff;796.5
2026.05.06 11:04:00;SELL;4712.325;4735.532;4669.615;4663.883;4652.419;2.866;52.009;24.173;ea;;;;
2026.05.06 06:27:00;BUY;4666.596;4648.687;4699.344;4703.748;4712.558;2.202;45.908;45.985;tp;56.478;21.276;cutoff;319.0
2026.05.06 00:59:00;BUY;4618.290;4600.417;4651.215;4655.632;4664.467;2.209;46.173;46.189;tp;104.784;69.582;cutoff;599.0
2026.05.05 23:01:00;BUY;4572.961;4558.604;4599.917;4603.509;4610.694;1.796;37.685;37.743;tp;150.113;114.911;cutoff;918.4
2026.05.06 23:14:00;SELL;4694.255;4706.656;4671.807;4668.777;4662.716;1.515;8.798;-12.406;sl;;;;
2026.05.07 01:27:00;SELL;4704.757;4726.541;4664.542;4659.151;4648.369;2.696;12.314;-21.830;sl;;;;
2026.05.07 06:55:00;SELL;4736.727;4758.037;4697.493;4692.228;4681.699;2.632;14.903;-21.318;sl;;;;
2026.05.07 13:49:00;SELL;4743.628;4770.182;4694.811;4688.257;4675.149;3.277;17.282;14.325;ea;;;;
2026.05.07 23:04:00;BUY;4689.425;4663.656;4737.163;4743.555;4756.339;3.196;60.207;17.626;ea;;;;
2026.05.10 23:11:00;SELL;4692.135;4713.799;4652.332;4646.987;4636.297;2.672;43.814;-21.703;sl;;;;
2026.05.11 13:39:00;BUY;4739.016;4708.575;4795.471;4803.028;4818.140;3.778;9.612;-6.738;ea;;;;
2026.05.11 23:09:00;BUY;4753.767;4740.061;4778.709;4782.070;4788.792;1.680;19.903;-13.712;sl;;;;
2026.05.12 15:35:00;BUY;4663.101;4631.820;4721.618;4729.427;4745.044;3.904;7.000;2.849;ea;;;;
2026.05.12 01:37:00;SELL;4730.308;4757.114;4681.038;4674.422;4661.192;3.308;69.098;69.124;tp;92.028;64.078;cutoff;41.5
2026.05.12 23:08:00;BUY;4720.443;4706.404;4745.841;4749.270;4756.129;1.715;6.620;-14.085;sl;;;;
2026.05.13 01:30:00;SELL;4704.523;4724.876;4666.654;4661.592;4651.466;2.531;34.868;8.845;ea;;;;
2026.05.13 23:11:00;BUY;4701.896;4691.976;4718.967;4721.315;4726.009;1.174;0.399;-9.970;sl;;;;
2026.05.14 00:13:00;BUY;4697.409;4685.964;4718.069;4720.861;4726.445;1.396;9.590;-11.485;sl;;;;
2026.05.14 01:40:00;SELL;4688.953;4712.386;4646.518;4640.790;4629.335;2.864;20.688;-23.451;sl;;;;
2026.05.14 05:03:00;SELL;4701.046;4719.919;4666.555;4661.915;4652.634;2.320;34.279;15.123;ea;;;;
2026.05.15 00:48:00;BUY;4626.498;4598.169;4678.603;4685.597;4699.586;3.497;4.945;-28.333;sl;;;;
2026.05.15 13:55:00;BUY;4534.678;4500.918;4597.352;4605.737;4622.509;4.193;31.891;5.098;ea;;;;
2026.05.15 05:21:00;SELL;4582.145;4601.968;4545.561;4540.657;4530.847;2.452;51.291;51.335;tp;70.678;42.089;cutoff;142.4
2026.05.14 23:10:00;SELL;4661.203;4672.764;4640.340;4637.521;4631.882;1.410;29.296;29.324;tp;149.736;121.147;cutoff;934.4
2026.05.17 23:07:00;SELL;4541.927;4564.712;4499.049;4493.339;4481.919;2.855;59.995;60.046;tp;61.368;-22.785;sl;657.3
2026.05.18 01:00:00;BUY;4516.064;4476.584;4589.111;4598.895;4618.465;4.892;68.295;27.688;ea;;;;
2026.05.18 23:13:00;BUY;4582.304;4570.418;4604.118;4607.049;4612.910;1.465;7.083;-11.943;sl;;;;
2026.05.19 13:20:00;SELL;4517.307;4542.111;4471.427;4465.281;4452.988;3.073;52.525;8.427;ea;;;;
2026.05.19 00:36:00;SELL;4574.466;4594.348;4538.580;4533.730;4524.031;2.425;50.432;50.484;tp;109.684;65.586;cutoff;175.3
2026.05.19 23:05:00;BUY;4483.629;4470.798;4506.643;4509.760;4515.994;1.558;25.406;-12.851;sl;;;;
2026.05.20 01:51:00;BUY;4483.098;4450.430;4542.786;4550.817;4566.879;4.015;69.982;46.153;ea;;;;
2026.05.20 23:07:00;BUY;4541.722;4529.488;4564.538;4567.586;4573.681;1.524;29.238;-12.261;sl;;;;
2026.05.21 04:06:00;BUY;4533.596;4517.950;4561.677;4565.479;4573.084;1.901;7.036;-15.656;sl;;;;
2026.05.21 07:16:00;SELL;4518.925;4538.771;4482.337;4477.430;4467.615;2.454;7.043;-19.881;sl;;;;
2026.05.21 09:27:00;SELL;4535.954;4555.072;4500.975;4496.271;4486.863;2.352;47.279;23.629;ea;;;;
2026.05.22 06:25:00;BUY;4523.071;4504.249;4556.882;4561.459;4570.613;2.288;13.794;-18.829;sl;;;;
2026.05.22 14:02:00;SELL;4507.407;4530.459;4465.209;4459.535;4448.187;2.837;15.575;-13.043;ea;;;;
2026.05.21 23:22:00;SELL;4540.371;4549.658;4523.758;4521.505;4517.001;1.126;23.368;23.400;tp;48.539;19.921;cutoff;603.4
2026.05.24 23:01:00;BUY;4567.528;4547.180;4604.658;4609.656;4619.652;2.499;12.474;3.487;ea;;;;
2026.05.25 23:10:00;BUY;4576.376;4566.816;4593.496;4595.816;4600.456;1.160;3.974;-9.590;sl;;;;
2026.05.26 00:21:00;SELL;4544.848;4562.847;4512.091;4507.677;4498.850;2.207;43.941;37.895;ea;;;;
2026.05.26 23:13:00;SELL;4509.429;4526.891;4477.493;4473.197;4464.606;2.148;4.795;-17.510;sl;;;;
2026.05.27 12:15:00;SELL;4430.290;4456.848;4381.611;4375.069;4361.984;3.271;2.713;-26.585;sl;;;;
2026.05.27 12:48:00;SELL;4445.311;4476.911;4386.759;4378.920;4363.241;3.920;43.831;8.663;ea;;;;
2026.05.27 06:32:00;SELL;4482.706;4503.436;4445.295;4440.239;4430.127;2.528;52.551;52.597;tp;81.226;46.058;cutoff;242.4
2026.05.26 23:59:00;SELL;4518.969;4534.578;4491.528;4487.784;4480.297;1.872;38.669;38.696;tp;117.489;82.321;cutoff;568.3
2026.05.28 01:43:00;SELL;4419.164;4442.134;4377.064;4371.406;4360.089;2.829;52.638;-23.005;sl;;;;
2026.05.27 23:09:00;SELL;4451.905;4465.030;4428.270;4425.073;4418.680;1.598;33.212;33.230;tp;85.379;-13.125;sl;767.6
2026.05.28 14:36:00;SELL;4457.822;4495.414;4388.314;4379.001;4360.375;4.657;4.800;-24.901;ea;;;;
2026.05.29 15:04:00;BUY;4575.707;4543.884;4634.749;4642.650;4658.453;3.951;19.496;-4.425;ea;;;;
2026.05.29 06:03:00;BUY;4520.339;4505.575;4547.377;4551.012;4558.282;1.817;37.909;37.943;tp;74.864;50.943;cutoff;67.3
2026.05.28 23:18:00;BUY;4496.704;4487.172;4514.631;4517.019;4521.795;1.194;25.059;25.098;tp;98.499;74.578;cutoff;599.3
2026.05.31 23:15:00;BUY;4542.614;4525.230;4574.505;4578.790;4587.359;2.142;3.559;-17.398;sl;;;;
2026.06.01 13:21:00;SELL;4478.018;4505.265;4427.917;4421.191;4407.739;3.363;30.223;3.597;ea;;;;
2026.06.01 01:58:00;SELL;4525.291;4545.431;4489.066;4484.165;4474.362;2.451;50.909;50.935;tp;77.496;50.870;cutoff;167.3
2026.06.01 23:10:00;SELL;4485.338;4495.507;4467.074;4464.602;4459.657;1.236;8.444;-10.192;sl;;;;
2026.06.02 00:44:00;SELL;4486.070;4501.210;4458.592;4454.886;4447.474;1.853;23.114;-15.177;sl;;;;
2026.06.02 04:12:00;BUY;4505.174;4488.997;4534.535;4538.495;4546.414;1.980;36.379;-2.987;ea;;;;
2026.06.02 23:48:00;BUY;4472.146;4451.834;4509.547;4514.565;4524.602;2.509;24.535;-20.338;sl;;;;
2026.06.03 08:20:00;SELL;4453.886;4472.512;4419.610;4415.010;4405.809;2.300;27.462;11.670;ea;;;;
2026.06.04 11:47:00;BUY;4497.154;4479.005;4530.203;4534.655;4543.559;2.226;18.363;-18.163;sl;;;;
2026.06.04 15:05:00;BUY;4470.488;4442.639;4521.898;4528.790;4542.574;3.446;8.767;6.775;ea;;;;
2026.06.03 23:25:00;BUY;4449.712;4432.254;4481.624;4485.917;4494.503;2.147;44.777;44.810;tp;65.805;27.551;cutoff;253.7
2026.06.05 06:17:00;SELL;4432.389;4449.275;4400.924;4396.720;4388.311;2.102;3.628;-16.926;sl;;;;
2026.06.05 06:49:00;BUY;4454.844;4434.934;4490.531;4495.365;4505.034;2.417;21.067;-19.942;sl;;;;
2026.06.05 13:57:00;SELL;4379.138;4420.763;4302.578;4292.301;4271.747;5.138;44.951;43.345;ea;;;;
2026.06.05 12:51:00;SELL;4437.270;4460.494;4394.683;4388.960;4377.514;2.861;59.752;59.784;tp;103.083;101.477;cutoff;123.3
2026.06.04 23:21:00;SELL;4468.521;4481.829;4444.212;4440.941;4434.399;1.636;34.082;34.127;tp;134.334;132.728;cutoff;584.4
2026.06.07 23:11:00;BUY;4326.678;4299.316;4377.839;4384.667;4398.323;3.414;26.626;-27.407;sl;;;;
2026.06.08 05:46:00;SELL;4288.029;4312.943;4242.768;4236.666;4224.461;3.051;2.299;-24.914;sl;;;;
2026.06.08 07:38:00;SELL;4306.458;4332.791;4258.234;4251.751;4238.784;3.242;33.255;-26.337;sl;;;;
2026.06.08 11:53:00;BUY;4327.186;4300.782;4375.724;4382.240;4395.274;3.258;19.649;14.383;ea;;;;
2026.06.08 23:06:00;SELL;4326.407;4335.673;4309.583;4307.314;4302.777;1.134;13.314;-9.293;sl;;;;
2026.06.09 01:56:00;BUY;4334.786;4314.120;4372.567;4377.649;4387.814;2.541;28.677;-20.679;sl;;;;
2026.06.09 14:26:00;BUY;4322.764;4291.953;4379.578;4387.197;4402.436;3.810;1.102;-30.814;sl;;;;
2026.06.09 15:24:00;SELL;4286.869;4324.134;4217.911;4208.674;4190.201;4.618;23.660;14.290;ea;;;;
2026.06.09 23:04:00;BUY;4245.999;4228.815;4277.431;4281.658;4290.113;2.114;1.257;-17.211;sl;;;;
2026.06.10 15:50:00;SELL;4117.999;4158.656;4043.230;4033.193;4013.119;5.019;11.011;-10.911;ea;;;;
2026.06.10 08:04:00;SELL;4166.694;4188.729;4126.187;4120.748;4109.871;2.719;56.809;56.827;tp;59.706;37.784;cutoff;11.3
2026.06.09 23:26:00;SELL;4225.198;4245.982;4187.603;4182.527;4172.374;2.538;52.821;52.866;tp;118.210;96.288;cutoff;476.6
2026.06.10 23:09:00;SELL;4043.730;4073.040;3990.153;3982.945;3968.530;3.604;19.697;-29.326;sl;;;;
2026.06.11 00:43:00;BUY;4072.927;4027.284;4157.297;4168.603;4191.214;5.653;45.360;15.808;ea;;;;
2026.06.11 23:23:00;SELL;4221.594;4248.298;4172.438;4165.841;4152.648;3.298;51.327;9.371;ea;;;;
2026.06.14 23:00:00;SELL;4285.495;4316.419;4228.322;4220.662;4205.340;3.830;4.141;-30.947;sl;;;;
2026.06.15 02:03:00;BUY;4321.471;4293.840;4373.234;4380.137;4393.945;3.452;47.832;34.875;ea;;;;
2026.06.16 09:19:00;SELL;4343.455;4357.886;4318.122;4314.664;4307.749;1.729;30.187;7.871;ea;;;;
2026.06.15 23:05:00;BUY;4315.433;4302.670;4338.771;4341.910;4348.188;1.570;32.754;32.790;tp;39.546;19.891;cutoff;410.3
2026.06.16 23:03:00;SELL;4334.145;4343.584;4317.892;4315.658;4311.190;1.117;5.506;-9.464;sl;;;;
2026.06.17 01:17:00;SELL;4345.699;4361.094;4317.788;4314.022;4306.490;1.883;28.359;-15.427;sl;;;;
2026.06.17 14:38:00;SELL;4352.288;4374.493;4311.707;4306.247;4295.327;2.730;21.235;-11.330;ea;;;;
2026.06.17 23:01:00;SELL;4265.238;4283.522;4232.713;4228.295;4219.458;2.209;0.854;-18.295;sl;;;;
2026.06.18 01:14:00;BUY;4326.734;4298.935;4377.885;4384.750;4398.481;3.433;3.156;-27.820;sl;;;;
2026.06.17 23:24:00;BUY;4281.536;4263.483;4314.540;4318.980;4327.860;2.220;46.300;46.327;tp;48.354;-18.053;sl;476.8
2026.06.18 11:11:00;SELL;4243.278;4261.844;4209.775;4205.247;4196.191;2.264;3.324;-18.577;sl;;;;
2026.06.18 12:28:00;SELL;4254.715;4277.906;4212.175;4206.459;4195.027;2.858;31.563;27.753;ea;;;;
2026.06.18 06:08:00;SELL;4298.421;4316.555;4265.387;4260.937;4252.038;2.225;46.320;46.412;tp;75.269;71.459;cutoff;298.5
2026.06.19 03:43:00;SELL;4158.637;4174.521;4129.723;4125.827;4118.036;1.948;36.774;-15.886;sl;;;;
2026.06.19 08:41:00;SELL;4167.547;4185.598;4134.127;4129.652;4120.700;2.238;25.552;16.373;ea;;;;
2026.06.18 23:17:00;SELL;4195.907;4209.921;4169.988;4166.516;4159.571;1.736;36.330;36.365;tp;74.044;44.733;cutoff;737.4
2026.06.21 23:16:00;SELL;4155.852;4172.529;4125.393;4121.294;4113.096;2.049;19.145;-16.679;sl;;;;
2026.06.22 00:44:00;BUY;4175.154;4149.290;4223.065;4229.480;4242.310;3.208;46.163;7.483;ea;;;;
2026.06.22 23:03:00;BUY;4192.528;4184.308;4207.193;4209.183;4213.163;0.995;2.866;-8.230;sl;;;;
2026.06.23 00:33:00;BUY;4185.239;4172.263;4208.667;4211.833;4218.164;1.583;13.432;-12.999;sl;;;;
2026.06.23 06:19:00;BUY;4122.923;4094.205;4176.173;4183.301;4197.556;3.564;2.478;-28.737;sl;;;;
2026.06.23 08:23:00;BUY;4099.626;4075.362;4144.213;4150.200;4162.175;2.994;45.408;38.876;ea;;;;
2026.06.23 01:35:00;SELL;4169.365;4191.128;4129.145;4123.755;4112.976;2.695;56.366;56.413;tp;78.426;30.603;cutoff;589.5
2026.06.24 02:39:00;SELL;4062.820;4091.394;4009.894;4002.808;3988.634;3.543;12.311;-28.584;sl;;;;
2026.06.24 12:26:00;SELL;4008.978;4038.991;3952.612;3945.101;3930.078;3.756;44.432;-30.013;sl;;;;
2026.06.24 14:16:00;SELL;4016.824;4070.528;3917.014;3903.665;3876.967;6.675;19.488;14.018;ea;;;;
2026.06.24 06:19:00;SELL;4086.535;4109.625;4044.139;4038.445;4027.056;2.847;59.474;59.505;tp;121.989;83.729;cutoff;214.8
2026.06.23 23:02:00;SELL;4102.420;4118.013;4074.184;4070.373;4062.751;1.906;39.640;39.682;tp;137.874;99.614;cutoff;801.4
2026.06.24 23:09:00;SELL;3992.144;4007.213;3964.404;3960.682;3953.237;1.861;0.003;-15.119;sl;;;;
2026.06.25 00:07:00;BUY;4013.933;3995.402;4047.774;4052.328;4061.436;2.277;2.552;-18.545;sl;;;;
2026.06.25 00:49:00;SELL;3979.872;4003.669;3936.274;3930.413;3918.693;2.930;0.000;-23.821;sl;;;;
2026.06.25 01:21:00;BUY;3999.343;3967.762;4057.956;4065.799;4081.485;3.921;0.720;-31.599;sl;;;;
2026.06.25 02:19:00;BUY;3975.613;3939.037;4044.230;4053.377;4071.671;4.574;67.123;65.449;ea;;;;
2026.06.26 02:56:00;SELL;3983.990;4006.439;3942.755;3937.218;3926.142;2.769;0.755;-22.466;sl;;;;
2026.06.26 04:07:00;SELL;3999.952;4020.677;3961.824;3956.706;3946.471;2.559;0.043;-20.732;sl;;;;
2026.06.26 05:47:00;SELL;4007.816;4025.554;3975.241;3970.866;3962.116;2.188;2.027;-17.748;sl;;;;
2026.06.25 23:10:00;SELL;4022.902;4038.629;3994.675;3990.853;3983.209;1.911;39.658;39.699;tp;39.781;-15.727;sl;272.3
2026.06.26 14:33:00;SELL;4083.591;4116.900;4021.594;4013.307;3996.732;4.144;7.794;-7.101;ea;;;;
2026.06.26 06:49:00;BUY;4025.860;4003.634;4067.385;4072.928;4084.015;2.772;58.133;58.161;tp;70.194;64.592;cutoff;107.3
2026.06.28 23:16:00;SELL;4063.021;4089.267;4014.382;4007.870;3994.846;3.256;62.633;35.681;ea;;;;
2026.06.29 23:06:00;BUY;4019.114;4007.641;4039.983;4042.795;4048.420;1.406;3.372;-11.492;sl;;;;
2026.06.30 01:08:00;SELL;3945.163;3969.378;3900.870;3894.913;3882.999;2.979;0.176;-24.221;sl;;;;
2026.06.30 00:20:00;SELL;4005.803;4020.324;3979.128;3975.546;3968.381;1.791;37.406;37.445;tp;63.464;-14.521;sl;325.8
2026.06.30 14:37:00;SELL;4051.742;4083.017;3993.946;3986.200;3970.710;3.873;29.374;21.973;ea;;;;
2026.06.30 01:21:00;BUY;3973.824;3942.354;4031.978;4039.772;4055.359;3.897;81.519;81.545;tp;89.613;55.705;cutoff;96.7
2026.06.30 23:08:00;BUY;4018.288;4006.503;4039.815;4042.712;4048.505;1.448;0.000;-11.817;sl;;;;
2026.07.01 01:23:00;BUY;3984.183;3965.026;4019.274;4023.991;4033.426;2.359;4.295;-19.161;sl;;;;
2026.06.30 23:50:00;SELL;4007.546;4019.106;3986.378;3983.532;3977.840;1.423;29.692;29.730;tp;47.318;-11.560;sl;594.1
2026.07.01 14:10:00;BUY;4094.460;4051.379;4174.363;4185.057;4206.446;5.347;21.276;-13.219;ea;;;;
2026.07.01 11:20:00;BUY;4022.959;4006.730;4052.845;4056.855;4064.875;2.005;41.892;41.928;tp;92.777;58.282;cutoff;141.3
2026.07.01 06:21:00;BUY;3968.288;3950.735;4000.357;4004.671;4013.301;2.157;44.968;45.015;tp;147.448;112.953;cutoff;289.3
2026.07.01 23:00:00;BUY;4045.142;4033.056;4067.225;4070.197;4076.139;1.486;0.000;-12.116;sl;;;;
2026.07.02 00:02:00;SELL;4033.400;4044.642;4012.873;4010.111;4004.586;1.381;2.576;-11.280;sl;;;;
2026.07.02 12:38:00;BUY;4133.640;4104.318;4188.128;4195.416;4209.991;3.644;10.492;-5.175;ea;;;;
2026.07.02 00:24:00;BUY;4043.591;4028.954;4070.285;4073.879;4081.067;1.797;37.443;37.648;tp;100.541;84.874;cutoff;209.7
2026.07.03 01:20:00;BUY;4179.777;4153.282;4229.098;4235.691;4248.876;3.296;15.729;-14.892;ea;;;;
2026.07.02 23:05:00;BUY;4125.402;4116.147;4141.370;4143.563;4147.950;1.097;22.537;22.586;tp;70.104;39.483;cutoff;908.3
2026.07.05 23:00:00;BUY;4188.541;4171.353;4220.214;4224.463;4232.961;2.124;13.732;-17.204;sl;;;;
2026.07.06 00:02:00;SELL;4173.958;4194.659;4135.989;4130.887;4120.683;2.551;2.875;-20.706;sl;;;;
2026.07.06 01:59:00;SELL;4187.607;4216.490;4134.289;4127.141;4112.845;3.574;58.955;39.127;ea;;;;
2026.07.07 01:01:00;SELL;4145.168;4161.194;4115.715;4111.760;4103.851;1.977;28.537;-16.035;sl;;;;
2026.07.06 23:09:00;SELL;4163.221;4170.584;4149.735;4147.922;4144.296;0.906;18.905;18.925;tp;46.590;-7.363;sl;669.2
2026.07.07 12:23:00;SELL;4166.347;4185.053;4132.069;4127.461;4118.247;2.304;30.462;27.184;ea;;;;
2026.07.07 23:08:00;BUY;4105.690;4090.654;4133.736;4137.482;4144.975;1.873;28.390;-15.054;sl;;;;
2026.07.08 15:39:00;BUY;4031.127;3999.985;4088.281;4095.959;4111.315;3.839;7.467;3.006;ea;;;;
2026.07.08 08:26:00;SELL;4087.908;4111.149;4044.440;4038.640;4027.038;2.900;60.843;60.872;tp;65.977;53.535;cutoff;35.3
2026.07.08 23:15:00;BUY;4077.228;4065.442;4098.620;4101.505;4107.275;1.443;12.765;-11.797;sl;;;;
2026.07.09 01:12:00;BUY;4075.497;4054.431;4115.191;4120.475;4131.042;2.642;7.276;-21.125;sl;;;;
2026.07.09 03:19:00;SELL;4055.857;4072.346;4026.111;4022.091;4014.050;2.010;1.571;-16.513;sl;;;;
2026.07.09 05:21:00;SELL;4067.391;4082.285;4041.025;4037.437;4030.262;1.794;2.531;-14.897;sl;;;;
2026.07.09 06:16:00;BUY;4094.154;4073.024;4133.229;4138.464;4148.934;2.618;42.079;32.655;ea;;;;
2026.07.09 23:32:00;SELL;4121.379;4129.564;4107.479;4105.558;4101.718;0.960;6.956;-8.193;sl;;;;
2026.07.10 14:34:00;SELL;4087.984;4114.537;4038.692;4032.096;4018.906;3.298;1.951;-25.189;ea;;;;
2026.07.10 01:07:00;SELL;4120.214;4135.509;4092.065;4088.287;4080.732;1.889;39.449;39.482;tp;47.304;7.041;cutoff;87.0
2026.07.13 14:17:00;SELL;4013.450;4040.291;3963.416;3956.732;3943.362;3.342;13.052;-2.639;ea;;;;
2026.07.12 23:01:00;SELL;4072.807;4094.445;4032.684;4027.313;4016.572;2.685;56.174;56.240;tp;72.409;56.718;cutoff;103.3
2026.07.13 23:15:00;SELL;4000.226;4009.888;3983.019;3980.683;3976.010;1.168;16.679;-9.684;sl;;;;
2026.07.14 12:31:00;BUY;4088.684;4066.683;4129.800;4135.289;4146.266;2.744;14.382;-22.021;sl;;;;
2026.07.14 15:53:00;SELL;4068.872;4095.683;4018.984;4012.314;3998.975;3.335;4.201;2.183;ea;;;;
2026.07.14 02:10:00;BUY;4012.022;3989.194;4053.648;4059.252;4070.462;2.802;58.237;58.458;tp;91.044;54.427;cutoff;209.4
2026.07.14 23:13:00;SELL;4047.455;4056.489;4031.760;4029.610;4025.309;1.075;0.585;-9.037;sl;;;;
2026.07.14 23:45:00;BUY;4055.142;4045.792;4070.885;4073.067;4077.431;1.091;6.888;-9.353;sl;;;;
2026.07.15 02:01:00;SELL;4035.824;4054.382;4001.838;3997.268;3988.130;2.285;18.340;-18.563;sl;;;;
2026.07.15 12:48:00;BUY;4062.588;4044.623;4095.327;4099.737;4108.555;2.205;11.674;-17.996;sl;;;;
2026.07.15 15:29:00;BUY;4047.939;4028.483;4083.901;4088.720;4098.358;2.409;3.036;-1.068;ea;;;;
2026.07.15 23:08:00;BUY;4061.085;4051.886;4077.644;4079.884;4084.363;1.120;1.079;-9.222;sl;;;;
2026.07.16 12:59:00;SELL;3994.376;4026.060;3936.431;3928.638;3913.050;3.897;20.544;-12.750;ea;;;;
2026.07.16 01:29:00;SELL;4036.102;4053.504;4004.301;4000.022;3991.465;2.139;44.627;44.669;tp;62.270;28.976;cutoff;181.9
2026.07.16 23:09:00;BUY;3979.067;3969.882;3995.682;3997.925;4002.412;1.122;23.316;23.352;tp;29.898;-9.185;sl;563.8
2026.07.17 03:32:00;SELL;3999.383;4018.472;3964.140;3959.415;3949.966;2.362;39.783;-19.110;sl;;;;
2026.07.19 23:00:00;SELL;3994.967;4010.627;3966.415;3962.571;3954.881;1.922;12.101;-15.669;sl;;;;
2026.07.20 01:01:00;BUY;4009.261;3988.199;4048.415;4053.651;4064.123;2.618;31.504;2.558;ea;;;;
2026.07.21 01:39:00;SELL;4025.752;4045.913;3988.803;3983.837;3973.905;2.483;4.265;-20.201;sl;;;;
2026.07.21 03:27:00;BUY;4047.712;4030.820;4078.525;4082.674;4090.970;2.074;36.558;26.475;ea;;;;
2026.07.20 23:04:00;BUY;4004.576;3993.637;4024.250;4026.912;4032.236;1.331;27.635;27.681;tp;79.694;69.611;cutoff;880.5
2026.07.22 14:01:00;BUY;4155.818;4132.107;4199.741;4205.622;4217.385;2.941;10.263;3.363;ea;;;;
2026.07.22 01:01:00;BUY;4107.913;4090.310;4140.450;4144.810;4153.531;2.180;45.611;45.635;tp;58.168;51.268;cutoff;120.5
2026.07.21 23:16:00;BUY;4081.569;4072.475;4097.988;4100.206;4104.643;1.109;23.053;23.085;tp;84.512;77.612;cutoff;899.5
2026.07.22 23:02:00;SELL;4120.095;4138.532;4087.038;4082.560;4073.605;2.239;3.274;-18.447;sl;;;;
2026.07.23 01:01:00;BUY;4137.683;4122.386;4165.530;4169.282;4176.785;1.876;3.474;-15.320;sl;;;;
2026.07.23 12:49:00;SELL;4063.566;4085.614;4023.077;4017.639;4006.763;2.719;23.369;14.676;ea;;;;
2026.07.23 01:54:00;SELL;4118.350;4138.522;4081.324;4076.350;4066.403;2.487;51.945;51.970;tp;78.153;69.460;cutoff;202.5
2026.07.23 23:06:00;SELL;4049.032;4055.081;4038.657;4037.229;4034.372;0.714;14.635;14.672;tp;26.948;-6.049;sl;354.2
2026.07.24 14:19:00;SELL;4057.176;4078.097;4018.056;4012.835;4002.393;2.610;0.778;-20.930;sl;;;;
2026.07.24 15:40:00;BUY;4077.921;4056.605;4117.518;4122.814;4133.408;2.648;1.654;-0.354;ea;;;;
2026.07.24 03:07:00;BUY;4027.679;4011.718;4056.769;4060.687;4068.522;1.959;40.837;40.868;tp;54.423;49.888;cutoff;120.3
2026.07.26 23:04:00;SELL;4087.706;4104.265;4058.248;4054.247;4046.244;2.001;3.883;-16.562;sl;;;;
2026.07.27 00:03:00;BUY;4103.112;4090.795;4125.183;4128.173;4134.154;1.495;13.180;-12.329;sl;;;;
2026.07.27 00:51:00;BUY;4109.569;4089.869;4145.250;4150.066;4159.697;2.408;3.069;-19.706;sl;;;;
2026.07.27 03:12:00;SELL;4091.637;4105.350;4066.774;4063.419;4056.710;1.677;7.096;-13.735;sl;;;;
2026.07.27 14:48:00;BUY;4071.996;4047.795;4117.471;4123.530;4135.648;3.029;7.981;6.517;ea;;;;
2026.07.27 07:32:00;SELL;4102.832;4116.002;4078.975;4075.756;4069.316;1.610;33.508;33.538;tp;37.424;24.079;cutoff;91.5
2026.07.28 01:21:00;SELL;4052.045;4069.670;4019.830;4015.496;4006.828;2.167;40.458;5.524;ea;;;;
2026.07.27 23:03:00;SELL;4072.658;4080.685;4058.399;4056.461;4052.585;0.969;20.068;20.093;tp;61.071;26.137;cutoff;879.3
2026.07.29 07:23:00;BUY;4047.229;4035.549;4068.559;4071.430;4077.171;1.435;0.282;-11.689;sl;;;;
2026.07.28 23:09:00;BUY;4019.170;4008.245;4038.890;4041.555;4046.885;1.332;27.701;27.725;tp;28.656;-10.925;sl;391.0
2026.07.29 13:06:00;SELL;4017.965;4034.580;3987.363;3983.258;3975.046;2.053;21.889;7.989;ea;;;;
2026.07.29 09:15:00;SELL;4036.333;4046.168;4018.421;4016.008;4011.182;1.206;25.143;25.205;tp;40.257;26.357;cutoff;209.9
2026.07.29 23:08:00;BUY;4097.928;4080.577;4129.694;4133.965;4142.508;2.136;2.387;-17.361;sl;;;;
2026.07.30 00:21:00;SELL;4076.758;4094.033;4044.871;4040.597;4032.047;2.137;44.693;44.723;tp;48.263;-17.275;sl;479.5
2026.07.30 13:38:00;BUY;4094.112;4065.537;4146.658;4153.712;4167.820;3.527;26.286;13.833;ea;;;;
2026.07.30 06:04:00;BUY;4037.580;4016.509;4075.852;4081.012;4091.333;2.580;53.736;53.763;tp;82.818;70.365;cutoff;142.3
2026.07.31 01:59:00;BUY;4086.546;4069.011;4118.875;4123.211;4131.883;2.168;4.037;-17.557;sl;;;;
2026.07.31 13:15:00;SELL;4036.130;4053.883;4004.090;3999.760;3991.100;2.165;15.087;-9.622;ea;;;;
2026.07.31 07:57:00;SELL;4071.094;4084.867;4046.113;4042.743;4036.003;1.685;35.064;35.102;tp;50.051;25.342;cutoff;174.3
2026.07.30 23:10:00;SELL;4109.448;4119.426;4092.098;4089.722;4084.969;1.188;24.466;24.490;tp;88.405;63.696;cutoff;860.5
2026.08.02 23:02:00;SELL;4063.798;4083.214;4028.295;4023.520;4013.969;2.388;44.581;27.397;ea;;;;
2026.08.03 23:11:00;SELL;4051.209;4059.409;4035.785;4033.731;4029.623;1.027;0.418;-8.205;sl;;;;
2026.08.04 00:20:00;SELL;4062.940;4073.554;4042.986;4040.328;4035.012;1.329;20.297;-10.631;sl;;;;
2026.08.04 11:49:00;BUY;4077.159;4060.808;4106.952;4110.964;4118.989;2.006;16.606;10.153;ea;;;;
2026.08.04 23:23:00;SELL;4069.941;4081.473;4048.979;4046.154;4040.502;1.413;4.339;-11.543;sl;;;;
2026.08.05 00:47:00;SELL;4078.391;4089.651;4057.943;4055.186;4049.672;1.379;0.706;-11.298;sl;;;;
2026.08.05 03:03:00;SELL;4128.555;4149.696;4088.691;4083.387;4072.777;2.652;1.158;-21.149;sl;;;;
2026.08.05 14:45:00;BUY;4243.652;4211.315;4302.507;4310.437;4326.296;3.965;21.664;-10.678;ea;;;;
2026.08.05 06:11:00;BUY;4171.179;4149.791;4210.419;4215.691;4226.235;2.636;55.047;55.067;tp;94.137;61.795;cutoff;111.3
2026.08.05 01:40:00;BUY;4089.948;4074.265;4118.805;4122.678;4130.424;1.937;40.467;40.500;tp;175.368;143.026;cutoff;793.8
2026.08.06 00:48:00;BUY;4291.350;4262.261;4345.305;4352.526;4366.968;3.611;12.933;-29.101;sl;;;;
2026.08.05 23:16:00;BUY;4258.808;4247.687;4279.122;4281.855;4287.322;1.367;28.500;28.586;tp;45.475;-11.121;sl;295.7
2026.08.06 03:47:00;SELL;4261.493;4283.102;4222.132;4216.830;4206.227;2.651;14.284;-21.673;sl;;;;
2026.08.06 09:17:00;BUY;4282.279;4263.633;4316.669;4321.281;4330.505;2.306;2.476;-18.699;sl;;;;
2026.08.06 11:23:00;SELL;4263.697;4277.478;4237.749;4234.294;4227.385;1.727;34.528;29.571;ea;;;;
2026.08.06 23:15:00;BUY;4245.573;4236.154;4263.302;4265.663;4270.384;1.180;7.670;-9.429;sl;;;;
2026.08.07 00:40:00;SELL;4235.724;4249.933;4209.757;4206.264;4199.277;1.747;5.975;-14.233;sl;;;;
2026.08.07 08:24:00;SELL;4294.129;4310.156;4264.504;4260.534;4252.595;1.985;0.777;-16.046;sl;;;;
2026.08.07 12:33:00;BUY;4354.942;4328.036;4404.424;4411.067;4424.351;3.321;17.027;-26.940;sl;;;;
2026.08.07 14:19:00;BUY;4346.000;4307.561;4417.164;4426.695;4445.757;4.765;12.505;-4.838;ea;;;;
2026.08.07 08:43:00;BUY;4309.552;4290.531;4344.635;4349.340;4358.750;2.352;49.179;49.260;tp;62.417;31.610;cutoff;208.3
2026.08.07 01:37:00;BUY;4243.027;4221.008;4283.769;4289.226;4300.141;2.729;57.075;57.115;tp;128.942;98.135;cutoff;466.3
2026.08.09 23:00:00;SELL;4341.637;4356.799;4314.126;4310.416;4302.994;1.855;28.198;-15.173;sl;;;;
2026.08.10 06:56:00;BUY;4357.647;4339.383;4390.517;4394.964;4403.856;2.223;4.517;-18.297;sl;;;;
2026.08.10 10:23:00;BUY;4344.057;4331.458;4366.294;4369.323;4375.382;1.515;0.137;-12.616;sl;;;;
2026.08.10 11:50:00;SELL;4332.923;4345.687;4309.585;4306.446;4300.167;1.570;16.099;-12.764;sl;;;;
2026.08.10 14:52:00;SELL;4344.574;4367.976;4301.740;4295.980;4284.461;2.880;1.737;-14.016;ea;;;;
2026.08.10 23:20:00;SELL;4394.994;4405.085;4377.235;4374.813;4369.970;1.211;0.101;-10.099;sl;;;;
2026.08.11 02:15:00;BUY;4433.868;4409.031;4480.297;4486.494;4498.889;3.099;1.478;-24.863;sl;;;;
2026.08.11 03:21:00;BUY;4417.339;4397.196;4455.334;4460.390;4470.500;2.528;4.306;-20.158;sl;;;;
2026.08.11 00:08:00;BUY;4404.262;4392.564;4425.431;4428.289;4434.005;1.429;29.726;29.754;tp;31.084;-11.698;sl;211.3
2026.08.11 05:43:00;SELL;4374.641;4396.496;4334.565;4329.179;4318.409;2.693;17.759;-21.886;sl;;;;
2026.08.11 12:22:00;BUY;4398.421;4379.625;4433.605;4438.299;4447.687;2.347;5.823;-18.819;sl;;;;
2026.08.11 15:37:00;SELL;4377.839;4399.473;4338.066;4332.726;4322.047;2.670;8.649;-6.183;ea;;;;
2026.08.11 23:01:00;SELL;4368.734;4378.900;4350.409;4347.931;4342.976;1.239;5.926;-10.191;sl;;;;
2026.08.12 09:26:00;BUY;4419.585;4405.910;4444.305;4447.644;4454.322;1.669;1.411;-13.701;sl;;;;
2026.08.12 12:30:00;BUY;4427.400;4412.250;4453.997;4457.627;4464.887;1.815;5.320;-15.241;sl;;;;
2026.08.12 12:33:00;BUY;4417.616;4394.957;4458.626;4464.162;4475.235;2.768;23.807;3.232;ea;;;;
2026.08.12 00:31:00;BUY;4380.749;4365.458;4408.631;4412.385;4419.894;1.877;39.122;39.150;tp;60.674;40.099;cutoff;396.5
2026.08.12 23:21:00;BUY;4408.043;4399.246;4423.789;4425.923;4430.191;1.067;22.132;22.182;tp;41.735;-8.797;sl;136.2
2026.08.13 06:05:00;SELL;4378.094;4398.021;4341.852;4336.968;4327.199;2.442;13.884;-20.070;sl;;;;
2026.08.13 12:31:00;BUY;4389.888;4374.002;4419.474;4423.428;4431.336;1.977;12.395;-15.912;sl;;;;
2026.08.13 13:53:00;SELL;4372.450;4403.014;4316.080;4308.521;4293.402;3.780;14.943;7.177;ea;;;;
2026.08.13 00:52:00;SELL;4431.223;4450.521;4395.605;4390.829;4381.279;2.388;49.937;49.976;tp;73.716;65.950;cutoff;600.3
2026.08.13 23:02:00;SELL;4353.618;4364.643;4332.908;4330.149;4324.630;1.380;28.975;28.992;tp;42.531;-11.025;sl;639.6
2026.08.14 12:39:00;SELL;4377.200;4393.994;4346.424;4342.287;4334.014;2.068;6.801;-16.797;sl;;;;
2026.08.14 13:50:00;SELL;4386.686;4408.589;4346.110;4340.677;4329.811;2.716;7.763;-5.311;ea;;;;
2026.08.14 01:41:00;BUY;4319.180;4293.211;4366.501;4372.874;4385.620;3.187;66.390;66.495;tp;77.828;72.557;cutoff;208.4
2026.08.16 23:29:00;SELL;4374.519;4387.019;4351.719;4348.650;4342.511;1.535;7.262;-12.513;sl;;;;
2026.08.17 00:31:00;BUY;4391.449;4374.953;4422.459;4426.590;4434.852;2.065;36.419;35.971;ea;;;;
2026.08.17 23:17:00;BUY;4417.835;4409.075;4434.277;4436.468;4440.851;1.096;18.446;-8.793;sl;;;;
2026.08.18 15:33:00;BUY;4357.166;4324.687;4417.156;4425.197;4441.278;4.020;9.579;7.818;ea;;;;
2026.08.18 02:04:00;SELL;4402.704;4421.804;4367.544;4362.826;4353.390;2.359;49.296;49.317;tp;51.036;37.460;cutoff;39.3
2026.08.19 12:57:00;BUY;4437.931;4409.108;4491.068;4498.195;4512.448;3.563;60.784;55.784;ea;;;;
2026.08.19 11:02:00;BUY;4369.976;4359.376;4388.951;4391.523;4396.666;1.286;26.684;26.712;tp;128.739;123.739;cutoff;203.3
2026.08.18 23:04:00;BUY;4335.932;4322.356;4360.734;4364.072;4370.746;1.669;34.801;34.827;tp;162.783;157.783;cutoff;298.4
2026.08.19 23:07:00;BUY;4523.585;4510.425;4547.631;4550.866;4557.337;1.618;0.000;-13.171;sl;;;;
2026.08.20 00:04:00;BUY;4516.867;4503.326;4541.327;4544.631;4551.240;1.652;4.322;-13.565;sl;;;;
2026.08.20 01:05:00;SELL;4493.249;4513.334;4456.159;4451.187;4441.243;2.486;42.599;-20.097;sl;;;;
2026.08.20 15:35:00;SELL;4523.948;4558.695;4458.897;4450.219;4432.863;4.339;14.457;1.913;ea;;;;
2026.08.20 23:04:00;BUY;4529.494;4519.731;4546.661;4549.003;4553.686;1.171;3.407;-9.769;sl;;;;
2026.08.21 00:32:00;SELL;4516.046;4532.395;4485.980;4481.944;4473.872;2.018;7.172;-16.351;sl;;;;
2026.08.21 09:00:00;BUY;4584.178;4565.812;4617.945;4622.478;4631.545;2.267;20.415;-18.404;sl;;;;
2026.08.21 12:48:00;BUY;4577.774;4553.139;4622.334;4628.351;4640.385;3.008;37.570;36.675;ea;;;;
2026.08.21 01:32:00;BUY;4532.356;4512.802;4568.953;4573.835;4583.601;2.441;51.232;51.278;tp;82.988;82.093;cutoff;437.4
2026.08.23 23:23:00;BUY;4613.126;4594.948;4646.103;4650.551;4659.447;2.224;27.905;-18.180;sl;;;;
2026.08.24 00:51:00;BUY;4614.250;4584.696;4668.973;4676.301;4690.958;3.664;66.723;34.770;ea;;;;
2026.08.24 23:17:00;BUY;4675.922;4665.306;4695.191;4697.790;4702.987;1.299;21.125;-10.627;sl;;;;
2026.08.25 01:48:00;SELL;4670.222;4700.429;4615.422;4608.030;4593.246;3.696;64.757;17.388;ea;;;;
2026.08.26 00:37:00;SELL;4642.271;4657.760;4614.256;4610.473;4602.907;1.891;12.738;-15.529;sl;;;;
2026.08.26 14:16:00;SELL;4620.487;4654.532;4558.018;4549.625;4532.840;4.196;37.327;24.013;ea;;;;
2026.08.26 02:25:00;SELL;4659.039;4681.170;4618.099;4612.614;4601.645;2.742;57.377;57.403;tp;75.879;62.565;cutoff;163.6
2026.08.25 23:04:00;SELL;4670.988;4680.726;4652.997;4650.586;4645.764;1.206;25.199;25.228;tp;87.828;74.514;cutoff;936.4
2026.08.26 23:02:00;BUY;4608.382;4593.944;4634.291;4637.799;4644.816;1.754;34.799;-14.461;sl;;;;
2026.08.27 07:31:00;BUY;4600.979;4583.081;4632.864;4637.193;4645.851;2.164;6.003;-17.935;sl;;;;
2026.08.27 09:51:00;SELL;4581.895;4598.626;4551.091;4546.957;4538.691;2.067;12.786;-16.745;sl;;;;
2026.08.27 11:49:00;SELL;4595.674;4610.329;4569.036;4565.445;4558.263;1.795;30.619;-14.662;sl;;;;
2026.08.28 01:54:00;SELL;4576.188;4597.553;4535.769;4530.397;4519.652;2.686;4.567;-21.400;sl;;;;
2026.08.27 23:13:00;SELL;4603.910;4614.410;4584.982;4582.423;4577.306;1.279;26.590;26.635;tp;32.289;-10.500;sl;343.1
2026.08.28 07:10:00;SELL;4601.020;4620.217;4565.940;4561.220;4551.781;2.360;11.811;-19.230;sl;;;;
2026.08.28 14:06:00;SELL;4558.674;4595.516;4489.770;4480.575;4462.185;4.598;34.655;34.184;ea;;;;
2026.08.30 23:05:00;BUY;4462.541;4442.948;4498.119;4502.917;4512.512;2.399;4.350;-19.607;sl;;;;
2026.08.30 23:58:00;BUY;4456.895;4437.915;4491.698;4496.375;4505.729;2.338;15.528;-19.001;sl;;;;
2026.08.31 01:19:00;BUY;4449.545;4418.250;4506.792;4514.491;4529.890;3.850;4.965;-31.314;sl;;;;
2026.08.31 02:34:00;SELL;4410.981;4445.831;4346.226;4337.565;4320.242;4.331;14.388;-34.854;sl;;;;
2026.08.31 07:46:00;BUY;4447.337;4429.208;4481.525;4486.074;4495.173;2.275;16.725;-18.170;sl;;;;
2026.08.31 14:10:00;BUY;4427.129;4400.391;4476.673;4483.306;4496.572;3.317;10.772;-1.057;ea;;;;
2026.08.31 23:09:00;SELL;4445.930;4455.257;4429.181;4426.914;4422.379;1.134;4.035;-9.363;sl;;;;
2026.09.01 00:22:00;BUY;4460.664;4446.953;4485.426;4488.772;4495.462;1.673;0.814;-13.717;sl;;;;
2026.09.01 13:26:00;BUY;4338.739;4307.823;4396.209;4403.895;4419.267;3.843;36.993;34.358;ea;;;;
2026.09.01 08:19:00;SELL;4395.324;4420.054;4349.757;4343.644;4331.419;3.056;63.871;63.918;tp;68.985;21.967;cutoff;170.3
2026.09.01 01:16:00;SELL;4446.069;4465.916;4409.609;4404.713;4394.920;2.448;51.104;51.158;tp;119.730;72.712;cutoff;470.3
2026.09.01 23:02:00;SELL;4327.625;4337.525;4309.715;4307.297;4302.460;1.209;25.128;25.176;tp;45.138;-9.900;sl;629.0
2026.09.02 14:07:00;BUY;4389.164;4359.834;4443.240;4450.493;4464.998;3.626;8.603;-16.269;ea;;;;
2026.09.02 02:07:00;BUY;4300.169;4268.417;4358.773;4366.630;4382.344;3.929;82.165;82.221;tp;97.598;72.726;cutoff;120.5
2026.09.02 23:15:00;SELL;4384.068;4392.980;4368.430;4366.296;4362.026;1.067;2.871;-8.930;sl;;;;
2026.09.03 04:26:00;BUY;4435.947;4421.382;4462.387;4465.953;4473.084;1.783;4.423;-14.579;sl;;;;
2026.09.03 06:24:00;SELL;4422.572;4443.932;4382.951;4377.648;4367.043;2.651;3.517;-21.366;sl;;;;
2026.09.03 08:40:00;SELL;4434.328;4454.426;4397.233;4392.260;4382.313;2.487;15.224;-20.120;sl;;;;
2026.09.03 12:34:00;BUY;4468.185;4447.351;4507.364;4512.583;4523.020;2.609;42.768;24.987;ea;;;;
2026.09.03 00:58:00;BUY;4394.169;4378.917;4421.708;4425.429;4432.871;1.860;38.667;38.731;tp;116.784;99.003;cutoff;711.4
2026.09.03 23:04:00;BUY;4476.363;4466.116;4494.892;4497.394;4502.399;1.251;11.169;-10.254;sl;;;;
2026.09.04 04:25:00;BUY;4470.336;4458.504;4491.742;4494.632;4500.412;1.445;20.569;-11.868;sl;;;;
2026.09.04 12:36:00;SELL;4389.634;4422.528;4328.881;4320.737;4304.451;4.072;24.170;-32.900;sl;;;;
2026.09.04 13:47:00;BUY;4427.538;4363.418;4547.239;4563.224;4595.193;7.992;21.458;9.181;ea;;;;
2026.09.07 01:31:00;BUY;4404.702;4380.399;4449.086;4455.059;4467.004;2.986;19.263;9.669;ea;;;;
2026.09.06 23:14:00;SELL;4429.836;4441.674;4408.446;4405.556;4399.778;1.445;30.056;30.080;tp;48.643;15.205;cutoff;887.0
2026.09.08 01:24:00;BUY;4434.396;4408.542;4481.851;4488.225;4500.975;3.187;8.701;-25.856;sl;;;;
2026.09.07 23:05:00;BUY;4412.125;4403.158;4428.061;4430.227;4434.558;1.083;22.399;22.437;tp;30.972;-8.967;sl;295.9
2026.09.08 06:44:00;BUY;4407.239;4386.742;4444.757;4449.801;4459.891;2.522;2.236;-20.497;sl;;;;
2026.09.08 12:29:00;BUY;4398.044;4378.649;4434.142;4438.967;4448.618;2.413;15.137;-3.152;ea;;;;
2026.09.08 23:16:00;SELL;4352.202;4363.180;4332.009;4329.299;4323.877;1.355;11.026;-10.987;sl;;;;
2026.09.09 13:42:00;SELL;4418.324;4440.708;4377.271;4371.754;4360.722;2.758;43.008;19.341;ea;;;;
2026.09.09 01:10:00;BUY;4367.589;4346.470;4406.425;4411.639;4422.066;2.607;54.448;54.513;tp;66.572;31.134;cutoff;156.4
2026.09.09 23:26:00;SELL;4398.177;4409.509;4377.597;4374.822;4369.272;1.387;8.260;-11.353;sl;;;;
2026.09.10 01:03:00;BUY;4410.021;4395.565;4437.084;4440.694;4447.915;1.805;24.984;-14.466;sl;;;;
2026.09.10 09:18:00;BUY;4395.380;4380.168;4423.888;4427.689;4435.293;1.901;4.709;-15.223;sl;;;;
2026.09.10 13:20:00;BUY;4349.394;4310.725;4420.936;4430.520;4449.687;4.792;27.123;16.662;ea;;;;
2026.09.10 10:52:00;SELL;4379.491;4397.189;4347.225;4342.881;4334.191;2.172;45.293;45.311;tp;55.301;13.175;cutoff;202.3
2026.09.10 23:05:00;BUY;4318.699;4306.373;4341.227;4344.258;4350.320;1.515;21.860;-12.333;sl;;;;
2026.09.11 13:29:00;BUY;4395.607;4344.659;4490.573;4503.261;4528.638;6.344;7.049;-28.747;ea;;;;
2026.09.11 03:43:00;BUY;4312.160;4290.997;4351.344;4356.592;4367.087;2.624;54.912;54.937;tp;90.496;54.700;cutoff;190.8
2026.09.13 23:10:00;BUY;4341.848;4327.837;4366.712;4370.093;4376.854;1.690;5.804;-14.035;sl;;;;
2026.09.14 01:25:00;BUY;4335.534;4309.728;4382.236;4388.542;4401.152;3.153;19.750;-25.827;sl;;;;
2026.09.14 13:10:00;SELL;4260.198;4288.024;4208.567;4201.658;4187.839;3.455;0.531;-27.833;sl;;;;
2026.09.14 15:50:00;SELL;4288.408;4314.030;4241.221;4234.889;4222.227;3.166;1.752;-0.223;ea;;;;
2026.09.14 08:15:00;SELL;4313.014;4331.318;4279.737;4275.252;4266.281;2.243;46.706;46.736;tp;59.370;24.383;cutoff;183.3
2026.09.14 23:06:00;SELL;4294.543;4305.104;4275.574;4273.007;4267.871;1.284;11.276;-10.586;sl;;;;
2026.09.15 01:29:00;SELL;4300.878;4317.622;4270.820;4266.750;4258.610;2.035;6.583;-16.803;sl;;;;
2026.09.15 02:50:00;BUY;4316.803;4299.973;4347.799;4351.957;4360.275;2.079;0.547;-16.834;sl;;;;
2026.09.15 08:18:00;BUY;4270.989;4252.407;4304.933;4309.500;4318.635;2.284;29.626;18.486;ea;;;;
2026.09.15 05:26:00;SELL;4297.012;4309.054;4275.253;4272.314;4266.436;1.470;30.569;30.582;tp;35.642;7.297;cutoff;474.8
2026.09.15 23:29:00;SELL;4283.868;4293.999;4265.548;4263.074;4258.126;1.237;8.166;-10.155;sl;;;;
2026.09.16 10:11:00;BUY;4346.895;4331.504;4374.847;4378.616;4386.154;1.884;13.643;-15.395;sl;;;;
2026.09.16 14:04:00;SELL;4330.597;4352.556;4290.525;4285.131;4274.343;2.697;6.302;-21.987;sl;;;;
2026.09.16 15:02:00;BUY;4353.716;4332.093;4394.012;4399.396;4410.164;2.692;8.302;-0.984;ea;;;;
2026.09.16 02:23:00;BUY;4294.086;4275.553;4328.198;4332.776;4341.931;2.289;47.782;47.858;tp;67.932;58.646;cutoff;351.4
2026.09.17 01:33:00;BUY;4314.315;4288.381;4361.814;4368.199;4380.970;3.193;3.905;-25.943;sl;;;;
2026.09.17 12:29:00;BUY;4379.280;4352.647;4428.630;4435.238;4448.452;3.304;2.083;-26.633;sl;;;;
2026.09.17 15:19:00;BUY;4363.896;4340.393;4407.294;4413.112;4424.747;2.909;5.999;5.723;ea;;;;
2026.09.17 02:22:00;BUY;4292.316;4266.378;4339.851;4346.240;4359.017;3.194;66.695;66.735;tp;89.047;77.303;cutoff;223.5
2026.09.16 23:19:00;BUY;4268.561;4252.373;4298.387;4302.389;4310.391;2.001;41.776;41.841;tp;112.802;101.058;cutoff;875.3
2026.09.17 23:14:00;BUY;4345.390;4334.379;4365.308;4367.997;4373.376;1.345;20.180;-11.022;sl;;;;
2026.09.18 04:16:00;SELL;4355.468;4373.121;4322.941;4318.578;4309.851;2.182;2.353;-17.663;sl;;;;
2026.09.18 06:02:00;BUY;4385.236;4366.563;4419.938;4424.580;4433.862;2.321;14.486;-18.690;sl;;;;
2026.09.18 12:22:00;SELL;4366.067;4386.514;4328.387;4323.332;4313.223;2.527;23.181;9.343;ea;;;;
2026.09.21 07:59:00;SELL;4345.198;4364.913;4308.643;4303.750;4293.964;2.447;5.002;-19.719;sl;;;;
2026.09.21 12:22:00;SELL;4359.017;4376.288;4327.169;4322.897;4314.355;2.136;36.042;10.750;ea;;;;
2026.09.20 23:08:00;SELL;4373.768;4384.647;4353.792;4351.109;4345.743;1.342;28.005;28.063;tp;50.793;25.501;cutoff;496.6
2026.09.21 23:37:00;BUY;4362.466;4348.929;4386.900;4390.202;4396.806;1.651;13.591;-13.540;sl;;;;
2026.09.22 08:09:00;BUY;4310.163;4290.332;4345.647;4350.457;4360.078;2.405;34.009;21.179;ea;;;;
2026.09.22 01:13:00;SELL;4357.061;4379.179;4316.116;4310.632;4299.665;2.742;57.386;57.403;tp;65.442;25.459;cutoff;479.3
2026.09.22 23:01:00;BUY;4363.287;4354.309;4379.360;4381.538;4385.895;1.089;5.966;-8.995;sl;;;;
2026.09.23 08:23:00;BUY;4320.982;4306.056;4348.080;4351.734;4359.043;1.827;1.735;-14.929;sl;;;;
2026.09.23 11:33:00;SELL;4301.479;4314.973;4277.593;4274.342;4267.842;1.625;6.848;-13.532;sl;;;;
2026.09.23 12:31:00;SELL;4310.013;4327.508;4277.750;4273.423;4264.770;2.163;32.391;27.738;ea;;;;
2026.09.23 01:02:00;SELL;4355.195;4369.949;4328.195;4324.564;4317.302;1.815;37.888;37.902;tp;77.573;72.920;cutoff;467.8
2026.09.23 23:03:00;SELL;4289.292;4300.469;4269.137;4266.412;4260.963;1.362;5.205;-11.217;sl;;;;
2026.09.24 01:13:00;BUY;4300.437;4283.233;4332.597;4336.889;4345.474;2.146;2.966;-17.210;sl;;;;
2026.09.24 02:14:00;BUY;4281.358;4260.584;4319.417;4324.533;4334.765;2.558;15.565;-20.795;sl;;;;
2026.09.24 09:05:00;SELL;4259.417;4282.035;4217.712;4212.119;4200.932;2.797;15.184;-22.644;sl;;;;
2026.09.24 13:18:00;SELL;4276.976;4297.859;4238.586;4233.432;4223.123;2.577;32.150;20.120;ea;;;;
2026.09.24 23:03:00;BUY;4273.697;4263.593;4291.914;4294.376;4299.302;1.231;22.064;-10.171;sl;;;;
2026.09.25 09:18:00;SELL;4292.466;4308.230;4263.245;4259.334;4251.510;1.956;2.808;-15.806;sl;;;;
2026.09.25 10:15:00;BUY;4307.410;4289.953;4339.294;4343.585;4352.166;2.145;8.310;-17.492;sl;;;;
2026.09.25 13:20:00;SELL;4290.362;4311.453;4251.926;4246.750;4236.398;2.588;35.894;-0.798;ea;;;;
2026.09.25 05:30:00;BUY;4264.128;4251.247;4287.811;4290.991;4297.350;1.590;33.218;33.255;tp;51.592;26.772;cutoff;416.3
