XAUUSDm;M15;12;128;50;200;0.05;0.15;0;15;14;0;100;0;64;0.80;2.00;0;7;10;13;16;1;16385;2.00;10000;271;14762.97;5624.14;1.29;54.4759;0.3542;20;14;0.7000;-2168.84;816.42;0.1410;0.0315;8.71;8;0.6174
XAUUSDm;M15;12;128;50;200;0.05;0.15;1;15;14;0;100;0;64;0.80;2.00;0;7;10;13;16;1;16385;2.00;10000;239;10346.87;4371.73;1.23;43.2923;0.3305;20;11;0.5500;-1709.03;489.79;0.2492;0.0468;9.79;9;0.1703
XAUUSDm;M15;12;128;50;200;0.05;0.15;1;15;14;0;70;1;64;0.80;2.00;0;7;10;13;16;1;16385;2.00;10000;240;4910.09;5916.18;1.13;20.4587;0.3125;20;10;0.5000;-1858.74;51.56;0.3349;0.0394;8.84;11;0.0348
XAUUSDm;M15;12;128;50;200;0.05;0.15;1;15;14;0;90;0;64;0.80;2.00;0;7;10;13;16;1;16385;2.00;10000;235;11245.93;4394.66;1.27;47.8550;0.3277;20;11;0.5500;-1939.63;754.84;0.2161;0.0461;9.64;9;0.2068
XAUUSDm;M15;12;128;50;200;0.10;0.15;0;15;14;0;100;1;64;0.80;2.00;0;7;10;13;16;1;16385;2.00;10000;264;17140.51;6626.49;1.32;64.9262;0.3712;20;14;0.7000;-2108.74;638.42;0.1283;0.0309;8.83;9;0.6211
XAUUSDm;M15;12;128;50;200;0.10;0.15;0;15;14;0;90;1;64;0.80;2.00;0;7;10;13;16;1;16385;2.00;10000;247;11290.51;6558.63;1.25;45.7106;0.3644;20;11;0.5500;-2197.52;662.43;0.1515;0.0305;8.55;12;0.2320
XAUUSDm;M15;12;128;50;200;0.10;0.15;1;15;14;0;100;1;64;0.80;2.00;0;7;10;13;16;1;16385;2.00;10000;209;15759.19;5129.23;1.35;75.4028;0.3732;20;12;0.6000;-1808.65;533.95;0.1805;0.0466;10.81;8;0.3586
XAUUSDm;M15;12;128;50;200;0.10;0.15;1;15;14;0;80;1;64;0.80;2.00;0;7;10;13;16;1;16385;2.00;10000;189;15667.83;4278.14;1.40;82.8986;0.3757;20;12;0.6000;-1485.36;623.32;0.1823;0.0522;10.16;8;0.3851
XAUUSDm;M15;12;128;50;200;0.15;0.15;0;15;14;0;100;1;64;0.80;2.00;0;7;10;13;16;1;16385;2.00;10000;227;27574.57;4446.36;1.60;121.4739;0.4405;20;16;0.8000;-1800.13;1374.00;0.0975;0.0365;10.47;9;1.9845
XAUUSDm;M15;12;128;50;200;0.15;0.15;1;15;14;0;100;1;64;0.80;2.00;0;7;10;13;16;1;16385;2.00;10000;130;4219.40;2612.51;1.27;32.4569;0.3692;20;12;0.6000;-1144.11;288.41;0.2655;0.0571;13.17;8;0.0788
XAUUSDm;M15;12;128;50;200;0.15;0.15;1;15;14;0;70;0;64;0.80;2.00;0;7;10;13;16;1;16385;2.00;10000;116;6568.62;3013.52;1.41;56.6260;0.3707;20;15;0.7500;-891.20;293.80;0.2025;0.0593;10.49;9;0.1952
XAUUSDm;M15;12;128;50;200;0.15;0.15;1;15;14;0;80;0;64;0.80;2.00;0;7;10;13;16;1;16385;2.00;10000;123;6336.22;4194.30;1.36;51.5140;0.3577;20;13;0.6500;-1011.20;565.91;0.1989;0.0531;11.82;9;0.1059
XAUUSDm;M15;12;128;50;200;0.15;0.15;1;15;14;0;80;1;64;0.80;2.00;0;7;10;13;16;1;16385;2.00;10000;113;7056.78;3245.74;1.46;62.4494;0.3805;20;14;0.7000;-849.41;454.03;0.1885;0.0591;12.65;7;0.1822
XAUUSDm;M15;12;128;50;200;0.15;0.15;1;15;14;0;90;1;64;0.80;2.00;0;7;10;13;16;1;16385;2.00;10000;122;3566.03;3252.60;1.23;29.2298;0.3689;20;14;0.7000;-1100.78;397.90;0.3328;0.0625;12.63;7;0.0545
XAUUSDm;M15;12;128;50;200;0.20;0.15;0;15;14;0;70;0;64;0.80;2.00;0;7;10;13;16;1;16385;2.00;10000;135;13866.96;6586.41;1.54;102.7182;0.4222;20;15;0.7500;-3160.25;900.59;0.1214;0.0426;9.13;10;0.3375
XAUUSDm;M15;12;128;50;200;0.20;0.15;0;15;14;0;80;0;64;0.80;2.00;0;7;10;13;16;1;16385;2.00;10000;149;10670.08;6799.35;1.39;71.6113;0.4094;20;15;0.7500;-3357.86;775.70;0.1435;0.0404;9.06;12;0.2692
XAUUSDm;M15;12;128;50;200;0.20;0.15;0;15;14;0;90;0;64;0.80;2.00;0;7;10;13;16;1;16385;2.00;10000;158;7810.62;5176.54;1.31;49.4343;0.3987;20;12;0.6000;-1650.20;354.50;0.1633;0.0391;9.10;10;0.1571
XAUUSDm;M15;12;128;50;200;0.20;0.15;1;15;14;0;100;1;64;0.80;2.00;0;7;10;13;16;1;16385;2.00;10000;81;5300.51;1868.13;1.56;65.4384;0.4198;20;12;0.6000;-843.06;173.54;0.2021;0.0727;13.08;5;0.1289
XAUUSDm;M15;12;128;50;200;0.20;0.15;1;15;14;0;70;0;64;0.80;2.00;0;7;10;13;16;1;16385;2.00;10000;55;5040.37;1684.36;1.67;91.6431;0.4000;20;12;0.6000;-590.98;141.12;0.2297;0.0921;9.23;6;0.0774
XAUUSDm;M15;12;128;50;200;0.20;0.15;1;15;14;0;80;0;64;0.80;2.00;0;7;10;13;16;1;16385;2.00;10000;63;4049.62;1593.59;1.46;64.2797;0.3810;20;13;0.6500;-523.38;316.74;0.2788;0.0884;9.12;6;0.0693
XAUUSDm;M15;12;128;50;200;0.20;0.15;1;15;14;0;90;0;64;0.80;2.00;0;7;10;13;16;1;16385;2.00;10000;77;3672.79;2153.28;1.36;47.6986;0.3766;20;11;0.5500;-686.17;87.16;0.3231;0.0862;9.64;5;0.0347
XAUUSDm;M15;12;160;50;200;0.05;0.15;0;15;14;0;100;0;64;0.80;2.00;0;7;10;13;16;1;16385;2.00;10000;271;14762.97;5624.14;1.29;54.4759;0.3542;20;14;0.7000;-2168.84;816.42;0.1410;0.0315;8.71;8;0.6174
XAUUSDm;M15;12;160;50;200;0.05;0.15;0;15;14;0;100;1;64;0.80;2.00;0;7;10;13;16;1;16385;2.00;10000;294;15323.62;8062.38;1.25;52.1212;0.3503;20;14;0.7000;-2523.20;855.87;0.1315;0.0264;8.54;8;0.4796
XAUUSDm;M15;12;160;50;200;0.05;0.15;0;15;14;0;70;0;64;0.80;2.00;0;7;10;13;16;1;16385;2.00;10000;259;11115.41;5694.06;1.25;42.9166;0.3398;20;14;0.7000;-1958.36;604.89;0.1612;0.0325;8.22;9;0.3916
XAUUSDm;M15;12;160;50;200;0.05;0.15;0;15;14;0;70;1;64;0.80;2.00;0;7;10;13;16;1;16385;2.00;10000;276;21943.29;7596.39;1.34;79.5047;0.3478;20;14;0.7000;-2950.90;1454.49;0.1188;0.0299;8.21;11;0.6794
XAUUSDm;M15;12;160;50;200;0.05;0.15;0;15;14;0;80;0;64;0.80;2.00;0;7;10;13;16;1;16385;2.00;10000;266;9732.76;5962.79;1.23;36.5893;0.3383;20;14;0.7000;-2017.59;469.71;0.1757;0.0332;8.17;11;0.3072
XAUUSDm;M15;12;160;50;200;0.05;0.15;0;15;14;0;90;0;64;0.80;2.00;0;7;10;13;16;1;16385;2.00;10000;268;11180.58;5865.22;1.25;41.7186;0.3433;20;13;0.6500;-1952.25;410.67;0.1603;0.0326;8.29;11;0.3468
XAUUSDm;M15;12;160;50;200;0.05;0.15;0;15;14;0;90;1;64;0.80;2.00;0;7;10;13;16;1;16385;2.00;10000;286;14468.13;8438.46;1.28;50.5879;0.3497;20;13;0.6500;-2292.87;750.21;0.1407;0.0308;8.11;12;0.3622
XAUUSDm;M15;12;160;50;200;0.05;0.15;1;15;14;0;70;0;64;0.80;2.00;0;7;10;13;16;1;16385;2.00;10000;226;12484.35;5240.58;1.30;55.2405;0.3230;20;12;0.6000;-2136.50;847.52;0.2080;0.0478;8.81;11;0.2258
XAUUSDm;M15;12;160;50;200;0.05;0.15;1;15;14;0;70;1;64;0.80;2.00;0;7;10;13;16;1;16385;2.00;10000;240;4910.09;5916.18;1.13;20.4587;0.3125;20;10;0.5000;-1858.74;51.56;0.3349;0.0394;8.84;11;0.0348
XAUUSDm;M15;12;160;50;200;0.05;0.15;1;15;14;0;80;1;64;0.80;2.00;0;7;10;13;16;1;16385;2.00;10000;242;6545.19;5989.05;1.17;27.0462;0.3182;20;11;0.5500;-1927.97;443.65;0.2813;0.0399;9.12;11;0.0679
XAUUSDm;M15;12;160;50;200;0.05;0.15;1;15;14;0;90;0;64;0.80;2.00;0;7;10;13;16;1;16385;2.00;10000;235;11245.93;4394.66;1.27;47.8550;0.3277;20;11;0.5500;-1939.63;754.84;0.2161;0.0461;9.64;9;0.2068
XAUUSDm;M15;12;160;50;200;0.10;0.15;0;15;14;0;70;0;64;0.80;2.00;0;7;10;13;16;1;16385;2.00;10000;219;10717.18;5525.10;1.26;48.9369;0.3562;20;12;0.6000;-2038.71;898.83;0.1596;0.0329;8.63;10;0.2560
XAUUSDm;M15;12;160;50;200;0.10;0.15;0;15;14;0;80;0;64;0.80;2.00;0;7;10;13;16;1;16385;2.00;10000;222;7746.02;5613.59;1.20;34.8920;0.3559;20;11;0.5500;-2228.45;800.71;0.2018;0.0331;8.70;11;0.1226
XAUUSDm;M15;12;160;50;200;0.10;0.15;0;15;14;0;90;0;64;0.80;2.00;0;7;10;13;16;1;16385;2.00;10000;226;6336.96;5593.26;1.16;28.0396;0.3540;20;11;0.5500;-2315.67;782.75;0.2147;0.0297;9.06;11;0.0958
XAUUSDm;M15;12;160;50;200;0.10;0.15;0;15;14;0;90;1;64;0.80;2.00;0;7;10;13;16;1;16385;2.00;10000;247;11290.51;6558.63;1.25;45.7106;0.3644;20;11;0.5500;-2197.52;662.43;0.1515;0.0305;8.55;12;0.2320
XAUUSDm;M15;12;160;50;200;0.10;0.15;1;15;14;0;100;0;64;0.80;2.00;0;7;10;13;16;1;16385;2.00;10000;212;9198.90;4602.98;1.21;43.3910;0.3443;20;11;0.5500;-2228.35;192.25;0.1991;0.0346;9.90;8;0.1663
XAUUSDm;M15;12;160;50;200;0.10;0.15;1;15;14;0;70;1;64;0.80;2.00;0;7;10;13;16;1;16385;2.00;10000;187;11912.93;3818.22;1.36;63.7055;0.3636;20;10;0.5000;-1284.36;423.61;0.2034;0.0536;9.78;9;0.1956
XAUUSDm;M15;12;160;50;200;0.10;0.15;1;15;14;0;90;1;64;0.80;2.00;0;7;10;13;16;1;16385;2.00;10000;195;14326.33;3733.26;1.39;73.4684;0.3744;20;13;0.6500;-1146.69;975.68;0.2054;0.0576;10.44;7;0.4322
XAUUSDm;M15;12;160;50;200;0.15;0.15;0;15;14;0;70;0;64;0.80;2.00;0;7;10;13;16;1;16385;2.00;10000;178;19495.55;5635.87;1.51;109.5256;0.4213;20;12;0.6000;-1630.03;587.24;0.1086;0.0369;9.82;8;0.4670
XAUUSDm;M15;12;160;50;200;0.15;0.15;0;15;14;0;90;0;64;0.80;2.00;0;7;10;13;16;1;16385;2.00;10000;192;11510.99;5488.91;1.33;59.9531;0.3958;20;11;0.5500;-1620.94;274.71;0.1344;0.0333;9.97;8;0.2411
XAUUSDm;M15;12;160;50;200;0.15;0.15;1;15;14;0;100;0;64;0.80;2.00;0;7;10;13;16;1;16385;2.00;10000;144;13810.63;3911.13;1.51;95.9072;0.3889;20;14;0.7000;-1681.82;951.71;0.1369;0.0461;12.41;6;0.4845
XAUUSDm;M15;12;160;50;200;0.15;0.15;1;15;14;0;70;0;64;0.80;2.00;0;7;10;13;16;1;16385;2.00;10000;111;9760.44;3142.46;1.57;87.9319;0.3964;20;15;0.7500;-1101.13;430.32;0.1650;0.0596;10.75;9;0.3494
XAUUSDm;M15;12;160;50;200;0.15;0.15;1;15;14;0;70;1;64;0.80;2.00;0;7;10;13;16;1;16385;2.00;10000;101;8639.56;3068.88;1.59;85.5402;0.4059;20;13;0.6500;-863.37;365.47;0.1783;0.0660;11.90;8;0.2051
XAUUSDm;M15;12;160;50;200;0.15;0.15;1;15;14;0;80;0;64;0.80;2.00;0;7;10;13;16;1;16385;2.00;10000;121;8544.07;3473.85;1.45;70.6121;0.3719;20;13;0.6500;-1207.80;596.84;0.1721;0.0533;12.02;9;0.2038
XAUUSDm;M15;12;160;50;200;0.20;0.15;0;15;14;0;100;0;64;0.80;2.00;0;7;10;13;16;1;16385;2.00;10000;183;14788.38;5448.08;1.44;80.8108;0.4317;20;15;0.7500;-1101.86;476.18;0.1035;0.0315;9.98;7;0.6031
XAUUSDm;M15;12;160;50;200;0.20;0.15;0;15;14;0;70;0;64;0.80;2.00;0;7;10;13;16;1;16385;2.00;10000;135;13866.96;6586.41;1.54;102.7182;0.4222;20;15;0.7500;-3160.25;900.59;0.1214;0.0426;9.13;10;0.3375
XAUUSDm;M15;12;160;50;200;0.20;0.15;0;15;14;0;70;1;64;0.80;2.00;0;7;10;13;16;1;16385;2.00;10000;142;12251.56;5594.95;1.51;86.2786;0.4225;20;14;0.7000;-2075.76;744.66;0.1250;0.0422;9.26;7;0.3219
XAUUSDm;M15;12;160;50;200;0.20;0.15;0;15;14;0;90;0;64;0.80;2.00;0;7;10;13;16;1;16385;2.00;10000;158;7810.62;5176.54;1.31;49.4343;0.3987;20;12;0.6000;-1650.20;354.50;0.1633;0.0391;9.10;10;0.1571
XAUUSDm;M15;12;160;50;200;0.20;0.15;0;15;14;0;90;1;64;0.80;2.00;0;7;10;13;16;1;16385;2.00;10000;160;9691.48;3433.22;1.43;60.5718;0.4313;20;13;0.6500;-1423.59;585.14;0.1264;0.0383;9.61;7;0.4115
XAUUSDm;M15;12;64;50;200;0.05;0.15;0;15;14;0;100;0;64;0.80;2.00;0;7;10;13;16;1;16385;2.00;10000;274;20043.36;6466.21;1.35;73.1509;0.3650;20;14;0.7000;-2485.46;1278.95;0.1239;0.0320;8.73;8;0.7594
XAUUSDm;M15;12;64;50;200;0.05;0.15;0;15;14;0;100;1;64;0.80;2.00;0;7;10;13;16;1;16385;2.00;10000;297;16360.32;7889.55;1.27;55.0853;0.3535;20;14;0.7000;-2469.75;1120.03;0.1272;0.0270;8.51;8;0.5335
XAUUSDm;M15;12;64;50;200;0.05;0.15;0;15;14;0;70;0;64;0.80;2.00;0;7;10;13;16;1;16385;2.00;10000;257;14257.55;5799.87;1.31;55.4768;0.3463;20;15;0.7500;-2005.04;879.79;0.1428;0.0340;8.26;9;0.6153
XAUUSDm;M15;12;64;50;200;0.05;0.15;0;15;14;0;70;1;64;0.80;2.00;0;7;10;13;16;1;16385;2.00;10000;276;27086.05;7709.00;1.40;98.1379;0.3551;20;14;0.7000;-2981.65;1441.99;0.1113;0.0315;8.20;11;0.8436
XAUUSDm;M15;12;64;50;200;0.05;0.15;0;15;14;0;80;1;64;0.80;2.00;0;7;10;13;16;1;16385;2.00;10000;283;23640.76;8658.13;1.40;83.5363;0.3604;20;13;0.6500;-2548.30;1044.06;0.1171;0.0332;8.00;12;0.5883
XAUUSDm;M15;12;64;50;200;0.05;0.15;0;15;14;0;90;1;64;0.80;2.00;0;7;10;13;16;1;16385;2.00;10000;289;18899.46;8269.39;1.35;65.3961;0.3564;20;14;0.7000;-2257.63;1002.67;0.1250;0.0324;8.09;12;0.5767
XAUUSDm;M15;12;64;50;200;0.05;0.15;1;15;14;0;100;1;64;0.80;2.00;0;7;10;13;16;1;16385;2.00;10000;258;4350.27;4692.50;1.11;16.8615;0.3178;20;10;0.5000;-1591.29;246.59;0.4233;0.0407;9.67;11;0.0337
XAUUSDm;M15;12;64;50;200;0.05;0.15;1;15;14;0;70;0;64;0.80;2.00;0;7;10;13;16;1;16385;2.00;10000;226;16057.08;5408.96;1.36;71.0490;0.3319;20;13;0.6500;-2203.46;886.85;0.1887;0.0498;8.85;11;0.3740
XAUUSDm;M15;12;64;50;200;0.05;0.15;1;15;14;0;80;0;64;0.80;2.00;0;7;10;13;16;1;16385;2.00;10000;227;16119.31;5660.38;1.35;71.0102;0.3348;20;11;0.5500;-2305.27;1095.17;0.1879;0.0492;9.15;11;0.2613
XAUUSDm;M15;12;64;50;200;0.05;0.15;1;15;14;0;80;1;64;0.80;2.00;0;7;10;13;16;1;16385;2.00;10000;245;8444.93;5313.43;1.21;34.4691;0.3265;20;11;0.5500;-2086.65;640.64;0.2460;0.0420;9.28;11;0.1173
XAUUSDm;M15;12;64;50;200;0.05;0.15;1;15;14;0;90;1;64;0.80;2.00;0;7;10;13;16;1;16385;2.00;10000;254;6860.21;5092.68;1.17;27.0087;0.3228;20;11;0.5500;-1687.05;545.91;0.2792;0.0407;9.68;11;0.0898
XAUUSDm;M15;12;64;50;200;0.10;0.15;0;15;14;0;100;0;64;0.80;2.00;0;7;10;13;16;1;16385;2.00;10000;238;15057.51;5138.23;1.28;63.2668;0.3824;20;12;0.6000;-1516.03;680.58;0.1352;0.0293;9.48;7;0.4800
XAUUSDm;M15;12;64;50;200;0.10;0.15;0;15;14;0;100;1;64;0.80;2.00;0;7;10;13;16;1;16385;2.00;10000;266;20113.76;6915.75;1.34;75.6156;0.3797;20;15;0.7500;-2336.54;872.22;0.1215;0.0307;8.84;9;0.8262
XAUUSDm;M15;12;64;50;200;0.10;0.15;0;15;14;0;70;0;64;0.80;2.00;0;7;10;13;16;1;16385;2.00;10000;218;12943.01;5441.02;1.30;59.3716;0.3670;20;12;0.6000;-1914.35;885.57;0.1447;0.0334;8.67;10;0.3425
XAUUSDm;M15;12;64;50;200;0.10;0.15;0;15;14;0;70;1;64;0.80;2.00;0;7;10;13;16;1;16385;2.00;10000;237;26354.53;6468.87;1.48;111.2005;0.3882;20;12;0.6000;-2372.56;1798.98;0.1082;0.0351;8.26;11;0.6747
XAUUSDm;M15;12;64;50;200;0.10;0.15;0;15;14;0;90;1;64;0.80;2.00;0;7;10;13;16;1;16385;2.00;10000;251;16806.89;6958.75;1.33;66.9597;0.3785;20;13;0.6500;-2349.96;1005.17;0.1260;0.0312;8.51;12;0.4847
XAUUSDm;M15;12;64;50;200;0.10;0.15;1;15;14;0;100;0;64;0.80;2.00;0;7;10;13;16;1;16385;2.00;10000;219;7464.77;4747.30;1.18;34.0857;0.3425;20;9;0.4500;-2035.23;-60.24;0.2373;0.0354;9.68;9;0.0755
XAUUSDm;M15;12;64;50;200;0.10;0.15;1;15;14;0;70;0;64;0.80;2.00;0;7;10;13;16;1;16385;2.00;10000;197;4885.85;3549.96;1.15;24.8013;0.3299;20;9;0.4500;-1417.16;-137.65;0.2986;0.0390;8.68;11;0.0455
XAUUSDm;M15;12;64;50;200;0.10;0.15;1;15;14;0;80;0;64;0.80;2.00;0;7;10;13;16;1;16385;2.00;10000;195;5878.33;3936.61;1.17;30.1453;0.3333;20;9;0.4500;-1469.21;-211.06;0.2659;0.0390;9.01;11;0.0554
XAUUSDm;M15;12;64;50;200;0.10;0.15;1;15;14;0;80;1;64;0.80;2.00;0;7;10;13;16;1;16385;2.00;10000;193;18960.09;5392.45;1.45;98.2388;0.3834;20;12;0.6000;-1957.16;599.73;0.1689;0.0523;10.15;8;0.4159
XAUUSDm;M15;12;64;50;200;0.15;0.15;0;15;14;0;100;0;64;0.80;2.00;0;7;10;13;16;1;16385;2.00;10000;216;18730.29;5734.46;1.41;86.7143;0.4167;20;13;0.6500;-1929.14;962.51;0.1131;0.0327;10.61;7;0.6210
XAUUSDm;M15;12;64;50;200;0.15;0.15;0;15;14;0;80;0;64;0.80;2.00;0;7;10;13;16;1;16385;2.00;10000;189;18158.46;6586.18;1.46;96.0765;0.4127;20;13;0.6500;-2128.80;661.15;0.1121;0.0351;9.86;8;0.4543
XAUUSDm;M15;12;64;50;200;0.15;0.15;0;15;14;0;80;1;64;0.80;2.00;0;7;10;13;16;1;16385;2.00;10000;205;23758.10;5934.46;1.53;115.8932;0.4341;20;14;0.7000;-1941.29;830.38;0.0994;0.0343;9.93;8;0.8729
XAUUSDm;M15;12;64;50;200;0.15;0.15;1;15;14;0;100;0;64;0.80;2.00;0;7;10;13;16;1;16385;2.00;10000;162;10821.38;3125.06;1.39;66.7986;0.3889;20;12;0.6000;-1182.20;568.78;0.1488;0.0421;12.33;7;0.3927
XAUUSDm;M15;12;64;50;200;0.15;0.15;1;15;14;0;100;1;64;0.80;2.00;0;7;10;13;16;1;16385;2.00;10000;154;10513.76;3131.15;1.45;68.2712;0.3961;20;13;0.6500;-2124.37;623.29;0.1465;0.0455;12.37;7;0.4327
XAUUSDm;M15;12;64;50;200;0.15;0.15;1;15;14;0;80;0;64;0.80;2.00;0;7;10;13;16;1;16385;2.00;10000;130;11743.52;3405.63;1.55;90.3348;0.3923;20;13;0.6500;-1283.66;632.83;0.1312;0.0465;11.79;8;0.3715
XAUUSDm;M15;12;64;50;200;0.15;0.15;1;15;14;0;80;1;64;0.80;2.00;0;7;10;13;16;1;16385;2.00;10000;124;15737.32;3291.83;1.78;126.9139;0.4274;20;14;0.7000;-1306.02;884.47;0.1112;0.0488;12.70;6;0.6208
XAUUSDm;M15;12;64;50;200;0.20;0.15;0;15;14;0;100;0;64;0.80;2.00;0;7;10;13;16;1;16385;2.00;10000;186;10225.93;4754.98;1.35;54.9781;0.4194;20;14;0.7000;-1175.59;368.15;0.1274;0.0327;10.12;8;0.4110
XAUUSDm;M15;12;64;50;200;0.20;0.15;0;15;14;0;70;0;64;0.80;2.00;0;7;10;13;16;1;16385;2.00;10000;141;8505.36;5732.77;1.38;60.3217;0.4043;20;14;0.7000;-2805.15;545.45;0.1620;0.0446;9.34;11;0.1918
XAUUSDm;M15;12;64;50;200;0.20;0.15;0;15;14;0;70;1;64;0.80;2.00;0;7;10;13;16;1;16385;2.00;10000;145;7175.47;4679.47;1.36;49.4860;0.4069;20;14;0.7000;-1903.88;497.03;0.1707;0.0454;9.72;7;0.1948
XAUUSDm;M15;12;64;50;200;0.20;0.15;1;15;14;0;100;0;64;0.80;2.00;0;7;10;13;16;1;16385;2.00;10000;108;13698.27;3158.00;1.73;126.8358;0.4167;20;13;0.6500;-1546.90;714.81;0.1331;0.0562;12.16;7;0.4123
XAUUSDm;M15;12;64;50;200;0.20;0.15;1;15;14;0;100;1;64;0.80;2.00;0;7;10;13;16;1;16385;2.00;10000;104;10279.59;2282.93;1.69;98.8422;0.4135;20;13;0.6500;-1732.14;161.69;0.1368;0.0557;12.00;7;0.4090
XAUUSDm;M15;12;64;50;200;0.20;0.15;1;15;14;0;70;0;64;0.80;2.00;0;7;10;13;16;1;16385;2.00;10000;61;8486.45;2765.41;1.88;139.1221;0.4262;20;11;0.5500;-725.17;360.58;0.1827;0.0854;9.41;6;0.0991
XAUUSDm;M15;12;64;50;200;0.20;0.15;1;15;14;0;70;1;64;0.80;2.00;0;7;10;13;16;1;16385;2.00;10000;57;5617.13;2176.81;1.73;98.5461;0.4211;20;13;0.6500;-984.37;358.22;0.1855;0.0782;9.71;6;0.1058
XAUUSDm;M15;12;64;50;200;0.20;0.15;1;15;14;0;80;1;64;0.80;2.00;0;7;10;13;16;1;16385;2.00;10000;69;8348.10;2461.00;1.84;120.9870;0.4348;20;14;0.7000;-1111.55;468.68;0.1491;0.0681;10.61;6;0.2493
XAUUSDm;M15;12;64;50;200;0.20;0.15;1;15;14;0;90;0;64;0.80;2.00;0;7;10;13;16;1;16385;2.00;10000;91;10271.26;3157.48;1.68;112.8710;0.4066;20;12;0.6000;-1031.25;598.78;0.1510;0.0611;10.36;5;0.2153
XAUUSDm;M15;12;64;50;200;0.20;0.15;1;15;14;0;90;1;64;0.80;2.00;0;7;10;13;16;1;16385;2.00;10000;88;9047.18;2663.45;1.66;102.8089;0.4205;20;13;0.6500;-1518.04;417.58;0.1714;0.0679;10.97;5;0.2324
XAUUSDm;M15;12;96;50;200;0.05;0.15;0;15;14;0;100;1;64;0.80;2.00;0;7;10;13;16;1;16385;2.00;10000;294;15323.62;8062.38;1.25;52.1212;0.3503;20;14;0.7000;-2523.20;855.87;0.1315;0.0264;8.54;8;0.4796
XAUUSDm;M15;12;96;50;200;0.05;0.15;0;15;14;0;70;0;64;0.80;2.00;0;7;10;13;16;1;16385;2.00;10000;259;11058.39;5694.06;1.25;42.6965;0.3398;20;14;0.7000;-1958.36;568.64;0.1620;0.0326;8.22;9;0.3876
XAUUSDm;M15;12;96;50;200;0.05;0.15;0;15;14;0;70;1;64;0.80;2.00;0;7;10;13;16;1;16385;2.00;10000;276;21666.53;7596.39;1.33;78.5019;0.3478;20;14;0.7000;-2950.90;1454.49;0.1165;0.0292;8.21;11;0.6708
XAUUSDm;M15;12;96;50;200;0.05;0.15;1;15;14;0;100;0;64;0.80;2.00;0;7;10;13;16;1;16385;2.00;10000;239;10633.58;4361.63;1.24;44.4920;0.3305;20;11;0.5500;-1709.03;489.79;0.2494;0.0477;9.79;9;0.1752
XAUUSDm;M15;12;96;50;200;0.05;0.15;1;15;14;0;70;0;64;0.80;2.00;0;7;10;13;16;1;16385;2.00;10000;226;12143.08;5240.58;1.29;53.7304;0.3230;20;12;0.6000;-2136.50;847.52;0.2138;0.0483;8.81;11;0.2136
XAUUSDm;M15;12;96;50;200;0.05;0.15;1;15;14;0;90;0;64;0.80;2.00;0;7;10;13;16;1;16385;2.00;10000;235;11245.93;4394.66;1.27;47.8550;0.3277;20;11;0.5500;-1939.63;754.84;0.2161;0.0461;9.64;9;0.2068
XAUUSDm;M15;12;96;50;200;0.05;0.15;1;15;14;0;90;1;64;0.80;2.00;0;7;10;13;16;1;16385;2.00;10000;250;5382.19;6056.29;1.14;21.5288;0.3160;20;11;0.5500;-1756.37;319.42;0.3284;0.0398;9.52;11;0.0485
XAUUSDm;M15;12;96;50;200;0.10;0.15;0;15;14;0;100;0;64;0.80;2.00;0;7;10;13;16;1;16385;2.00;10000;237;11911.16;4525.36;1.25;50.2581;0.3713;20;12;0.6000;-1577.23;760.03;0.1504;0.0299;9.39;7;0.4157
XAUUSDm;M15;12;96;50;200;0.10;0.15;0;15;14;0;70;1;64;0.80;2.00;0;7;10;13;16;1;16385;2.00;10000;238;19379.55;6153.17;1.39;81.4267;0.3739;20;12;0.6000;-2171.72;1675.87;0.1177;0.0330;8.23;11;0.5046
XAUUSDm;M15;12;96;50;200;0.10;0.15;0;15;14;0;80;1;64;0.80;2.00;0;7;10;13;16;1;16385;2.00;10000;242;12966.73;6516.04;1.29;53.5815;0.3636;20;11;0.5500;-2007.90;469.23;0.1425;0.0316;8.32;12;0.2649
XAUUSDm;M15;12;96;50;200;0.10;0.15;0;15;14;0;90;0;64;0.80;2.00;0;7;10;13;16;1;16385;2.00;10000;226;6384.55;5593.26;1.16;28.2502;0.3540;20;11;0.5500;-2315.67;782.75;0.2131;0.0296;9.06;11;0.0972
XAUUSDm;M15;12;96;50;200;0.10;0.15;1;15;14;0;100;0;64;0.80;2.00;0;7;10;13;16;1;16385;2.00;10000;213;8613.17;4445.32;1.20;40.4374;0.3427;20;12;0.6000;-2147.49;172.77;0.2047;0.0338;9.88;8;0.1865
XAUUSDm;M15;12;96;50;200;0.10;0.15;1;15;14;0;80;0;64;0.80;2.00;0;7;10;13;16;1;16385;2.00;10000;193;4630.28;4301.09;1.14;23.9911;0.3316;20;9;0.4500;-1296.68;-180.53;0.2939;0.0367;9.24;10;0.0356
XAUUSDm;M15;12;96;50;200;0.10;0.15;1;15;14;0;80;1;64;0.80;2.00;0;7;10;13;16;1;16385;2.00;10000;189;17951.23;4184.42;1.45;94.9801;0.3810;20;13;0.6500;-1613.48;1079.90;0.1736;0.0543;10.21;8;0.5639
XAUUSDm;M15;12;96;50;200;0.15;0.15;0;15;14;0;100;0;64;0.80;2.00;0;7;10;13;16;1;16385;2.00;10000;211;18291.12;5254.05;1.41;86.6878;0.4123;20;13;0.6500;-1906.84;870.42;0.1113;0.0325;10.63;7;0.6398
XAUUSDm;M15;12;96;50;200;0.15;0.15;0;15;14;0;90;0;64;0.80;2.00;0;7;10;13;16;1;16385;2.00;10000;190;9003.60;5521.90;1.28;47.3874;0.3842;20;11;0.5500;-1497.64;238.84;0.1463;0.0321;9.95;8;0.1800
XAUUSDm;M15;12;96;50;200;0.15;0.15;1;15;14;0;80;0;64;0.80;2.00;0;7;10;13;16;1;16385;2.00;10000;130;11945.15;3421.31;1.54;91.8858;0.3846;20;13;0.6500;-1419.38;733.62;0.1407;0.0491;11.76;9;0.3688
XAUUSDm;M15;12;96;50;200;0.15;0.15;1;15;14;0;90;0;64;0.80;2.00;0;7;10;13;16;1;16385;2.00;10000;143;12044.88;3160.37;1.48;84.2299;0.3916;20;13;0.6500;-1245.67;736.93;0.1453;0.0474;12.29;7;0.4509
XAUUSDm;M15;12;96;50;200;0.20;0.15;0;15;14;0;100;0;64;0.80;2.00;0;7;10;13;16;1;16385;2.00;10000;182;11426.71;5293.21;1.37;62.7841;0.4176;20;15;0.7500;-1328.66;429.82;0.1216;0.0327;10.16;8;0.4614
XAUUSDm;M15;12;96;50;200;0.20;0.15;0;15;14;0;70;0;64;0.80;2.00;0;7;10;13;16;1;16385;2.00;10000;135;12771.76;6692.39;1.51;94.6056;0.4148;20;15;0.7500;-3465.87;897.76;0.1319;0.0445;9.43;11;0.3006
XAUUSDm;M15;12;96;50;200;0.20;0.15;0;15;14;0;70;1;64;0.80;2.00;0;7;10;13;16;1;16385;2.00;10000;143;10603.99;5697.69;1.45;74.1538;0.4126;20;14;0.7000;-2289.30;740.70;0.1299;0.0406;9.60;7;0.2690
XAUUSDm;M15;12;96;50;200;0.20;0.15;0;15;14;0;80;1;64;0.80;2.00;0;7;10;13;16;1;16385;2.00;10000;154;10277.43;5694.04;1.42;66.7366;0.4221;20;14;0.7000;-2266.75;663.30;0.1341;0.0395;10.14;8;0.2874
XAUUSDm;M15;12;96;50;200;0.20;0.15;0;15;14;0;90;0;64;0.80;2.00;0;7;10;13;16;1;16385;2.00;10000;157;5299.05;5260.23;1.23;33.7519;0.3822;20;12;0.6000;-1476.87;207.86;0.2222;0.0418;9.32;11;0.0734
XAUUSDm;M15;12;96;50;200;0.20;0.15;1;15;14;0;70;0;64;0.80;2.00;0;7;10;13;16;1;16385;2.00;10000;58;8483.41;2589.40;1.95;146.2657;0.4483;20;12;0.6000;-1109.96;373.39;0.1433;0.0699;9.74;6;0.1533
XAUUSDm;M15;12;96;50;200;0.20;0.15;1;15;14;0;70;1;64;0.80;2.00;0;7;10;13;16;1;16385;2.00;10000;57;7335.55;2072.55;1.90;128.6939;0.4386;20;9;0.4500;-963.39;-65.11;0.1618;0.0765;9.63;6;0.0831
XAUUSDm;M15;12;96;50;200;0.20;0.15;1;15;14;0;90;0;64;0.80;2.00;0;7;10;13;16;1;16385;2.00;10000;83;7554.39;3149.71;1.61;91.0167;0.4096;20;12;0.6000;-1011.01;277.21;0.1609;0.0609;10.74;7;0.1368
XAUUSDm;M15;12;96;50;200;0.20;0.15;1;15;14;0;90;1;64;0.80;2.00;0;7;10;13;16;1;16385;2.00;10000;79;5487.53;2343.65;1.52;69.4624;0.4051;20;9;0.4500;-989.34;-69.51;0.1899;0.0652;11.24;7;0.0599
