XAUUSDm;M15;12;128;50;200;0.05;0.15;0;15;14;0;100;1;64;0.80;2.00;0;7;10;13;16;1;16385;2.00;10000;294;15323.62;8062.38;1.25;52.1212;0.3503;20;14;0.7000;-2523.20;855.87;0.1315;0.0264;8.54;8;0.4796
XAUUSDm;M15;12;128;50;200;0.10;0.15;0;15;14;0;100;1;64;0.80;2.00;0;7;10;13;16;1;16385;2.00;10000;264;17140.51;6626.49;1.32;64.9262;0.3712;20;14;0.7000;-2108.74;638.42;0.1283;0.0309;8.83;9;0.6211
XAUUSDm;M15;12;128;50;200;0.15;0.15;0;15;14;0;100;1;64;0.80;2.00;0;7;10;13;16;1;16385;2.00;10000;227;27574.57;4446.36;1.60;121.4739;0.4405;20;16;0.8000;-1800.13;1374.00;0.0975;0.0365;10.47;9;1.9845
XAUUSDm;M15;12;128;50;200;0.20;0.15;0;15;14;0;100;1;64;0.80;2.00;0;7;10;13;16;1;16385;2.00;10000;187;7934.87;2729.94;1.34;42.4325;0.4278;20;13;0.6500;-779.17;151.64;0.1341;0.0343;10.24;6;0.4912
XAUUSDm;M15;12;160;50;200;0.05;0.15;0;15;14;0;100;1;64;0.80;2.00;0;7;10;13;16;1;16385;2.00;10000;294;15323.62;8062.38;1.25;52.1212;0.3503;20;14;0.7000;-2523.20;855.87;0.1315;0.0264;8.54;8;0.4796
XAUUSDm;M15;12;160;50;200;0.10;0.15;0;15;14;0;100;1;64;0.80;2.00;0;7;10;13;16;1;16385;2.00;10000;264;17140.51;6626.49;1.32;64.9262;0.3712;20;14;0.7000;-2108.74;638.42;0.1283;0.0309;8.83;9;0.6211
XAUUSDm;M15;12;160;50;200;0.15;0.15;0;15;14;0;100;1;64;0.80;2.00;0;7;10;13;16;1;16385;2.00;10000;225;27523.57;4428.87;1.61;122.3270;0.4400;20;16;0.8000;-1782.64;1241.79;0.0976;0.0369;10.51;9;1.9688
XAUUSDm;M15;12;160;50;200;0.20;0.15;0;15;14;0;100;1;64;0.80;2.00;0;7;10;13;16;1;16385;2.00;10000;185;8021.94;2690.56;1.35;43.3618;0.4270;20;13;0.6500;-779.17;151.64;0.1327;0.0346;10.29;6;0.4976
XAUUSDm;M15;12;64;50;200;0.05;0.15;0;15;14;0;100;1;64;0.80;2.00;0;7;10;13;16;1;16385;2.00;10000;297;16360.32;7889.55;1.27;55.0853;0.3535;20;14;0.7000;-2469.75;1120.03;0.1272;0.0270;8.51;8;0.5335
XAUUSDm;M15;12;64;50;200;0.10;0.15;0;15;14;0;100;1;64;0.80;2.00;0;7;10;13;16;1;16385;2.00;10000;266;20113.76;6915.75;1.34;75.6156;0.3797;20;15;0.7500;-2336.54;872.22;0.1215;0.0307;8.84;9;0.8262
XAUUSDm;M15;12;64;50;200;0.15;0.15;0;15;14;0;100;1;64;0.80;2.00;0;7;10;13;16;1;16385;2.00;10000;230;27758.56;4446.36;1.57;120.6894;0.4391;20;16;0.8000;-1800.13;1270.34;0.0968;0.0351;10.42;7;2.0177
XAUUSDm;M15;12;64;50;200;0.20;0.15;0;15;14;0;100;1;64;0.80;2.00;0;7;10;13;16;1;16385;2.00;10000;192;10928.35;3533.81;1.40;56.9185;0.4323;20;15;0.7500;-1129.44;327.05;0.1142;0.0326;10.37;7;0.7219
XAUUSDm;M15;12;96;50;200;0.05;0.15;0;15;14;0;100;1;64;0.80;2.00;0;7;10;13;16;1;16385;2.00;10000;294;15323.62;8062.38;1.25;52.1212;0.3503;20;14;0.7000;-2523.20;855.87;0.1315;0.0264;8.54;8;0.4796
XAUUSDm;M15;12;96;50;200;0.10;0.15;0;15;14;0;100;1;64;0.80;2.00;0;7;10;13;16;1;16385;2.00;10000;264;17140.51;6626.49;1.32;64.9262;0.3712;20;14;0.7000;-2108.74;638.42;0.1283;0.0309;8.83;9;0.6211
XAUUSDm;M15;12;96;50;200;0.15;0.15;0;15;14;0;100;1;64;0.80;2.00;0;7;10;13;16;1;16385;2.00;10000;225;28832.15;4612.92;1.63;128.1429;0.4400;20;16;0.8000;-1887.00;1241.79;0.0960;0.0372;10.56;9;1.9801
XAUUSDm;M15;12;96;50;200;0.20;0.15;0;15;14;0;100;1;64;0.80;2.00;0;7;10;13;16;1;16385;2.00;10000;187;9612.33;3165.15;1.41;51.4028;0.4278;20;14;0.7000;-1037.81;271.70;0.1167;0.0337;10.53;6;0.5952
