XAUUSDm;M15;12;96;15;200;0.10;0.15;0;15;8;0;100;1;64;0.20;1.80;0;7;10;13;16;1;16385;2.00;10000;114;-3130.36;4194.64;0.80;-27.4593;0.2105;12;5;0.4167;-2143.71;-222.74;1.0000;0.0756;3.37;17;0.0000
XAUUSDm;M15;12;96;15;200;0.10;0.15;0;15;8;0;100;1;64;0.40;1.40;0;7;10;13;16;1;16385;2.00;10000;114;-2907.32;4094.29;0.80;-25.5028;0.2895;12;4;0.3333;-1369.76;-169.90;1.0000;0.0571;2.99;16;0.0000
XAUUSDm;M15;12;96;15;200;0.10;0.15;0;15;8;0;100;1;64;0.80;1.40;0;7;10;13;16;0;16385;2.00;10000;219;-3706.99;5434.05;0.84;-16.9269;0.3607;12;5;0.4167;-1484.35;-322.22;1.0000;0.0376;4.68;13;0.0000
XAUUSDm;M15;12;96;15;200;0.10;0.15;0;15;8;0;100;1;64;0.80;2.00;0;7;10;13;16;1;16385;2.00;10000;109;-997.14;3484.35;0.93;-9.1481;0.2936;12;7;0.5833;-1570.61;203.60;1.0000;0.0661;5.21;9;0.0000
XAUUSDm;M15;12;96;20;200;0.10;0.15;0;15;8;0;100;1;64;0.20;1.20;0;7;10;13;16;1;16385;2.00;10000;136;-2418.18;4480.29;0.85;-17.7807;0.3162;12;4;0.3333;-2092.69;-180.78;1.0000;0.0536;2.37;15;0.0000
XAUUSDm;M15;12;96;20;200;0.10;0.15;0;15;8;0;100;1;64;0.40;1.80;0;7;10;13;16;0;16385;2.00;10000;244;-3763.10;5382.61;0.87;-15.4225;0.2582;12;5;0.4167;-2111.48;-266.45;1.0000;0.0357;5.38;16;0.0000
XAUUSDm;M15;12;96;20;200;0.10;0.15;0;15;8;0;100;1;64;0.60;1.80;0;7;10;13;16;0;16385;2.00;10000;241;-5369.27;6333.06;0.78;-22.2791;0.2656;12;2;0.1667;-1488.08;-372.81;1.0000;0.0371;5.83;19;0.0000
XAUUSDm;M15;12;96;20;200;0.10;0.15;0;15;8;0;100;1;64;0.80;1.40;0;7;10;13;16;1;16385;2.00;10000;124;-1454.12;5068.04;0.91;-11.7268;0.3710;12;4;0.3333;-1332.59;-119.62;1.0000;0.0394;4.76;10;0.0000
XAUUSDm;M15;12;96;25;200;0.10;0.15;0;15;8;0;100;1;64;0.20;1.60;0;7;10;13;16;0;16385;2.00;10000;279;-3041.24;7970.86;0.92;-10.9005;0.2652;12;5;0.4167;-3477.42;-544.40;1.0000;0.0323;4.57;18;0.0000
XAUUSDm;M15;12;96;25;200;0.10;0.15;0;15;8;0;100;1;64;0.40;1.80;0;7;10;13;16;0;16385;2.00;10000;265;-3509.90;7890.51;0.90;-13.2449;0.2717;12;5;0.4167;-2679.05;-376.48;1.0000;0.0345;5.82;13;0.0000
XAUUSDm;M15;12;96;25;200;0.10;0.15;0;15;8;0;100;1;64;0.40;1.80;0;7;10;13;16;1;16385;2.00;10000;140;650.42;5565.23;1.03;4.6459;0.2857;12;5;0.4167;-2319.90;-101.65;1.9195;0.0503;4.78;20;0.0005
XAUUSDm;M15;12;96;25;200;0.10;0.15;0;15;8;0;100;1;64;0.60;2.00;0;7;10;13;16;1;16385;2.00;10000;138;-2277.57;5380.20;0.88;-16.5041;0.2754;12;5;0.4167;-1970.77;-315.20;1.0000;0.0567;6.14;19;0.0000
XAUUSDm;M15;12;96;25;200;0.10;0.15;0;15;8;0;100;1;64;0.80;1.40;0;7;10;13;16;1;16385;2.00;10000;139;-1136.06;3970.37;0.93;-8.1731;0.3813;12;5;0.4167;-1493.52;-176.95;1.0000;0.0366;5.28;9;0.0000
XAUUSDm;M15;12;96;25;200;0.10;0.15;0;15;8;0;100;1;64;0.80;2.00;0;7;10;13;16;0;16385;2.00;10000;254;-4816.18;6365.32;0.81;-18.9613;0.2953;12;5;0.4167;-2603.00;-491.52;1.0000;0.0379;7.75;12;0.0000
XAUUSDm;M15;12;96;30;200;0.10;0.15;0;15;8;0;100;1;64;0.20;1.60;0;7;10;13;16;1;16385;2.00;10000;148;-973.18;7312.54;0.96;-6.5755;0.2500;12;6;0.5000;-2611.53;-181.40;1.0000;0.0545;3.58;17;0.0000
XAUUSDm;M15;12;96;30;200;0.10;0.15;0;15;8;0;100;1;64;0.20;2.00;0;7;10;13;16;0;16385;2.00;10000;279;-1223.71;9648.65;0.97;-4.3861;0.2294;12;5;0.4167;-4257.62;-196.98;1.0000;0.0403;5.76;17;0.0000
XAUUSDm;M15;12;96;30;200;0.10;0.15;0;15;8;0;100;1;64;0.40;2.00;0;7;10;13;16;0;16385;2.00;10000;269;-1851.29;8696.27;0.95;-6.8821;0.2565;12;5;0.4167;-3601.99;-432.20;1.0000;0.0343;6.55;15;0.0000
XAUUSDm;M15;12;96;30;200;0.10;0.15;0;15;8;0;100;1;64;0.60;1.20;0;7;10;13;16;1;16385;2.00;10000;149;1434.39;5201.32;1.07;9.6268;0.4228;12;7;0.5833;-1455.73;471.51;0.6255;0.0383;3.63;8;0.0118
XAUUSDm;M15;12;96;30;200;0.10;0.15;0;15;8;0;100;1;64;0.60;2.00;0;7;10;13;16;0;16385;2.00;10000;264;-4131.99;7161.16;0.86;-15.6515;0.2652;12;5;0.4167;-3024.60;-331.85;1.0000;0.0368;6.91;15;0.0000
XAUUSDm;M15;12;96;35;200;0.10;0.15;0;15;8;0;100;1;64;0.40;1.80;0;7;10;13;16;0;16385;2.00;10000;292;-2019.33;4762.75;0.94;-6.9155;0.2705;12;6;0.5000;-1592.88;-4.53;1.0000;0.0289;6.39;15;0.0000
XAUUSDm;M15;12;96;35;200;0.10;0.15;0;15;8;0;100;1;64;0.40;2.00;0;7;10;13;16;0;16385;2.00;10000;286;-1962.89;5275.22;0.94;-6.8633;0.2587;12;6;0.5000;-2846.30;0.50;1.0000;0.0321;6.97;15;0.0000
XAUUSDm;M15;12;96;35;200;0.10;0.15;0;15;8;0;100;1;64;0.60;1.40;0;7;10;13;16;0;16385;2.00;10000;296;-3245.75;6476.44;0.91;-10.9654;0.3378;12;2;0.1667;-1686.38;-346.46;1.0000;0.0238;5.65;14;0.0000
XAUUSDm;M15;12;96;35;200;0.10;0.15;0;15;8;0;100;1;64;0.60;1.40;0;7;10;13;16;1;16385;2.00;10000;145;-689.90;3536.22;0.97;-4.7579;0.3448;12;5;0.4167;-1495.34;-310.92;1.0000;0.0467;4.90;9;0.0000
XAUUSDm;M15;12;96;35;200;0.10;0.15;0;15;8;0;100;1;64;0.60;1.80;0;7;10;13;16;1;16385;2.00;10000;141;3728.00;4035.68;1.16;26.4397;0.3262;12;5;0.4167;-1782.88;-144.98;0.3803;0.0512;5.83;9;0.0243
XAUUSDm;M15;12;96;35;200;0.10;0.15;0;15;8;0;100;1;64;0.80;1.20;0;7;10;13;16;0;16385;2.00;10000;303;-3242.58;6861.74;0.90;-10.7016;0.4125;12;4;0.3333;-1832.63;-510.61;1.0000;0.0205;5.26;10;0.0000
XAUUSDm;M15;12;96;35;200;0.10;0.15;0;15;8;0;100;1;64;0.80;1.80;0;7;10;13;16;0;16385;2.00;10000;276;-3534.66;6339.19;0.85;-12.8067;0.3152;12;4;0.3333;-1751.87;-205.47;1.0000;0.0271;7.60;15;0.0000
XAUUSDm;M15;16;96;15;200;0.10;0.15;0;15;8;0;100;1;64;0.20;1.20;0;7;10;13;16;0;16385;2.00;10000;238;-5048.41;6162.81;0.79;-21.2118;0.3067;12;3;0.2500;-1280.72;-414.52;1.0000;0.0547;2.81;15;0.0000
XAUUSDm;M15;16;96;15;200;0.10;0.15;0;15;8;0;100;1;64;0.20;1.20;0;7;10;13;16;1;16385;2.00;10000;121;-2444.10;3179.46;0.84;-20.1992;0.3140;12;5;0.4167;-1280.55;-307.78;1.0000;0.0582;1.89;9;0.0000
XAUUSDm;M15;16;96;15;200;0.10;0.15;0;15;8;0;100;1;64;0.20;1.40;0;7;10;13;16;1;16385;2.00;10000;117;-4193.35;4691.14;0.71;-35.8406;0.2393;12;4;0.3333;-1148.77;-460.96;1.0000;0.0659;2.34;17;0.0000
XAUUSDm;M15;16;96;15;200;0.10;0.15;0;15;8;0;100;1;64;0.60;1.20;0;7;10;13;16;0;16385;2.00;10000;231;-4493.56;6134.86;0.80;-19.4526;0.3766;12;3;0.2500;-1358.20;-289.18;1.0000;0.0374;3.59;14;0.0000
XAUUSDm;M15;16;96;15;200;0.10;0.15;0;15;8;0;100;1;64;0.80;1.40;0;7;10;13;16;1;16385;2.00;10000;112;-2267.38;3332.86;0.83;-20.2445;0.3482;12;4;0.3333;-854.66;-202.69;1.0000;0.0520;3.70;7;0.0000
XAUUSDm;M15;16;96;15;200;0.10;0.15;0;15;8;0;100;1;64;0.80;1.80;0;7;10;13;16;1;16385;2.00;10000;110;-347.24;2668.98;0.98;-3.1567;0.3182;12;9;0.7500;-989.13;68.12;1.0000;0.0601;4.84;9;0.0000
XAUUSDm;M15;16;96;20;200;0.10;0.15;0;15;8;0;100;1;64;0.20;1.20;0;7;10;13;16;1;16385;2.00;10000;136;-2418.18;4480.29;0.85;-17.7807;0.3162;12;4;0.3333;-2092.69;-180.78;1.0000;0.0536;2.37;15;0.0000
XAUUSDm;M15;16;96;20;200;0.10;0.15;0;15;8;0;100;1;64;0.20;1.40;0;7;10;13;16;0;16385;2.00;10000;262;-3716.34;5627.39;0.88;-14.1845;0.2786;12;4;0.3333;-1392.09;-433.39;1.0000;0.0356;4.16;10;0.0000
XAUUSDm;M15;16;96;20;200;0.10;0.15;0;15;8;0;100;1;64;0.20;1.80;0;7;10;13;16;0;16385;2.00;10000;252;-4610.34;5881.86;0.83;-18.2950;0.2262;12;5;0.4167;-1817.72;-72.07;1.0000;0.0446;4.85;16;0.0000
XAUUSDm;M15;16;96;20;200;0.10;0.15;0;15;8;0;100;1;64;0.40;1.20;0;7;10;13;16;0;16385;2.00;10000;264;-4206.06;6361.97;0.85;-15.9320;0.3523;12;4;0.3333;-1001.39;-415.08;1.0000;0.0295;3.83;9;0.0000
XAUUSDm;M15;16;96;20;200;0.10;0.15;0;15;8;0;100;1;64;0.40;1.60;0;7;10;13;16;0;16385;2.00;10000;248;-1898.32;6623.60;0.95;-7.6545;0.2903;12;5;0.4167;-2056.78;-131.78;1.0000;0.0310;4.75;16;0.0000
XAUUSDm;M15;16;96;20;200;0.10;0.15;0;15;8;0;100;1;64;0.80;1.20;0;7;10;13;16;0;16385;2.00;10000;256;-4588.99;7062.54;0.82;-17.9257;0.3984;12;5;0.4167;-1651.98;-312.15;1.0000;0.0287;4.78;12;0.0000
XAUUSDm;M15;16;96;20;200;0.10;0.15;0;15;8;0;100;1;64;0.80;1.60;0;7;10;13;16;1;16385;2.00;10000;123;-486.26;5773.43;0.97;-3.9533;0.3496;12;7;0.5833;-1510.05;73.29;1.0000;0.0418;5.14;10;0.0000
XAUUSDm;M15;16;96;20;200;0.10;0.15;0;15;8;0;100;1;64;0.80;1.80;0;7;10;13;16;1;16385;2.00;10000;121;-472.77;4646.73;0.97;-3.9072;0.3223;12;7;0.5833;-1282.01;172.72;1.0000;0.0466;5.99;10;0.0000
XAUUSDm;M15;16;96;25;200;0.10;0.15;0;15;8;0;100;1;64;0.40;1.20;0;7;10;13;16;1;16385;2.00;10000;147;52.42;4302.58;1.00;0.3566;0.3878;12;5;0.4167;-1622.09;-184.10;15.1994;0.0389;3.07;9;0.0000
XAUUSDm;M15;16;96;30;200;0.10;0.15;0;15;8;0;100;1;64;0.20;1.40;0;7;10;13;16;1;16385;2.00;10000;149;-1872.30;6261.45;0.91;-12.5658;0.2685;12;6;0.5000;-2615.08;-285.53;1.0000;0.0485;3.25;10;0.0000
XAUUSDm;M15;16;96;30;200;0.10;0.15;0;15;8;0;100;1;64;0.20;1.60;0;7;10;13;16;1;16385;2.00;10000;148;-973.18;7312.54;0.96;-6.5755;0.2500;12;6;0.5000;-2611.53;-181.40;1.0000;0.0545;3.58;17;0.0000
XAUUSDm;M15;16;96;30;200;0.10;0.15;0;15;8;0;100;1;64;0.40;2.00;0;7;10;13;16;1;16385;2.00;10000;139;845.62;7416.80;1.03;6.0836;0.2518;12;7;0.5833;-3052.15;62.95;1.7940;0.0582;5.47;17;0.0009
XAUUSDm;M15;16;96;30;200;0.10;0.15;0;15;8;0;100;1;64;0.60;1.20;0;7;10;13;16;0;16385;2.00;10000;293;-4153.61;10301.21;0.88;-14.1761;0.3823;12;4;0.3333;-2133.43;-1073.25;1.0000;0.0242;4.19;12;0.0000
XAUUSDm;M15;16;96;30;200;0.10;0.15;0;15;8;0;100;1;64;0.80;1.20;0;7;10;13;16;0;16385;2.00;10000;284;-4123.91;9728.39;0.87;-14.5208;0.4049;12;4;0.3333;-2532.22;-733.87;1.0000;0.0254;4.95;12;0.0000
XAUUSDm;M15;16;96;35;200;0.10;0.15;0;15;8;0;100;1;64;0.20;1.20;0;7;10;13;16;0;16385;2.00;10000;331;-1416.98;6652.80;0.97;-4.2809;0.3474;12;5;0.4167;-1386.33;-339.67;1.0000;0.0234;3.86;12;0.0000
XAUUSDm;M15;16;96;35;200;0.10;0.15;0;15;8;0;100;1;64;0.20;1.40;0;7;10;13;16;1;16385;2.00;10000;148;-1078.45;5245.46;0.95;-7.2868;0.2770;12;6;0.5000;-1457.06;-118.11;1.0000;0.0523;3.88;9;0.0000
XAUUSDm;M15;16;96;35;200;0.10;0.15;0;15;8;0;100;1;64;0.20;1.60;0;7;10;13;16;1;16385;2.00;10000;148;436.56;6030.50;1.02;2.9497;0.2635;12;7;0.5833;-1685.74;186.75;2.7835;0.0528;4.25;9;0.0004
XAUUSDm;M15;16;96;35;200;0.10;0.15;0;15;8;0;100;1;64;0.20;1.80;0;7;10;13;16;1;16385;2.00;10000;144;4084.86;6333.50;1.16;28.3671;0.2639;12;7;0.5833;-1756.25;620.97;0.4534;0.0629;4.65;9;0.0230
XAUUSDm;M15;16;96;35;200;0.10;0.15;0;15;8;0;100;1;64;0.40;1.80;0;7;10;13;16;1;16385;2.00;10000;142;4911.77;5294.33;1.18;34.5899;0.2958;12;6;0.5000;-1811.63;83.43;0.3557;0.0532;5.13;9;0.0342
XAUUSDm;M15;16;96;35;200;0.10;0.15;0;15;8;0;100;1;64;0.40;2.00;0;7;10;13;16;1;16385;2.00;10000;140;1957.27;6092.85;1.07;13.9805;0.2571;12;6;0.5000;-2658.87;42.64;0.8507;0.0590;6.03;16;0.0042
XAUUSDm;M15;16;96;35;200;0.10;0.15;0;15;8;0;100;1;64;0.60;1.40;0;7;10;13;16;0;16385;2.00;10000;296;-3245.75;6476.44;0.91;-10.9654;0.3378;12;2;0.1667;-1686.38;-346.46;1.0000;0.0238;5.65;14;0.0000
XAUUSDm;M15;16;96;35;200;0.10;0.15;0;15;8;0;100;1;64;0.60;1.40;0;7;10;13;16;1;16385;2.00;10000;145;-689.90;3536.22;0.97;-4.7579;0.3448;12;5;0.4167;-1495.34;-310.92;1.0000;0.0467;4.90;9;0.0000
XAUUSDm;M15;16;96;35;200;0.10;0.15;0;15;8;0;100;1;64;0.60;1.60;0;7;10;13;16;0;16385;2.00;10000;288;-3431.20;5241.24;0.88;-11.9139;0.3194;12;6;0.5000;-1471.50;1.70;1.0000;0.0268;6.39;14;0.0000
XAUUSDm;M15;16;96;35;200;0.10;0.15;0;15;8;0;100;1;64;0.60;1.80;0;7;10;13;16;1;16385;2.00;10000;141;3728.00;4035.68;1.16;26.4397;0.3262;12;5;0.4167;-1782.88;-144.98;0.3803;0.0512;5.83;9;0.0243
XAUUSDm;M15;16;96;35;200;0.10;0.15;0;15;8;0;100;1;64;0.60;2.00;0;7;10;13;16;0;16385;2.00;10000;277;-3345.02;6142.17;0.88;-12.0759;0.2816;12;6;0.5000;-1568.99;-66.13;1.0000;0.0319;7.52;14;0.0000
XAUUSDm;M15;16;96;35;200;0.10;0.15;0;15;8;0;100;1;64;0.80;1.20;0;7;10;13;16;1;16385;2.00;10000;148;3117.14;4032.60;1.15;21.0618;0.4662;12;7;0.5833;-1421.49;98.96;0.2811;0.0372;4.85;7;0.0807
XAUUSDm;M15;16;96;35;200;0.10;0.15;0;15;8;0;100;1;64;0.80;1.40;0;7;10;13;16;0;16385;2.00;10000;289;-3277.06;5716.08;0.89;-11.3393;0.3599;12;3;0.2500;-1976.91;-270.75;1.0000;0.0236;6.15;15;0.0000
XAUUSDm;M15;16;96;35;200;0.10;0.15;0;15;8;0;100;1;64;0.80;1.40;0;7;10;13;16;1;16385;2.00;10000;143;1225.24;2852.83;1.06;8.5681;0.3916;12;5;0.4167;-780.12;-108.86;0.7316;0.0445;6.13;7;0.0071
XAUUSDm;M15;16;96;35;200;0.10;0.15;0;15;8;0;100;1;64;0.80;1.60;0;7;10;13;16;0;16385;2.00;10000;281;-3572.15;5140.33;0.86;-12.7123;0.3381;12;3;0.2500;-1877.77;-203.34;1.0000;0.0259;7.12;15;0.0000
XAUUSDm;M15;20;96;15;200;0.10;0.15;0;15;8;0;100;1;64;0.40;1.60;0;7;10;13;16;0;16385;2.00;10000;220;-3222.59;8330.41;0.89;-14.6481;0.2773;12;5;0.4167;-2582.23;-301.52;1.0000;0.0470;4.03;16;0.0000
XAUUSDm;M15;20;96;15;200;0.10;0.15;0;15;8;0;100;1;64;0.40;1.80;0;7;10;13;16;0;16385;2.00;10000;219;-3494.47;6706.62;0.88;-15.9565;0.2511;12;5;0.4167;-2450.30;-313.55;1.0000;0.0594;4.54;19;0.0000
XAUUSDm;M15;20;96;15;200;0.10;0.15;0;15;8;0;100;1;64;0.40;2.00;0;7;10;13;16;1;16385;2.00;10000;111;-2102.84;3683.78;0.87;-18.9445;0.2342;12;6;0.5000;-1526.87;-89.05;1.0000;0.0663;4.29;16;0.0000
XAUUSDm;M15;20;96;15;200;0.10;0.15;0;15;8;0;100;1;64;0.60;1.60;0;7;10;13;16;1;16385;2.00;10000;111;-1894.60;4473.66;0.88;-17.0685;0.2973;12;6;0.5000;-1354.43;-75.60;1.0000;0.0563;3.64;15;0.0000
XAUUSDm;M15;20;96;15;200;0.10;0.15;0;15;8;0;100;1;64;0.80;2.00;0;7;10;13;16;0;16385;2.00;10000;210;-3414.69;6150.33;0.86;-16.2604;0.2905;12;4;0.3333;-2358.16;-431.58;1.0000;0.0539;6.11;18;0.0000
XAUUSDm;M15;20;96;15;200;0.10;0.15;0;15;8;0;100;1;64;0.80;2.00;0;7;10;13;16;1;16385;2.00;10000;109;-824.96;3727.08;0.94;-7.5684;0.2936;12;7;0.5833;-1602.13;223.71;1.0000;0.0643;5.20;9;0.0000
XAUUSDm;M15;20;96;20;200;0.10;0.15;0;15;8;0;100;1;64;0.20;1.60;0;7;10;13;16;0;16385;2.00;10000;255;-4181.60;7043.40;0.87;-16.3984;0.2431;12;3;0.2500;-1935.58;-212.54;1.0000;0.0440;4.24;16;0.0000
XAUUSDm;M15;20;96;20;200;0.10;0.15;0;15;8;0;100;1;64;0.60;1.40;0;7;10;13;16;1;16385;2.00;10000;126;-2876.37;4603.77;0.81;-22.8283;0.3254;12;4;0.3333;-1048.02;-278.89;1.0000;0.0440;3.96;10;0.0000
XAUUSDm;M15;20;96;25;200;0.10;0.15;0;15;8;0;100;1;64;0.20;1.20;0;7;10;13;16;0;16385;2.00;10000;297;-4050.57;8596.71;0.89;-13.6383;0.3300;12;4;0.3333;-1741.39;-618.33;1.0000;0.0303;3.42;14;0.0000
XAUUSDm;M15;20;96;25;200;0.10;0.15;0;15;8;0;100;1;64;0.40;1.40;0;7;10;13;16;0;16385;2.00;10000;277;-4468.15;8863.52;0.87;-16.1305;0.3069;12;4;0.3333;-1875.61;-690.61;1.0000;0.0299;4.80;12;0.0000
XAUUSDm;M15;20;96;25;200;0.10;0.15;0;15;8;0;100;1;64;0.60;2.00;0;7;10;13;16;0;16385;2.00;10000;257;-4060.24;7372.13;0.87;-15.7986;0.2802;12;6;0.5000;-2908.66;-197.41;1.0000;0.0370;6.89;12;0.0000
XAUUSDm;M15;20;96;25;200;0.10;0.15;0;15;8;0;100;1;64;0.80;1.20;0;7;10;13;16;0;16385;2.00;10000;279;-4518.29;8810.52;0.84;-16.1946;0.4086;12;4;0.3333;-1882.22;-565.12;1.0000;0.0238;4.78;12;0.0000
XAUUSDm;M15;20;96;25;200;0.10;0.15;0;15;8;0;100;1;64;0.80;1.20;0;7;10;13;16;1;16385;2.00;10000;141;341.62;4155.58;1.02;2.4228;0.4539;12;6;0.5000;-1752.94;23.57;1.7169;0.0325;4.05;8;0.0010
XAUUSDm;M15;20;96;25;200;0.10;0.15;0;15;8;0;100;1;64;0.80;1.40;0;7;10;13;16;0;16385;2.00;10000;266;-4510.78;7999.48;0.83;-16.9578;0.3609;12;5;0.4167;-1732.06;-557.54;1.0000;0.0265;5.64;12;0.0000
XAUUSDm;M15;20;96;25;200;0.10;0.15;0;15;8;0;100;1;64;0.80;2.00;0;7;10;13;16;0;16385;2.00;10000;254;-4535.00;6705.49;0.83;-17.8543;0.2953;12;6;0.5000;-2678.08;-267.91;1.0000;0.0364;7.75;12;0.0000
XAUUSDm;M15;20;96;30;200;0.10;0.15;0;15;8;0;100;1;64;0.40;1.20;0;7;10;13;16;1;16385;2.00;10000;148;1459.41;6132.30;1.06;9.8609;0.3784;12;7;0.5833;-1670.11;469.02;0.7006;0.0406;3.20;10;0.0081
XAUUSDm;M15;20;96;30;200;0.10;0.15;0;15;8;0;100;1;64;0.60;1.40;0;7;10;13;16;0;16385;2.00;10000;280;-4053.18;8305.43;0.87;-14.4756;0.3286;12;4;0.3333;-2029.54;-647.39;1.0000;0.0264;5.00;15;0.0000
XAUUSDm;M15;20;96;30;200;0.10;0.15;0;15;8;0;100;1;64;0.60;1.40;0;7;10;13;16;1;16385;2.00;10000;144;89.07;4512.47;1.00;0.6185;0.3542;12;5;0.4167;-1619.06;-331.66;10.9027;0.0464;4.31;9;0.0000
XAUUSDm;M15;20;96;30;200;0.10;0.15;0;15;8;0;100;1;64;0.60;1.80;0;7;10;13;16;0;16385;2.00;10000;266;-2137.26;6198.82;0.93;-8.0348;0.2932;12;6;0.5000;-2533.16;-242.22;1.0000;0.0328;6.23;15;0.0000
XAUUSDm;M15;20;96;30;200;0.10;0.15;0;15;8;0;100;1;64;0.80;1.20;0;7;10;13;16;1;16385;2.00;10000;145;1872.03;4560.90;1.09;12.9106;0.4552;12;7;0.5833;-1333.35;235.22;0.4458;0.0384;4.78;7;0.0258
XAUUSDm;M15;20;96;30;200;0.10;0.15;0;15;8;0;100;1;64;0.80;1.40;0;7;10;13;16;0;16385;2.00;10000;272;-3504.30;8389.16;0.89;-12.8835;0.3603;12;5;0.4167;-2431.94;-520.93;1.0000;0.0260;5.80;12;0.0000
XAUUSDm;M15;20;96;35;200;0.10;0.15;0;15;8;0;100;1;64;0.20;1.20;0;7;10;13;16;0;16385;2.00;10000;329;-645.41;6853.25;0.99;-1.9617;0.3465;12;5;0.4167;-1752.87;-356.94;1.0000;0.0228;3.89;12;0.0000
XAUUSDm;M15;20;96;35;200;0.10;0.15;0;15;8;0;100;1;64;0.20;2.00;0;7;10;13;16;1;16385;2.00;10000;141;1259.22;5991.64;1.05;8.9306;0.2270;12;6;0.5000;-2484.68;-104.15;1.4484;0.0717;5.44;16;0.0015
XAUUSDm;M15;20;96;35;200;0.10;0.15;0;15;8;0;100;1;64;0.40;1.60;0;7;10;13;16;1;16385;2.00;10000;145;1515.13;4966.56;1.06;10.4492;0.2966;12;6;0.5000;-1554.60;-150.65;0.8784;0.0510;4.69;9;0.0047
XAUUSDm;M15;20;96;35;200;0.10;0.15;0;15;8;0;100;1;64;0.60;1.20;0;7;10;13;16;1;16385;2.00;10000;147;1251.25;5079.80;1.06;8.5119;0.4150;12;7;0.5833;-1399.08;269.82;0.7171;0.0398;4.20;8;0.0089
XAUUSDm;M15;20;96;35;200;0.10;0.15;0;15;8;0;100;1;64;0.60;2.00;0;7;10;13;16;1;16385;2.00;10000;138;1685.07;4534.13;1.07;12.2107;0.2899;12;4;0.3333;-2010.90;-188.78;0.8564;0.0584;6.74;10;0.0024
XAUUSDm;M15;20;96;35;200;0.10;0.15;0;15;8;0;100;1;64;0.80;1.40;0;7;10;13;16;1;16385;2.00;10000;142;1457.57;2774.50;1.08;10.2646;0.3944;12;5;0.4167;-802.26;-53.35;0.6321;0.0451;6.10;7;0.0101
XAUUSDm;M15;8;96;15;200;0.10;0.15;0;15;8;0;100;1;64;0.20;1.20;0;7;10;13;16;0;16385;2.00;10000;238;-5048.41;6162.81;0.79;-21.2118;0.3067;12;3;0.2500;-1280.72;-414.52;1.0000;0.0547;2.81;15;0.0000
XAUUSDm;M15;8;96;15;200;0.10;0.15;0;15;8;0;100;1;64;0.20;1.20;0;7;10;13;16;1;16385;2.00;10000;121;-2444.10;3179.46;0.84;-20.1992;0.3140;12;5;0.4167;-1280.55;-307.78;1.0000;0.0582;1.89;9;0.0000
XAUUSDm;M15;8;96;15;200;0.10;0.15;0;15;8;0;100;1;64;0.20;1.40;0;7;10;13;16;0;16385;2.00;10000;230;-5036.35;7113.27;0.81;-21.8972;0.2609;12;4;0.3333;-1121.99;-366.76;1.0000;0.0604;3.38;18;0.0000
XAUUSDm;M15;8;96;15;200;0.10;0.15;0;15;8;0;100;1;64;0.20;1.40;0;7;10;13;16;1;16385;2.00;10000;117;-4193.35;4691.14;0.71;-35.8406;0.2393;12;4;0.3333;-1148.77;-460.96;1.0000;0.0659;2.34;17;0.0000
XAUUSDm;M15;8;96;15;200;0.10;0.15;0;15;8;0;100;1;64;0.20;1.60;0;7;10;13;16;1;16385;2.00;10000;116;-3256.95;4143.52;0.80;-28.0772;0.2241;12;3;0.2500;-1346.95;-368.82;1.0000;0.0665;2.56;17;0.0000
XAUUSDm;M15;8;96;15;200;0.10;0.15;0;15;8;0;100;1;64;0.20;1.80;0;7;10;13;16;0;16385;2.00;10000;226;-4298.38;7358.82;0.84;-19.0194;0.2212;12;5;0.4167;-2104.07;-362.06;1.0000;0.0796;3.93;19;0.0000
XAUUSDm;M15;8;96;15;200;0.10;0.15;0;15;8;0;100;1;64;0.20;1.80;0;7;10;13;16;1;16385;2.00;10000;114;-3130.36;4194.64;0.80;-27.4593;0.2105;12;5;0.4167;-2143.71;-222.74;1.0000;0.0756;3.37;17;0.0000
XAUUSDm;M15;8;96;15;200;0.10;0.15;0;15;8;0;100;1;64;0.20;2.00;0;7;10;13;16;0;16385;2.00;10000;223;-4195.49;7278.91;0.85;-18.8139;0.2063;12;4;0.3333;-2009.29;-233.38;1.0000;0.0853;4.48;18;0.0000
XAUUSDm;M15;8;96;15;200;0.10;0.15;0;15;8;0;100;1;64;0.40;1.60;0;7;10;13;16;1;16385;2.00;10000;113;-1736.83;4205.75;0.90;-15.3702;0.2743;12;7;0.5833;-1591.92;67.29;1.0000;0.0572;3.23;16;0.0000
XAUUSDm;M15;8;96;15;200;0.10;0.15;0;15;8;0;100;1;64;0.40;2.00;0;7;10;13;16;0;16385;2.00;10000;217;-3577.71;6604.68;0.87;-16.4871;0.2396;12;5;0.4167;-2325.22;-293.04;1.0000;0.0672;5.12;17;0.0000
XAUUSDm;M15;8;96;15;200;0.10;0.15;0;15;8;0;100;1;64;0.60;1.40;0;7;10;13;16;0;16385;2.00;10000;223;-3585.20;6645.16;0.86;-16.0771;0.3408;12;4;0.3333;-1598.69;-358.05;1.0000;0.0374;4.24;14;0.0000
XAUUSDm;M15;8;96;15;200;0.10;0.15;0;15;8;0;100;1;64;0.60;1.60;0;7;10;13;16;1;16385;2.00;10000;111;-2174.90;4342.95;0.86;-19.5937;0.2973;12;5;0.4167;-1307.67;-82.38;1.0000;0.0536;3.64;15;0.0000
XAUUSDm;M15;8;96;15;200;0.10;0.15;0;15;8;0;100;1;64;0.60;2.00;0;7;10;13;16;0;16385;2.00;10000;213;-3549.01;6089.42;0.87;-16.6620;0.2723;12;4;0.3333;-1717.24;-350.40;1.0000;0.0591;5.77;18;0.0000
XAUUSDm;M15;8;96;15;200;0.10;0.15;0;15;8;0;100;1;64;0.60;2.00;0;7;10;13;16;1;16385;2.00;10000;109;-3215.57;4488.30;0.78;-29.5006;0.2477;12;6;0.5000;-1405.76;-128.46;1.0000;0.0707;4.78;15;0.0000
XAUUSDm;M15;8;96;15;200;0.10;0.15;0;15;8;0;100;1;64;0.80;1.20;0;7;10;13;16;0;16385;2.00;10000;227;-4470.08;5111.17;0.78;-19.6920;0.4009;12;3;0.2500;-1354.70;-230.64;1.0000;0.0369;3.97;9;0.0000
XAUUSDm;M15;8;96;15;200;0.10;0.15;0;15;8;0;100;1;64;0.80;1.40;0;7;10;13;16;1;16385;2.00;10000;112;-2267.38;3332.86;0.83;-20.2445;0.3482;12;4;0.3333;-854.66;-202.69;1.0000;0.0520;3.70;7;0.0000
XAUUSDm;M15;8;96;15;200;0.10;0.15;0;15;8;0;100;1;64;0.80;1.60;0;7;10;13;16;1;16385;2.00;10000;111;-994.88;3348.48;0.93;-8.9629;0.3333;12;5;0.4167;-917.13;-35.37;1.0000;0.0540;4.03;9;0.0000
XAUUSDm;M15;8;96;15;200;0.10;0.15;0;15;8;0;100;1;64;0.80;1.80;0;7;10;13;16;0;16385;2.00;10000;213;-3411.93;5812.59;0.85;-16.0185;0.3052;12;5;0.4167;-1620.86;-577.01;1.0000;0.0514;5.54;18;0.0000
XAUUSDm;M15;8;96;15;200;0.10;0.15;0;15;8;0;100;1;64;0.80;1.80;0;7;10;13;16;1;16385;2.00;10000;110;-347.24;2668.98;0.98;-3.1567;0.3182;12;9;0.7500;-989.13;68.12;1.0000;0.0601;4.84;9;0.0000
XAUUSDm;M15;8;96;15;200;0.10;0.15;0;15;8;0;100;1;64;0.80;2.00;0;7;10;13;16;1;16385;2.00;10000;109;-997.14;3484.35;0.93;-9.1481;0.2936;12;7;0.5833;-1570.61;203.60;1.0000;0.0661;5.21;9;0.0000
XAUUSDm;M15;8;96;20;200;0.10;0.15;0;15;8;0;100;1;64;0.20;1.40;0;7;10;13;16;0;16385;2.00;10000;262;-3716.34;5627.39;0.88;-14.1845;0.2786;12;4;0.3333;-1392.09;-433.39;1.0000;0.0356;4.16;10;0.0000
XAUUSDm;M15;8;96;20;200;0.10;0.15;0;15;8;0;100;1;64;0.20;1.40;0;7;10;13;16;1;16385;2.00;10000;132;-3925.82;4749.67;0.76;-29.7411;0.2500;12;3;0.2500;-1780.84;-484.61;1.0000;0.0574;2.94;16;0.0000
XAUUSDm;M15;8;96;20;200;0.10;0.15;0;15;8;0;100;1;64;0.60;1.60;0;7;10;13;16;0;16385;2.00;10000;244;-4218.66;8121.43;0.86;-17.2896;0.2992;12;3;0.2500;-2036.17;-407.43;1.0000;0.0327;5.19;19;0.0000
XAUUSDm;M15;8;96;20;200;0.10;0.15;0;15;8;0;100;1;64;0.80;1.20;0;7;10;13;16;1;16385;2.00;10000;129;-831.07;4380.53;0.94;-6.4424;0.4341;12;6;0.5000;-1536.67;30.31;1.0000;0.0336;3.91;9;0.0000
XAUUSDm;M15;8;96;20;200;0.10;0.15;0;15;8;0;100;1;64;0.80;2.00;0;7;10;13;16;1;16385;2.00;10000;120;-2061.30;5788.88;0.88;-17.1775;0.2833;12;5;0.4167;-2195.00;-292.31;1.0000;0.0572;6.35;10;0.0000
XAUUSDm;M15;8;96;25;200;0.10;0.15;0;15;8;0;100;1;64;0.20;1.40;0;7;10;13;16;1;16385;2.00;10000;146;-3395.58;5097.84;0.82;-23.2574;0.2671;12;5;0.4167;-2145.53;-305.48;1.0000;0.0568;3.19;18;0.0000
XAUUSDm;M15;8;96;25;200;0.10;0.15;0;15;8;0;100;1;64;0.20;1.60;0;7;10;13;16;0;16385;2.00;10000;279;-3041.24;7970.86;0.92;-10.9005;0.2652;12;5;0.4167;-3477.42;-544.40;1.0000;0.0323;4.57;18;0.0000
XAUUSDm;M15;8;96;25;200;0.10;0.15;0;15;8;0;100;1;64;0.40;1.40;0;7;10;13;16;1;16385;2.00;10000;143;-1445.63;4755.17;0.93;-10.1093;0.3217;12;5;0.4167;-1839.50;-105.25;1.0000;0.0441;3.73;11;0.0000
XAUUSDm;M15;8;96;25;200;0.10;0.15;0;15;8;0;100;1;64;0.60;1.20;0;7;10;13;16;1;16385;2.00;10000;145;345.45;4801.36;1.02;2.3824;0.4276;12;6;0.5000;-1688.73;0.58;1.9742;0.0341;3.41;9;0.0007
XAUUSDm;M15;8;96;25;200;0.10;0.15;0;15;8;0;100;1;64;0.60;1.40;0;7;10;13;16;0;16385;2.00;10000;272;-5034.87;8874.31;0.83;-18.5106;0.3346;12;4;0.3333;-1703.06;-619.37;1.0000;0.0276;5.07;12;0.0000
XAUUSDm;M15;8;96;25;200;0.10;0.15;0;15;8;0;100;1;64;0.60;1.80;0;7;10;13;16;0;16385;2.00;10000;260;-5023.56;7116.29;0.82;-19.3214;0.2846;12;5;0.4167;-1924.81;-331.27;1.0000;0.0363;6.18;12;0.0000
XAUUSDm;M15;8;96;25;200;0.10;0.15;0;15;8;0;100;1;64;0.60;2.00;0;7;10;13;16;0;16385;2.00;10000;256;-4576.01;7541.63;0.85;-17.8750;0.2773;12;5;0.4167;-2801.20;-395.23;1.0000;0.0375;6.92;12;0.0000
XAUUSDm;M15;8;96;25;200;0.10;0.15;0;15;8;0;100;1;64;0.80;1.40;0;7;10;13;16;1;16385;2.00;10000;139;-1136.06;3970.37;0.93;-8.1731;0.3813;12;5;0.4167;-1493.52;-176.95;1.0000;0.0366;5.28;9;0.0000
XAUUSDm;M15;8;96;25;200;0.10;0.15;0;15;8;0;100;1;64;0.80;1.60;0;7;10;13;16;0;16385;2.00;10000;259;-4035.38;8159.21;0.85;-15.5806;0.3359;12;5;0.4167;-1900.54;-254.18;1.0000;0.0280;6.32;12;0.0000
XAUUSDm;M15;8;96;25;200;0.10;0.15;0;15;8;0;100;1;64;0.80;1.80;0;7;10;13;16;1;16385;2.00;10000;136;-145.25;3967.67;0.99;-1.0680;0.3382;12;5;0.4167;-1669.54;-123.68;1.0000;0.0444;6.55;11;0.0000
XAUUSDm;M15;8;96;30;200;0.10;0.15;0;15;8;0;100;1;64;0.20;1.40;0;7;10;13;16;0;16385;2.00;10000;296;-4315.38;10534.57;0.89;-14.5790;0.2703;12;4;0.3333;-2442.35;-455.51;1.0000;0.0362;4.04;17;0.0000
XAUUSDm;M15;8;96;30;200;0.10;0.15;0;15;8;0;100;1;64;0.20;1.40;0;7;10;13;16;1;16385;2.00;10000;149;-1872.30;6261.45;0.91;-12.5658;0.2685;12;6;0.5000;-2615.08;-285.53;1.0000;0.0485;3.25;10;0.0000
XAUUSDm;M15;8;96;30;200;0.10;0.15;0;15;8;0;100;1;64;0.40;1.20;0;7;10;13;16;1;16385;2.00;10000;150;1414.21;6157.50;1.06;9.4281;0.3800;12;7;0.5833;-1670.11;469.17;0.7082;0.0395;3.17;8;0.0079
XAUUSDm;M15;8;96;30;200;0.10;0.15;0;15;8;0;100;1;64;0.40;1.60;0;7;10;13;16;1;16385;2.00;10000;145;684.01;7275.11;1.03;4.7173;0.2897;12;6;0.5000;-2410.67;-203.75;1.9035;0.0498;4.13;17;0.0006
XAUUSDm;M15;8;96;30;200;0.10;0.15;0;15;8;0;100;1;64;0.60;1.60;0;7;10;13;16;0;16385;2.00;10000;275;-2968.27;9138.96;0.92;-10.7937;0.3091;12;4;0.3333;-3247.77;-525.51;1.0000;0.0279;5.58;15;0.0000
XAUUSDm;M15;8;96;30;200;0.10;0.15;0;15;8;0;100;1;64;0.60;2.00;0;7;10;13;16;0;16385;2.00;10000;264;-4131.99;7161.16;0.86;-15.6515;0.2652;12;5;0.4167;-3024.60;-331.85;1.0000;0.0368;6.91;15;0.0000
XAUUSDm;M15;8;96;30;200;0.10;0.15;0;15;8;0;100;1;64;0.80;1.40;0;7;10;13;16;0;16385;2.00;10000;273;-4036.89;8968.20;0.87;-14.7871;0.3553;12;5;0.4167;-2449.48;-601.95;1.0000;0.0271;5.77;12;0.0000
XAUUSDm;M15;8;96;30;200;0.10;0.15;0;15;8;0;100;1;64;0.80;1.60;0;7;10;13;16;1;16385;2.00;10000;143;2114.34;5051.53;1.09;14.7856;0.3636;12;8;0.6667;-1594.33;158.59;0.5474;0.0471;6.29;7;0.0221
XAUUSDm;M15;8;96;30;200;0.10;0.15;0;15;8;0;100;1;64;0.80;1.80;0;7;10;13;16;0;16385;2.00;10000;264;-3443.36;6759.71;0.88;-13.0430;0.3068;12;5;0.4167;-2453.18;-94.04;1.0000;0.0375;7.15;12;0.0000
XAUUSDm;M15;8;96;35;200;0.10;0.15;0;15;8;0;100;1;64;0.20;1.60;0;7;10;13;16;1;16385;2.00;10000;148;436.56;6030.50;1.02;2.9497;0.2635;12;7;0.5833;-1685.74;186.75;2.7835;0.0528;4.25;9;0.0004
XAUUSDm;M15;8;96;35;200;0.10;0.15;0;15;8;0;100;1;64;0.20;2.00;0;7;10;13;16;0;16385;2.00;10000;295;-1167.43;6092.08;0.97;-3.9574;0.2407;12;6;0.5000;-2876.06;92.10;1.0000;0.0343;6.41;14;0.0000
XAUUSDm;M15;8;96;35;200;0.10;0.15;0;15;8;0;100;1;64;0.40;1.40;0;7;10;13;16;1;16385;2.00;10000;146;-641.41;4457.83;0.97;-4.3932;0.3082;12;5;0.4167;-1435.01;-159.46;1.0000;0.0496;4.33;9;0.0000
XAUUSDm;M15;8;96;35;200;0.10;0.15;0;15;8;0;100;1;64;0.60;1.40;0;7;10;13;16;1;16385;2.00;10000;145;-689.90;3536.22;0.97;-4.7579;0.3448;12;5;0.4167;-1495.34;-310.92;1.0000;0.0467;4.90;9;0.0000
XAUUSDm;M15;8;96;35;200;0.10;0.15;0;15;8;0;100;1;64;0.60;2.00;0;7;10;13;16;0;16385;2.00;10000;277;-3345.02;6142.17;0.88;-12.0759;0.2816;12;6;0.5000;-1568.99;-66.13;1.0000;0.0319;7.52;14;0.0000
XAUUSDm;M15;8;96;35;200;0.10;0.15;0;15;8;0;100;1;64;0.80;1.40;0;7;10;13;16;0;16385;2.00;10000;289;-3277.06;5716.08;0.89;-11.3393;0.3599;12;3;0.2500;-1976.91;-270.75;1.0000;0.0236;6.15;15;0.0000
XAUUSDm;M15;8;96;35;200;0.10;0.15;0;15;8;0;100;1;64;0.80;1.60;0;7;10;13;16;0;16385;2.00;10000;281;-3572.15;5140.33;0.86;-12.7123;0.3381;12;3;0.2500;-1877.77;-203.34;1.0000;0.0259;7.12;15;0.0000
XAUUSDm;M15;8;96;35;200;0.10;0.15;0;15;8;0;100;1;64;0.80;1.60;0;7;10;13;16;1;16385;2.00;10000;143;3583.91;3461.23;1.17;25.0623;0.3776;12;7;0.5833;-991.46;140.22;0.3148;0.0452;6.59;7;0.0755
XAUUSDm;M15;8;96;35;200;0.10;0.15;0;15;8;0;100;1;64;0.80;1.80;0;7;10;13;16;0;16385;2.00;10000;276;-3534.66;6339.19;0.85;-12.8067;0.3152;12;4;0.3333;-1751.87;-205.47;1.0000;0.0271;7.60;15;0.0000
XAUUSDm;M15;8;96;35;200;0.10;0.15;0;15;8;0;100;1;64;0.80;2.00;0;7;10;13;16;0;16385;2.00;10000;272;-4396.54;6580.99;0.81;-16.1637;0.2941;12;5;0.4167;-1623.86;-296.36;1.0000;0.0319;8.23;15;0.0000
