XAUUSDm;M15;12;96;40;200;0.10;0.15;0;15;8;0;100;1;64;0.40;1.60;0;7;10;13;16;0;16385;2.00;10000;505;-5102.34;6408.89;0.88;-10.1036;0.2812;20;7;0.3500;-2224.56;-217.28;1.0000;0.0192;6.27;16;0.0000
XAUUSDm;M15;12;96;40;200;0.10;0.15;0;15;8;0;100;1;64;0.40;1.60;0;7;10;13;16;1;16385;2.00;10000;266;3066.57;5159.20;1.06;11.5285;0.3083;20;10;0.5000;-2206.03;10.45;0.5252;0.0312;4.88;8;0.0174
XAUUSDm;M15;12;96;40;200;0.10;0.15;0;15;8;0;100;1;64;0.40;1.80;0;7;10;13;16;0;16385;2.00;10000;495;-5219.62;7040.59;0.88;-10.5447;0.2626;20;9;0.4500;-2276.01;-121.29;1.0000;0.0226;6.68;22;0.0000
XAUUSDm;M15;12;96;40;200;0.10;0.15;0;15;8;0;100;1;64;0.40;1.80;0;7;10;13;16;1;16385;2.00;10000;261;8072.59;7228.13;1.13;30.9295;0.3027;20;11;0.5500;-3542.90;476.46;0.2995;0.0340;5.34;10;0.0668
XAUUSDm;M15;12;96;40;200;0.10;0.15;0;15;8;0;100;1;64;0.40;2.00;0;7;10;13;16;0;16385;2.00;10000;486;-4181.03;6986.22;0.92;-8.6029;0.2572;20;9;0.4500;-3579.05;-99.49;1.0000;0.0217;7.03;22;0.0000
XAUUSDm;M15;12;96;40;200;0.10;0.15;0;15;8;0;100;1;64;0.40;2.00;0;7;10;13;16;1;16385;2.00;10000;260;6310.06;6956.45;1.10;24.2695;0.2808;20;12;0.6000;-3715.11;286.81;0.4133;0.0391;5.92;13;0.0433
XAUUSDm;M15;12;96;40;200;0.10;0.15;0;15;8;0;100;1;64;0.40;2.20;0;7;10;13;16;0;16385;2.00;10000;476;-3848.57;6801.26;0.92;-8.0852;0.2500;20;8;0.4000;-3268.22;-258.84;1.0000;0.0232;7.81;21;0.0000
XAUUSDm;M15;12;96;40;200;0.10;0.15;0;15;8;0;100;1;64;0.40;2.20;0;7;10;13;16;1;16385;2.00;10000;259;7347.04;6221.15;1.12;28.3669;0.2703;20;13;0.6500;-3639.75;545.17;0.3229;0.0355;6.16;13;0.0811
XAUUSDm;M15;12;96;40;200;0.10;0.15;0;15;8;0;100;1;64;0.40;2.40;0;7;10;13;16;0;16385;2.00;10000;474;-6523.80;7249.04;0.83;-13.7633;0.2426;20;8;0.4000;-2184.22;-258.23;1.0000;0.0329;7.95;21;0.0000
XAUUSDm;M15;12;96;40;200;0.10;0.15;0;15;8;0;100;1;64;0.40;2.40;0;7;10;13;16;1;16385;2.00;10000;254;6302.75;6123.55;1.11;24.8140;0.2717;20;10;0.5000;-3635.13;150.61;0.3933;0.0399;6.71;13;0.0339
XAUUSDm;M15;12;96;40;200;0.10;0.15;0;15;8;0;100;1;64;0.40;2.60;0;7;10;13;16;0;16385;2.00;10000;471;-5608.75;6441.29;0.87;-11.9082;0.2420;20;9;0.4500;-2552.84;-252.35;1.0000;0.0302;8.09;21;0.0000
XAUUSDm;M15;12;96;40;200;0.10;0.15;0;15;8;0;100;1;64;0.40;2.60;0;7;10;13;16;1;16385;2.00;10000;253;9053.63;6497.59;1.15;35.7851;0.2727;20;12;0.6000;-3805.87;397.77;0.3072;0.0400;6.86;13;0.0845
XAUUSDm;M15;12;96;40;200;0.10;0.15;0;15;8;0;100;1;64;0.40;3.00;0;7;10;13;16;0;16385;2.00;10000;470;-6476.27;7304.19;0.84;-13.7793;0.2298;20;8;0.4000;-2212.86;-394.78;1.0000;0.0396;8.33;21;0.0000
XAUUSDm;M15;12;96;40;200;0.10;0.15;0;15;8;0;100;1;64;0.40;3.00;0;7;10;13;16;1;16385;2.00;10000;251;5353.99;7554.60;1.09;21.3306;0.2550;20;11;0.5500;-3683.69;250.02;0.4150;0.0359;7.46;12;0.0248
XAUUSDm;M15;12;96;40;200;0.10;0.15;0;15;8;0;100;1;64;0.60;2.00;0;7;10;13;16;0;16385;2.00;10000;468;-5411.10;7396.45;0.87;-11.5622;0.2821;20;11;0.5500;-2011.95;27.77;1.0000;0.0235;7.84;21;0.0000
XAUUSDm;M15;12;96;40;200;0.10;0.15;0;15;8;0;100;1;64;0.60;2.00;0;7;10;13;16;1;16385;2.00;10000;255;2319.24;6318.87;1.05;9.0951;0.2941;20;9;0.4500;-2555.44;-130.16;0.7966;0.0363;6.74;11;0.0052
XAUUSDm;M15;12;96;40;200;0.10;0.15;0;15;8;0;100;1;64;0.60;2.20;0;7;10;13;16;1;16385;2.00;10000;254;2767.76;6148.18;1.06;10.8967;0.2835;20;10;0.5000;-2505.29;52.93;0.6672;0.0367;6.99;11;0.0091
XAUUSDm;M15;12;96;40;200;0.10;0.15;0;15;8;0;100;1;64;0.60;2.40;0;7;10;13;16;0;16385;2.00;10000;458;-6319.14;7909.92;0.80;-13.7972;0.2664;20;9;0.4500;-1848.99;-317.20;1.0000;0.0339;8.69;20;0.0000
XAUUSDm;M15;12;96;40;200;0.10;0.15;0;15;8;0;100;1;64;0.60;2.40;0;7;10;13;16;1;16385;2.00;10000;249;1738.61;5429.49;1.04;6.9824;0.2851;20;8;0.4000;-2414.80;-139.33;1.1147;0.0426;7.59;11;0.0024
XAUUSDm;M15;12;96;40;200;0.10;0.15;0;15;8;0;100;1;64;0.60;3.00;0;7;10;13;16;1;16385;2.00;10000;246;1518.33;6373.37;1.03;6.1721;0.2683;20;9;0.4500;-2422.91;-42.90;1.2099;0.0400;8.36;10;0.0020
XAUUSDm;M15;12;96;40;200;0.10;0.15;0;15;8;0;100;1;64;0.80;2.20;0;7;10;13;16;1;16385;2.00;10000;247;5526.72;4814.88;1.12;22.3754;0.3239;20;11;0.5500;-1406.86;154.05;0.3122;0.0340;8.06;9;0.0667
XAUUSDm;M15;12;96;40;200;0.10;0.15;0;15;8;0;100;1;64;0.80;2.80;0;7;10;13;16;1;16385;2.00;10000;239;2121.98;4746.54;1.05;8.8786;0.3096;20;7;0.3500;-1859.00;-160.47;0.6759;0.0350;9.44;8;0.0045
XAUUSDm;M15;12;96;40;200;0.10;0.15;0;15;8;0;100;1;64;0.80;3.00;0;7;10;13;16;0;16385;2.00;10000;444;-5850.53;7260.48;0.83;-13.1769;0.2883;20;8;0.4000;-2147.29;-202.56;1.0000;0.0383;10.46;17;0.0000
XAUUSDm;M15;12;96;40;200;0.10;0.15;0;15;8;0;100;1;64;1.00;1.60;0;7;10;13;16;0;16385;2.00;10000;459;-4254.26;6474.49;0.87;-9.2685;0.3617;20;11;0.5500;-2485.41;61.89;1.0000;0.0183;8.13;16;0.0000
XAUUSDm;M15;12;96;40;200;0.10;0.15;0;15;8;0;100;1;64;1.00;1.60;0;7;10;13;16;1;16385;2.00;10000;250;9.44;5090.26;1.00;0.0378;0.3680;20;9;0.4500;-1759.27;-31.52;98.0773;0.0276;7.34;9;0.0000
XAUUSDm;M15;12;96;40;200;0.10;0.15;0;15;8;0;100;1;64;1.00;1.80;0;7;10;13;16;0;16385;2.00;10000;450;-4223.31;7496.23;0.86;-9.3851;0.3400;20;12;0.6000;-2196.65;65.70;1.0000;0.0183;8.80;17;0.0000
XAUUSDm;M15;12;96;40;200;0.10;0.15;0;15;8;0;100;1;64;1.00;1.80;0;7;10;13;16;1;16385;2.00;10000;245;1840.88;4657.61;1.05;7.5138;0.3551;20;11;0.5500;-1546.97;137.85;0.6305;0.0300;7.89;9;0.0124
XAUUSDm;M15;12;96;40;200;0.10;0.15;0;15;8;0;100;1;64;1.00;2.20;0;7;10;13;16;0;16385;2.00;10000;435;-3818.50;7287.77;0.88;-8.7782;0.3218;20;11;0.5500;-2266.86;178.28;1.0000;0.0230;10.36;16;0.0000
XAUUSDm;M15;12;96;40;200;0.10;0.15;0;15;8;0;100;1;64;1.00;2.20;0;7;10;13;16;1;16385;2.00;10000;242;1727.97;4665.80;1.05;7.1404;0.3306;20;13;0.6500;-1604.73;114.53;0.7599;0.0348;9.21;9;0.0124
XAUUSDm;M15;12;96;40;200;0.10;0.15;0;15;8;0;100;1;64;1.00;2.60;0;7;10;13;16;0;16385;2.00;10000;431;-3966.62;6785.73;0.88;-9.2033;0.3225;20;11;0.5500;-2428.90;149.90;1.0000;0.0278;10.82;16;0.0000
XAUUSDm;M15;12;96;40;200;0.10;0.15;0;15;8;0;100;1;64;1.00;2.80;0;7;10;13;16;0;16385;2.00;10000;428;-5335.66;7217.17;0.83;-12.4665;0.3154;20;9;0.4500;-2383.31;-93.96;1.0000;0.0262;10.97;16;0.0000
XAUUSDm;M15;12;96;40;200;0.10;0.15;0;15;8;0;100;1;64;1.00;3.00;0;7;10;13;16;1;16385;2.00;10000;233;2458.79;4184.79;1.07;10.5527;0.3305;20;9;0.4500;-1687.33;-123.16;0.5434;0.0351;10.74;9;0.0126
XAUUSDm;M15;12;96;50;200;0.10;0.15;0;15;8;0;100;1;64;0.40;1.60;0;7;10;13;16;0;16385;2.00;10000;519;-5429.92;7349.46;0.89;-10.4623;0.2813;20;8;0.4000;-2297.19;-101.24;1.0000;0.0261;6.72;16;0.0000
XAUUSDm;M15;12;96;50;200;0.10;0.15;0;15;8;0;100;1;64;0.40;1.80;0;7;10;13;16;0;16385;2.00;10000;510;-5508.83;7062.34;0.89;-10.8016;0.2608;20;8;0.4000;-1864.19;-376.08;1.0000;0.0266;7.13;16;0.0000
XAUUSDm;M15;12;96;50;200;0.10;0.15;0;15;8;0;100;1;64;0.40;2.40;0;7;10;13;16;0;16385;2.00;10000;491;-6130.68;7558.89;0.86;-12.4861;0.2403;20;6;0.3000;-2027.59;-336.35;1.0000;0.0311;8.21;16;0.0000
XAUUSDm;M15;12;96;50;200;0.10;0.15;0;15;8;0;100;1;64;0.40;2.60;0;7;10;13;16;0;16385;2.00;10000;490;-4890.82;6823.23;0.91;-9.9813;0.2408;20;6;0.3000;-1960.48;-260.84;1.0000;0.0271;8.30;16;0.0000
XAUUSDm;M15;12;96;50;200;0.10;0.15;0;15;8;0;100;1;64;0.60;2.00;0;7;10;13;16;1;16385;2.00;10000;268;1858.50;8646.89;1.04;6.9347;0.2910;20;11;0.5500;-2359.79;142.17;0.8878;0.0346;7.33;12;0.0043
XAUUSDm;M15;12;96;50;200;0.10;0.15;0;15;8;0;100;1;64;0.60;2.40;0;7;10;13;16;0;16385;2.00;10000;479;-5151.82;7763.82;0.86;-10.7554;0.2714;20;8;0.4000;-2261.36;-439.07;1.0000;0.0308;9.03;17;0.0000
XAUUSDm;M15;12;96;50;200;0.10;0.15;0;15;8;0;100;1;64;0.60;2.40;0;7;10;13;16;1;16385;2.00;10000;262;4412.25;7874.69;1.10;16.8406;0.2863;20;12;0.6000;-2334.44;569.69;0.3663;0.0325;8.15;12;0.0310
XAUUSDm;M15;12;96;50;200;0.10;0.15;0;15;8;0;100;1;64;0.60;2.60;0;7;10;13;16;0;16385;2.00;10000;477;-3439.44;7036.28;0.92;-7.2106;0.2725;20;9;0.4500;-2216.73;-297.62;1.0000;0.0268;9.20;17;0.0000
XAUUSDm;M15;12;96;50;200;0.10;0.15;0;15;8;0;100;1;64;0.60;2.80;0;7;10;13;16;1;16385;2.00;10000;260;2391.07;7922.81;1.05;9.1964;0.2731;20;9;0.4500;-2301.13;-135.76;0.8268;0.0423;8.58;11;0.0039
XAUUSDm;M15;12;96;50;200;0.10;0.15;0;15;8;0;100;1;64;0.80;1.80;0;7;10;13;16;1;16385;2.00;10000;269;8534.84;6336.17;1.16;31.7280;0.3494;20;12;0.6000;-1218.45;331.60;0.1938;0.0268;7.11;8;0.1764
XAUUSDm;M15;12;96;50;200;0.10;0.15;0;15;8;0;100;1;64;0.80;2.00;0;7;10;13;16;0;16385;2.00;10000;486;-2130.92;6054.44;0.96;-4.3846;0.3025;20;10;0.5000;-2133.08;76.44;1.0000;0.0203;8.80;17;0.0000
XAUUSDm;M15;12;96;50;200;0.10;0.15;0;15;8;0;100;1;64;0.80;2.00;0;7;10;13;16;1;16385;2.00;10000;264;7881.53;8209.72;1.16;29.8543;0.3295;20;12;0.6000;-2082.27;349.55;0.1963;0.0265;8.14;9;0.1149
XAUUSDm;M15;12;96;50;200;0.10;0.15;0;15;8;0;100;1;64;0.80;3.00;0;7;10;13;16;0;16385;2.00;10000;471;-5158.84;6307.85;0.87;-10.9530;0.2803;20;7;0.3500;-2469.68;-116.81;1.0000;0.0312;10.11;17;0.0000
XAUUSDm;M15;12;96;50;200;0.10;0.15;0;15;8;0;100;1;64;0.80;3.00;0;7;10;13;16;1;16385;2.00;10000;253;10319.45;8589.49;1.19;40.7883;0.3123;20;13;0.6500;-2606.13;341.01;0.2033;0.0328;9.96;10;0.1479
XAUUSDm;M15;12;96;50;200;0.10;0.15;0;15;8;0;100;1;64;1.00;2.40;0;7;10;13;16;1;16385;2.00;10000;247;3004.94;7406.20;1.08;12.1657;0.3320;20;10;0.5000;-1915.83;57.28;0.3819;0.0289;10.04;8;0.0163
XAUUSDm;M15;12;96;50;200;0.10;0.15;0;15;8;0;100;1;64;1.00;2.80;0;7;10;13;16;0;16385;2.00;10000;454;-4058.97;7513.67;0.88;-8.9405;0.3106;20;9;0.4500;-2323.18;-56.77;1.0000;0.0243;11.19;17;0.0000
XAUUSDm;M15;12;96;50;200;0.10;0.15;0;15;8;0;100;1;64;1.00;2.80;0;7;10;13;16;1;16385;2.00;10000;245;4227.41;7348.25;1.11;17.2547;0.3306;20;12;0.6000;-1890.85;65.62;0.3301;0.0323;10.43;8;0.0381
XAUUSDm;M15;12;96;60;200;0.10;0.15;0;15;8;0;100;1;64;0.40;1.60;0;7;10;13;16;1;16385;2.00;10000;271;7771.98;6586.05;1.14;28.6789;0.3137;20;12;0.6000;-3672.88;348.49;0.3560;0.0429;5.40;11;0.0761
XAUUSDm;M15;12;96;60;200;0.10;0.15;0;15;8;0;100;1;64;0.40;1.80;0;7;10;13;16;0;16385;2.00;10000;533;-254.54;7786.27;1.00;-0.4776;0.2683;20;9;0.4500;-1807.62;-164.22;1.0000;0.0211;7.55;18;0.0000
XAUUSDm;M15;12;96;60;200;0.10;0.15;0;15;8;0;100;1;64;0.40;1.80;0;7;10;13;16;1;16385;2.00;10000;266;13880.29;10697.10;1.20;52.1815;0.3083;20;12;0.6000;-5177.91;619.91;0.3029;0.0494;5.84;14;0.0948
XAUUSDm;M15;12;96;60;200;0.10;0.15;0;15;8;0;100;1;64;0.40;2.00;0;7;10;13;16;0;16385;2.00;10000;528;3026.54;10135.92;1.03;5.7321;0.2633;20;10;0.5000;-3649.70;97.12;0.9066;0.0257;7.96;18;0.0065
XAUUSDm;M15;12;96;60;200;0.10;0.15;0;15;8;0;100;1;64;0.40;2.20;0;7;10;13;16;1;16385;2.00;10000;261;13541.98;13316.43;1.20;51.8850;0.2759;20;12;0.6000;-4488.30;338.50;0.3540;0.0600;6.79;25;0.0559
XAUUSDm;M15;12;96;60;200;0.10;0.15;0;15;8;0;100;1;64;0.40;3.00;0;7;10;13;16;1;16385;2.00;10000;255;7097.51;14214.05;1.13;27.8334;0.2667;20;11;0.5500;-3277.70;454.66;0.4320;0.0490;8.03;24;0.0178
XAUUSDm;M15;12;96;60;200;0.10;0.15;0;15;8;0;100;1;64;0.60;1.60;0;7;10;13;16;1;16385;2.00;10000;265;4930.42;6737.43;1.10;18.6054;0.3358;20;10;0.5000;-2277.06;32.69;0.3136;0.0292;6.05;9;0.0389
XAUUSDm;M15;12;96;60;200;0.10;0.15;0;15;8;0;100;1;64;0.60;1.80;0;7;10;13;16;0;16385;2.00;10000;519;-155.52;6062.78;1.00;-0.2997;0.2948;20;12;0.6000;-1773.69;109.44;1.0000;0.0192;8.17;18;0.0000
XAUUSDm;M15;12;96;60;200;0.10;0.15;0;15;8;0;100;1;64;0.60;1.80;0;7;10;13;16;1;16385;2.00;10000;261;7957.48;6956.62;1.14;30.4884;0.3257;20;10;0.5000;-2344.59;84.06;0.2757;0.0346;6.49;9;0.0661
XAUUSDm;M15;12;96;60;200;0.10;0.15;0;15;8;0;100;1;64;0.60;2.00;0;7;10;13;16;0;16385;2.00;10000;513;1074.90;6934.59;1.01;2.0953;0.2865;20;10;0.5000;-2826.67;1.32;1.5499;0.0227;8.93;18;0.0021
XAUUSDm;M15;12;96;60;200;0.10;0.15;0;15;8;0;100;1;64;0.60;2.00;0;7;10;13;16;1;16385;2.00;10000;258;7066.95;7816.86;1.14;27.3913;0.3062;20;12;0.6000;-2370.80;413.34;0.3014;0.0367;7.35;10;0.0640
XAUUSDm;M15;12;96;60;200;0.10;0.15;0;15;8;0;100;1;64;0.60;2.40;0;7;10;13;16;1;16385;2.00;10000;252;9441.11;8774.71;1.19;37.4647;0.3016;20;12;0.6000;-2613.31;229.62;0.2831;0.0446;8.27;10;0.0780
XAUUSDm;M15;12;96;60;200;0.10;0.15;0;15;8;0;100;1;64;0.60;2.80;0;7;10;13;16;0;16385;2.00;10000;495;2848.40;9897.77;1.04;5.7543;0.2747;20;10;0.5000;-2975.20;-46.09;0.7889;0.0306;10.13;18;0.0075
XAUUSDm;M15;12;96;60;200;0.10;0.15;0;15;8;0;100;1;64;0.60;3.00;0;7;10;13;16;1;16385;2.00;10000;248;4765.64;10011.28;1.10;19.2163;0.2863;20;10;0.5000;-2914.70;259.61;0.5164;0.0485;9.02;11;0.0123
XAUUSDm;M15;12;96;60;200;0.10;0.15;0;15;8;0;100;1;64;0.80;1.80;0;7;10;13;16;0;16385;2.00;10000;512;-441.39;6946.64;0.99;-0.8621;0.3145;20;9;0.4500;-1687.38;-120.59;1.0000;0.0176;8.54;12;0.0000
XAUUSDm;M15;12;96;60;200;0.10;0.15;0;15;8;0;100;1;64;0.80;2.00;0;7;10;13;16;0;16385;2.00;10000;508;295.29;8464.54;1.00;0.5813;0.3012;20;9;0.4500;-2723.98;-57.54;5.5589;0.0217;9.30;19;0.0001
XAUUSDm;M15;12;96;60;200;0.10;0.15;0;15;8;0;100;1;64;0.80;2.60;0;7;10;13;16;1;16385;2.00;10000;249;12575.95;8014.85;1.23;50.5058;0.3253;20;12;0.6000;-1730.53;207.86;0.1941;0.0362;9.46;7;0.1768
XAUUSDm;M15;12;96;60;200;0.10;0.15;0;15;8;0;100;1;64;0.80;2.80;0;7;10;13;16;0;16385;2.00;10000;489;367.98;11054.93;1.01;0.7525;0.2904;20;12;0.6000;-2784.38;286.76;5.1638;0.0274;10.70;19;0.0002
XAUUSDm;M15;12;96;60;200;0.10;0.15;0;15;8;0;100;1;64;1.00;1.60;0;7;10;13;16;0;16385;2.00;10000;500;-1873.85;6439.79;0.96;-3.7477;0.3500;20;9;0.4500;-1373.81;-86.49;1.0000;0.0192;8.88;12;0.0000
XAUUSDm;M15;12;96;60;200;0.10;0.15;0;15;8;0;100;1;64;1.00;1.80;0;7;10;13;16;0;16385;2.00;10000;495;671.42;5852.03;1.01;1.3564;0.3394;20;9;0.4500;-1505.50;-90.68;1.2983;0.0171;9.22;12;0.0018
XAUUSDm;M15;12;96;60;200;0.10;0.15;0;15;8;0;100;1;64;1.00;1.80;0;7;10;13;16;1;16385;2.00;10000;249;7075.92;4724.33;1.16;28.4173;0.3695;20;11;0.5500;-1677.03;375.09;0.2062;0.0283;8.31;8;0.1516
XAUUSDm;M15;12;96;60;200;0.10;0.15;0;15;8;0;100;1;64;1.00;2.20;0;7;10;13;16;0;16385;2.00;10000;476;-174.83;6561.78;1.00;-0.3673;0.3193;20;12;0.6000;-1715.83;52.76;1.0000;0.0221;11.29;16;0.0000
XAUUSDm;M15;12;96;70;200;0.10;0.15;0;15;8;0;100;1;64;0.40;1.80;0;7;10;13;16;0;16385;2.00;10000;534;-2257.13;7035.69;0.96;-4.2268;0.2678;20;10;0.5000;-1474.44;-90.28;1.0000;0.0227;8.17;21;0.0000
XAUUSDm;M15;12;96;70;200;0.10;0.15;0;15;8;0;100;1;64;0.40;2.00;0;7;10;13;16;0;16385;2.00;10000;530;-1940.60;8211.89;0.97;-3.6615;0.2566;20;7;0.3500;-1814.66;-198.02;1.0000;0.0247;8.60;21;0.0000
XAUUSDm;M15;12;96;70;200;0.10;0.15;0;15;8;0;100;1;64;0.40;2.00;0;7;10;13;16;1;16385;2.00;10000;253;2418.46;9632.22;1.05;9.5591;0.2569;20;10;0.5000;-2614.50;-18.95;1.0066;0.0520;6.61;13;0.0030
XAUUSDm;M15;12;96;70;200;0.10;0.15;0;15;8;0;100;1;64;0.40;2.20;0;7;10;13;16;0;16385;2.00;10000;522;911.25;7868.46;1.01;1.7457;0.2586;20;9;0.4500;-2140.43;-373.67;1.7358;0.0241;9.16;21;0.0010
XAUUSDm;M15;12;96;70;200;0.10;0.15;0;15;8;0;100;1;64;0.40;2.20;0;7;10;13;16;1;16385;2.00;10000;251;1444.04;9151.97;1.03;5.7531;0.2390;20;10;0.5000;-2400.21;-41.20;1.6211;0.0547;6.76;13;0.0011
XAUUSDm;M15;12;96;70;200;0.10;0.15;0;15;8;0;100;1;64;0.40;2.60;0;7;10;13;16;0;16385;2.00;10000;521;1077.24;11194.14;1.01;2.0676;0.2553;20;10;0.5000;-2675.54;-131.63;1.8518;0.0265;9.43;22;0.0010
XAUUSDm;M15;12;96;70;200;0.10;0.15;0;15;8;0;100;1;64;0.40;2.60;0;7;10;13;16;1;16385;2.00;10000;248;1625.09;9941.38;1.04;6.5528;0.2419;20;11;0.5500;-2449.69;40.42;1.2989;0.0500;7.44;13;0.0017
XAUUSDm;M15;12;96;70;200;0.10;0.15;0;15;8;0;100;1;64;0.40;3.00;0;7;10;13;16;1;16385;2.00;10000;247;386.37;11737.17;1.01;1.5643;0.2348;20;10;0.5000;-2300.21;-121.06;6.5918;0.0622;7.97;12;0.0001
XAUUSDm;M15;12;96;70;200;0.10;0.15;0;15;8;0;100;1;64;0.60;1.80;0;7;10;13;16;0;16385;2.00;10000;522;-3952.71;6703.48;0.91;-7.5722;0.2797;20;7;0.3500;-1614.73;-223.78;1.0000;0.0221;8.73;21;0.0000
XAUUSDm;M15;12;96;70;200;0.10;0.15;0;15;8;0;100;1;64;0.60;2.40;0;7;10;13;16;0;16385;2.00;10000;505;-3263.90;6928.71;0.94;-6.4632;0.2653;20;9;0.4500;-2218.32;-234.29;1.0000;0.0253;9.98;22;0.0000
XAUUSDm;M15;12;96;70;200;0.10;0.15;0;15;8;0;100;1;64;0.60;2.60;0;7;10;13;16;1;16385;2.00;10000;243;-287.40;9948.03;0.99;-1.1827;0.2593;20;8;0.4000;-2376.47;-215.28;1.0000;0.0491;8.35;11;0.0000
XAUUSDm;M15;12;96;70;200;0.10;0.15;0;15;8;0;100;1;64;0.60;3.00;0;7;10;13;16;1;16385;2.00;10000;241;-621.01;11208.87;0.98;-2.5768;0.2531;20;8;0.4000;-2318.84;-314.57;1.0000;0.0589;8.69;11;0.0000
XAUUSDm;M15;12;96;70;200;0.10;0.15;0;15;8;0;100;1;64;0.80;1.60;0;7;10;13;16;0;16385;2.00;10000;510;-2263.18;7124.19;0.96;-4.4376;0.3196;20;10;0.5000;-2046.04;-27.47;1.0000;0.0190;8.81;11;0.0000
XAUUSDm;M15;12;96;70;200;0.10;0.15;0;15;8;0;100;1;64;0.80;2.40;0;7;10;13;16;0;16385;2.00;10000;484;-105.33;11026.40;1.00;-0.2176;0.2872;20;10;0.5000;-2877.81;-144.20;1.0000;0.0237;10.71;20;0.0000
XAUUSDm;M15;12;96;70;200;0.10;0.15;0;15;8;0;100;1;64;0.80;2.60;0;7;10;13;16;0;16385;2.00;10000;481;-559.66;14456.79;0.99;-1.1635;0.2848;20;10;0.5000;-3256.42;-183.82;1.0000;0.0259;10.95;20;0.0000
XAUUSDm;M15;12;96;70;200;0.10;0.15;0;15;8;0;100;1;64;0.80;3.00;0;7;10;13;16;1;16385;2.00;10000;237;4071.45;9964.88;1.10;17.1791;0.2911;20;11;0.5500;-2810.95;413.77;0.4596;0.0408;9.61;11;0.0139
XAUUSDm;M15;12;96;70;200;0.10;0.15;0;15;8;0;100;1;64;1.00;1.60;0;7;10;13;16;1;16385;2.00;10000;246;1340.74;7942.90;1.04;5.4502;0.3577;20;10;0.5000;-2843.59;64.69;0.7384;0.0272;7.15;11;0.0038
XAUUSDm;M15;12;96;70;200;0.10;0.15;0;15;8;0;100;1;64;1.00;2.00;0;7;10;13;16;0;16385;2.00;10000;490;-1135.66;6458.64;0.98;-2.3177;0.3061;20;10;0.5000;-1596.18;-9.47;1.0000;0.0200;10.52;20;0.0000
XAUUSDm;M15;12;96;70;200;0.10;0.15;0;15;8;0;100;1;64;1.00;2.20;0;7;10;13;16;1;16385;2.00;10000;233;1513.51;7478.42;1.04;6.4958;0.3133;20;12;0.6000;-2380.41;38.30;0.9777;0.0414;9.03;11;0.0041
XAUUSDm;M15;12;96;70;200;0.10;0.15;0;15;8;0;100;1;64;1.00;2.40;0;7;10;13;16;1;16385;2.00;10000;231;2545.42;7229.74;1.07;11.0191;0.3203;20;12;0.6000;-2404.97;214.86;0.5127;0.0350;9.61;11;0.0137
XAUUSDm;M15;12;96;70;200;0.10;0.15;0;15;8;0;100;1;64;1.00;2.80;0;7;10;13;16;0;16385;2.00;10000;467;-4208.27;9150.10;0.91;-9.0113;0.2891;20;8;0.4000;-1974.80;-240.57;1.0000;0.0360;11.92;19;0.0000
XAUUSDm;M15;12;96;70;200;0.10;0.15;0;15;8;0;100;1;64;1.00;3.00;0;7;10;13;16;1;16385;2.00;10000;228;814.88;8097.63;1.02;3.5740;0.3026;20;12;0.6000;-2245.22;338.42;1.7933;0.0437;10.17;11;0.0010
XAUUSDm;M15;12;96;80;200;0.10;0.15;0;15;8;0;100;1;64;0.40;1.60;0;7;10;13;16;0;16385;2.00;10000;539;-1994.18;8126.89;0.97;-3.6998;0.2857;20;10;0.5000;-2265.78;44.69;1.0000;0.0194;8.48;18;0.0000
XAUUSDm;M15;12;96;80;200;0.10;0.15;0;15;8;0;100;1;64;0.40;1.80;0;7;10;13;16;1;16385;2.00;10000;248;825.75;6370.70;1.02;3.3296;0.2661;20;11;0.5500;-2721.83;250.09;1.9659;0.0375;5.96;12;0.0010
XAUUSDm;M15;12;96;80;200;0.10;0.15;0;15;8;0;100;1;64;0.40;2.00;0;7;10;13;16;0;16385;2.00;10000;527;-3955.15;8554.11;0.93;-7.5050;0.2562;20;6;0.3000;-1744.58;-385.14;1.0000;0.0267;9.24;18;0.0000
XAUUSDm;M15;12;96;80;200;0.10;0.15;0;15;8;0;100;1;64;0.40;2.00;0;7;10;13;16;1;16385;2.00;10000;241;-2192.46;8387.66;0.94;-9.0973;0.2490;20;7;0.3500;-2269.77;-346.33;1.0000;0.0437;6.53;12;0.0000
XAUUSDm;M15;12;96;80;200;0.10;0.15;0;15;8;0;100;1;64;0.40;2.20;0;7;10;13;16;0;16385;2.00;10000;521;-2931.44;8661.90;0.95;-5.6266;0.2572;20;6;0.3000;-2371.85;-454.91;1.0000;0.0278;9.62;18;0.0000
XAUUSDm;M15;12;96;80;200;0.10;0.15;0;15;8;0;100;1;64;0.40;2.40;0;7;10;13;16;1;16385;2.00;10000;240;-2394.23;8226.44;0.93;-9.9760;0.2417;20;7;0.3500;-2232.59;-262.17;1.0000;0.0512;6.90;12;0.0000
XAUUSDm;M15;12;96;80;200;0.10;0.15;0;15;8;0;100;1;64;0.40;2.80;0;7;10;13;16;0;16385;2.00;10000;517;-5557.32;11162.92;0.90;-10.7492;0.2456;20;4;0.2000;-1956.63;-380.81;1.0000;0.0369;10.03;19;0.0000
XAUUSDm;M15;12;96;80;200;0.10;0.15;0;15;8;0;100;1;64;0.40;2.80;0;7;10;13;16;1;16385;2.00;10000;239;-1550.40;9466.40;0.95;-6.4870;0.2385;20;10;0.5000;-2236.44;-21.27;1.0000;0.0457;7.23;12;0.0000
XAUUSDm;M15;12;96;80;200;0.10;0.15;0;15;8;0;100;1;64;0.40;3.00;0;7;10;13;16;1;16385;2.00;10000;238;-1473.58;9143.89;0.96;-6.1915;0.2395;20;9;0.4500;-2236.44;-111.98;1.0000;0.0470;7.37;12;0.0000
XAUUSDm;M15;12;96;80;200;0.10;0.15;0;15;8;0;100;1;64;0.60;1.60;0;7;10;13;16;1;16385;2.00;10000;247;-402.87;6012.83;0.99;-1.6311;0.3077;20;9;0.4500;-2588.33;-105.66;1.0000;0.0357;6.60;12;0.0000
XAUUSDm;M15;12;96;80;200;0.10;0.15;0;15;8;0;100;1;64;0.60;1.80;0;7;10;13;16;1;16385;2.00;10000;243;-412.15;4931.63;0.99;-1.6961;0.2881;20;11;0.5500;-2332.37;194.89;1.0000;0.0400;7.08;12;0.0000
XAUUSDm;M15;12;96;80;200;0.10;0.15;0;15;8;0;100;1;64;0.60;2.00;0;7;10;13;16;0;16385;2.00;10000;511;-6334.70;9070.56;0.87;-12.3967;0.2661;20;7;0.3500;-1616.84;-483.62;1.0000;0.0269;9.80;17;0.0000
XAUUSDm;M15;12;96;80;200;0.10;0.15;0;15;8;0;100;1;64;0.60;2.00;0;7;10;13;16;1;16385;2.00;10000;237;-2130.19;5943.01;0.93;-8.9881;0.2743;20;9;0.4500;-2004.70;-286.18;1.0000;0.0415;7.75;12;0.0000
XAUUSDm;M15;12;96;80;200;0.10;0.15;0;15;8;0;100;1;64;0.60;2.20;0;7;10;13;16;0;16385;2.00;10000;502;-7143.29;9446.10;0.82;-14.2297;0.2530;20;8;0.4000;-1620.31;-388.93;1.0000;0.0332;10.29;18;0.0000
XAUUSDm;M15;12;96;80;200;0.10;0.15;0;15;8;0;100;1;64;0.60;2.80;0;7;10;13;16;1;16385;2.00;10000;235;-2709.57;7619.26;0.91;-11.5301;0.2596;20;9;0.4500;-2042.58;-85.79;1.0000;0.0461;8.50;12;0.0000
XAUUSDm;M15;12;96;80;200;0.10;0.15;0;15;8;0;100;1;64;0.80;1.80;0;7;10;13;16;1;16385;2.00;10000;237;1129.84;5326.52;1.03;4.7673;0.3122;20;12;0.6000;-2764.53;133.44;1.3263;0.0392;8.21;12;0.0032
XAUUSDm;M15;12;96;80;200;0.10;0.15;0;15;8;0;100;1;64;0.80;2.20;0;7;10;13;16;0;16385;2.00;10000;486;-5026.27;11377.21;0.90;-10.3421;0.2840;20;8;0.4000;-2381.54;-219.75;1.0000;0.0295;11.32;16;0.0000
XAUUSDm;M15;12;96;80;200;0.10;0.15;0;15;8;0;100;1;64;0.80;2.40;0;7;10;13;16;0;16385;2.00;10000;484;-6187.85;12992.62;0.87;-12.7848;0.2769;20;5;0.2500;-2523.14;-371.29;1.0000;0.0342;11.07;16;0.0000
XAUUSDm;M15;12;96;80;200;0.10;0.15;0;15;8;0;100;1;64;0.80;2.60;0;7;10;13;16;0;16385;2.00;10000;484;-6215.24;13599.92;0.88;-12.8414;0.2769;20;6;0.3000;-2513.55;-353.53;1.0000;0.0372;11.25;16;0.0000
XAUUSDm;M15;12;96;80;200;0.10;0.15;0;15;8;0;100;1;64;0.80;2.60;0;7;10;13;16;1;16385;2.00;10000;233;-1412.54;6656.54;0.95;-6.0624;0.2833;20;10;0.5000;-2187.80;-38.24;1.0000;0.0385;9.45;12;0.0000
XAUUSDm;M15;12;96;80;200;0.10;0.15;0;15;8;0;100;1;64;1.00;1.60;0;7;10;13;16;0;16385;2.00;10000;500;-2416.49;8666.92;0.96;-4.8330;0.3420;20;11;0.5500;-2287.60;84.61;1.0000;0.0211;10.03;12;0.0000
XAUUSDm;M15;12;96;80;200;0.10;0.15;0;15;8;0;100;1;64;1.00;2.00;0;7;10;13;16;1;16385;2.00;10000;220;-2886.07;6571.17;0.89;-13.1185;0.2955;20;9;0.4500;-1780.03;-129.28;1.0000;0.0391;9.22;10;0.0000
XAUUSDm;M15;12;96;80;200;0.10;0.15;0;15;8;0;100;1;64;1.00;2.60;0;7;10;13;16;0;16385;2.00;10000;476;-6361.24;11614.21;0.84;-13.3639;0.2773;20;5;0.2500;-1791.51;-242.92;1.0000;0.0416;11.45;15;0.0000
XAUUSDm;M15;12;96;80;200;0.10;0.15;0;15;8;0;100;1;64;1.00;2.60;0;7;10;13;16;1;16385;2.00;10000;222;-3264.10;6483.87;0.87;-14.7032;0.2838;20;8;0.4000;-1511.54;-148.85;1.0000;0.0417;9.81;10;0.0000
