2025-01-01;-1811.17;4
2025-01-08;-389.24;6
2025-01-15;254.58;6
2025-01-22;-823.44;5
2025-01-29;-500.05;1
2025-02-05;-2113.65;5
2025-02-12;1415.9;5
2025-02-19;-248.85;6
2025-02-26;-760.1;6
2025-03-05;958.47;3
2025-03-12;5703.17;3
2025-03-19;5874.01;6
2025-03-26;201.13;4
2025-04-02;2162.81;8
2025-04-09;562.07;5
2025-04-16;-976.2;2
2025-04-23;-327.06;7
2025-04-30;8291.71;7
2025-05-07;1630.18;5
2025-05-14;-1857.69;4
2025-05-21;-2740.15;6
2025-05-28;-154.05;6
2025-06-04;-1323.41;8
2025-06-11;1995.93;5
2025-06-18;-636.01;6
2025-06-25;933.36;4
2025-07-02;-80.45;5
2025-07-09;-1824.01;4
2025-07-16;2912.43;6
2025-07-23;-592.91;5
2025-07-30;-1963.99;5
2025-08-06;-635.43;6
2025-08-13;-568.33;7
2025-08-20;646.27;6
2025-08-27;-1428.1;3
2025-09-03;-539.82;6
2025-09-10;749.93;6
2025-09-17;1441.15;7
2025-09-24;-1880.74;4
2025-10-01;1914.9;4
2025-10-08;-3017.93;7
2025-10-15;-900.34;5
2025-10-22;1639.94;5
2025-10-29;-758.05;5
2025-11-05;3473.16;4
2025-11-12;656.79;4
2025-11-19;-948.59;6
2025-11-26;2527.5;5
2025-12-03;12550.31;7
2025-12-10;4911.13;4
2025-12-17;-266.67;4
2025-12-24;-2263.19;5
2025-12-31;1456.96;3
2026-01-07;110.97;4
2026-01-14;513.38;6
2026-01-21;535.33;6
2026-01-28;25.2;5
2026-02-04;437.91;6
2026-02-11;352.1;5
2026-02-18;866.36;6
2026-02-25;-1859.68;4
2026-03-04;2446.72;6
2026-03-11;-233.91;7
2026-03-18;-1427.73;3
2026-03-25;2584.99;6
2026-04-01;-302.73;4
2026-04-08;2962.88;10
2026-04-15;-1410.63;6
2026-04-22;-364.88;4
2026-04-29;1213.84;6
2026-05-06;980.61;4
2026-05-13;254.2;6
2026-05-20;1640.12;7
2026-05-27;2208.32;8
2026-06-03;251.58;8
2026-06-10;3151.24;6
2026-06-17;-856.77;5
2026-06-24;-491.4;4
2026-07-01;-2173.85;5
2026-07-08;6475.06;7
2026-07-15;37.01;5
2026-07-22;-73.66;4
2026-07-29;688.47;4
2026-08-05;-34.43;3
2026-08-12;-306.89;5
2026-08-19;-2650.29;6
2026-08-26;195.13;7
2026-09-02;686.67;7
2026-09-09;1346.07;2
