2025-01-01;-1926.51;4
2025-01-08;-224.45;6
2025-01-15;463.06;6
2025-01-22;-678.63;5
2025-01-29;-500.05;1
2025-02-05;-2309.04;5
2025-02-12;1555.2;5
2025-02-19;-103.91;6
2025-02-26;-654.39;6
2025-03-05;1007.15;3
2025-03-12;4914.16;3
2025-03-19;5737.84;6
2025-03-26;272.09;4
2025-04-02;2242.24;8
2025-04-09;737.24;5
2025-04-16;-1001.26;2
2025-04-23;-6.57;7
2025-04-30;6753.06;7
2025-05-07;1840.92;5
2025-05-14;-2003.2;4
2025-05-21;-3117.67;6
2025-05-28;122.19;6
2025-06-04;-1274.45;8
2025-06-11;2044.67;5
2025-06-18;-538.4;6
2025-06-25;1013.68;4
2025-07-02;84.04;5
2025-07-09;-1940.89;4
2025-07-16;3069.06;6
2025-07-23;-449.54;5
2025-07-30;-2133.73;5
2025-08-06;-560.97;6
2025-08-13;-411.57;7
2025-08-20;833;6
2025-08-27;-1502.08;3
2025-09-03;-439.41;6
2025-09-10;932.01;6
2025-09-17;1616.86;7
2025-09-24;-2030.17;4
2025-10-01;1964.08;4
2025-10-08;-3501.85;7
2025-10-15;-854.85;5
2025-10-22;1723.99;5
2025-10-29;-735.12;5
2025-11-05;3226.28;4
2025-11-12;822.27;4
2025-11-19;-801.14;6
2025-11-26;2470.93;5
2025-12-03;9662.9;7
2025-12-10;4213.21;4
2025-12-17;-147.35;4
2025-12-24;-2501.27;5
2025-12-31;1479.28;3
2026-01-07;223.7;4
2026-01-14;676.77;6
2026-01-21;805.13;6
2026-01-28;170.68;5
2026-02-04;647.43;6
2026-02-11;482.75;5
2026-02-18;1021.03;6
2026-02-25;-2005.61;4
2026-03-04;2476.7;6
2026-03-11;-97.6;7
2026-03-18;-1501.48;3
2026-03-25;2661.48;6
2026-04-01;-186.01;4
2026-04-08;3395.02;10
2026-04-15;-1396.96;6
2026-04-22;-261.44;4
2026-04-29;1471.99;6
2026-05-06;1104.57;4
2026-05-13;530.42;6
2026-05-20;1960.99;7
2026-05-27;2451.06;8
2026-06-03;487.6;8
2026-06-10;3077.24;6
2026-06-17;-774.05;5
2026-06-24;-409.35;4
2026-07-01;-2391.59;5
2026-07-08;5615.15;7
2026-07-15;158.23;5
2026-07-22;-11.05;4
2026-07-29;790.33;4
2026-08-05;-11.04;3
2026-08-12;-226.48;5
2026-08-19;-3001.25;6
2026-08-26;458.33;7
2026-09-02;1022.41;7
2026-09-09;1444.34;2
