XAUUSDm;M5;0;1.00;1;0.1;2.0;0.5;0;0;1;10;0;0;10000;1102;-2750.17;3736.70;0.92;-2.4956;0.6506;13;6;0.4615;-1334.02;-167.05;1.0000;0.0016;2.38;8;0.0000
XAUUSDm;M5;0;1.00;1;0.1;2.0;0.8;0;0;1;10;0;0;10000;920;-2046.23;2738.46;0.94;-2.2242;0.5598;13;5;0.3846;-967.27;-96.40;1.0000;0.0022;3.74;10;0.0000
XAUUSDm;M5;0;1.00;1;0.1;2.0;1.0;0;0;1;10;0;0;10000;776;-1925.91;3542.93;0.95;-2.4818;0.4884;13;6;0.4615;-1110.61;-43.75;1.0000;0.0030;5.73;10;0.0000
XAUUSDm;M5;0;1.00;1;0.1;2.0;1.2;0;0;1;10;0;0;10000;679;-91.41;2583.32;1.00;-0.1346;0.4448;13;6;0.4615;-736.48;-76.98;1.0000;0.0037;7.17;11;0.0000
XAUUSDm;M5;0;1.00;1;0.1;2.0;1.5;0;0;1;10;0;0;10000;630;1288.46;2854.89;1.04;2.0452;0.4111;13;7;0.5385;-1308.89;257.73;0.1164;0.0043;8.19;11;0.1076
XAUUSDm;M5;0;1.50;1;0.1;2.0;0.5;0;0;1;10;0;0;10000;1102;-2750.17;3736.70;0.92;-2.4956;0.6506;13;6;0.4615;-1334.02;-167.05;1.0000;0.0016;2.38;8;0.0000
XAUUSDm;M5;0;1.50;1;0.1;2.0;0.8;0;0;1;10;0;0;10000;920;-2046.23;2738.46;0.94;-2.2242;0.5598;13;5;0.3846;-967.27;-96.40;1.0000;0.0022;3.74;10;0.0000
XAUUSDm;M5;0;1.50;1;0.1;2.0;1.0;0;0;1;10;0;0;10000;776;-1925.91;3542.93;0.95;-2.4818;0.4884;13;6;0.4615;-1110.61;-43.75;1.0000;0.0030;5.73;10;0.0000
XAUUSDm;M5;0;1.50;1;0.1;2.0;1.2;0;0;1;10;0;0;10000;679;-91.41;2583.32;1.00;-0.1346;0.4448;13;6;0.4615;-736.48;-76.98;1.0000;0.0037;7.17;11;0.0000
XAUUSDm;M5;0;1.50;1;0.1;2.0;1.5;0;0;1;10;0;0;10000;630;1288.46;2854.89;1.04;2.0452;0.4111;13;7;0.5385;-1308.89;257.73;0.1164;0.0043;8.19;11;0.1076
XAUUSDm;M5;0;2.00;1;0.1;2.0;0.5;0;0;1;10;0;0;10000;1102;-2750.17;3736.70;0.92;-2.4956;0.6506;13;6;0.4615;-1334.02;-167.05;1.0000;0.0016;2.38;8;0.0000
XAUUSDm;M5;0;2.00;1;0.1;2.0;0.8;0;0;1;10;0;0;10000;920;-2046.23;2738.46;0.94;-2.2242;0.5598;13;5;0.3846;-967.27;-96.40;1.0000;0.0022;3.74;10;0.0000
XAUUSDm;M5;0;2.00;1;0.1;2.0;1.0;0;0;1;10;0;0;10000;776;-1925.91;3542.93;0.95;-2.4818;0.4884;13;6;0.4615;-1110.61;-43.75;1.0000;0.0030;5.73;10;0.0000
XAUUSDm;M5;0;2.00;1;0.1;2.0;1.2;0;0;1;10;0;0;10000;679;-91.41;2583.32;1.00;-0.1346;0.4448;13;6;0.4615;-736.48;-76.98;1.0000;0.0037;7.17;11;0.0000
XAUUSDm;M5;0;2.00;1;0.1;2.0;1.5;0;0;1;10;0;0;10000;630;1288.46;2854.89;1.04;2.0452;0.4111;13;7;0.5385;-1308.89;257.73;0.1164;0.0043;8.19;11;0.1076
XAUUSDm;M5;0;2.50;1;0.1;2.0;0.5;0;0;1;10;0;0;10000;1102;-2750.17;3736.70;0.92;-2.4956;0.6506;13;6;0.4615;-1334.02;-167.05;1.0000;0.0016;2.38;8;0.0000
XAUUSDm;M5;0;2.50;1;0.1;2.0;0.8;0;0;1;10;0;0;10000;920;-2046.23;2738.46;0.94;-2.2242;0.5598;13;5;0.3846;-967.27;-96.40;1.0000;0.0022;3.74;10;0.0000
XAUUSDm;M5;0;2.50;1;0.1;2.0;1.0;0;0;1;10;0;0;10000;776;-1925.91;3542.93;0.95;-2.4818;0.4884;13;6;0.4615;-1110.61;-43.75;1.0000;0.0030;5.73;10;0.0000
XAUUSDm;M5;0;2.50;1;0.1;2.0;1.2;0;0;1;10;0;0;10000;679;-91.41;2583.32;1.00;-0.1346;0.4448;13;6;0.4615;-736.48;-76.98;1.0000;0.0037;7.17;11;0.0000
XAUUSDm;M5;0;2.50;1;0.1;2.0;1.5;0;0;1;10;0;0;10000;630;1288.46;2854.89;1.04;2.0452;0.4111;13;7;0.5385;-1308.89;257.73;0.1164;0.0043;8.19;11;0.1076
XAUUSDm;M5;0;3.00;1;0.1;2.0;0.5;0;0;1;10;0;0;10000;1102;-2750.17;3736.70;0.92;-2.4956;0.6506;13;6;0.4615;-1334.02;-167.05;1.0000;0.0016;2.38;8;0.0000
XAUUSDm;M5;0;3.00;1;0.1;2.0;0.8;0;0;1;10;0;0;10000;920;-2046.23;2738.46;0.94;-2.2242;0.5598;13;5;0.3846;-967.27;-96.40;1.0000;0.0022;3.74;10;0.0000
XAUUSDm;M5;0;3.00;1;0.1;2.0;1.0;0;0;1;10;0;0;10000;776;-1925.91;3542.93;0.95;-2.4818;0.4884;13;6;0.4615;-1110.61;-43.75;1.0000;0.0030;5.73;10;0.0000
XAUUSDm;M5;0;3.00;1;0.1;2.0;1.2;0;0;1;10;0;0;10000;679;-91.41;2583.32;1.00;-0.1346;0.4448;13;6;0.4615;-736.48;-76.98;1.0000;0.0037;7.17;11;0.0000
XAUUSDm;M5;0;3.00;1;0.1;2.0;1.5;0;0;1;10;0;0;10000;630;1288.46;2854.89;1.04;2.0452;0.4111;13;7;0.5385;-1308.89;257.73;0.1164;0.0043;8.19;11;0.1076
XAUUSDm;M5;1;1.00;1;0.1;2.0;0.5;0;0;1;10;0;0;10000;1907;-6376.05;7887.44;0.90;-3.3435;0.6445;13;4;0.3077;-2894.48;-649.53;1.0000;0.0008;0.18;6;0.0000
XAUUSDm;M5;1;1.00;1;0.1;2.0;0.8;0;0;1;10;0;0;10000;1901;-3488.56;7335.17;0.96;-1.8351;0.5613;13;4;0.3077;-2319.76;-563.24;1.0000;0.0010;0.24;8;0.0000
XAUUSDm;M5;1;1.00;1;0.1;2.0;1.0;0;0;1;10;0;0;10000;1896;-3726.46;8834.83;0.96;-1.9654;0.4905;13;5;0.3846;-2143.58;-456.56;1.0000;0.0011;0.32;8;0.0000
XAUUSDm;M5;1;1.00;1;0.1;2.0;1.2;0;0;1;10;0;0;10000;1888;-1625.68;8179.40;0.98;-0.8611;0.4417;13;6;0.4615;-1960.44;-4.30;1.0000;0.0012;0.43;11;0.0000
XAUUSDm;M5;1;1.00;1;0.1;2.0;1.5;0;0;1;10;0;0;10000;1860;-5976.05;9940.97;0.95;-3.2129;0.3882;13;6;0.4615;-2684.10;-136.92;1.0000;0.0014;0.47;12;0.0000
XAUUSDm;M5;1;1.50;1;0.1;2.0;0.5;0;0;1;10;0;0;10000;1778;-3331.81;5975.32;0.94;-1.8739;0.6547;13;2;0.1538;-1258.39;-539.04;1.0000;0.0009;0.42;6;0.0000
XAUUSDm;M5;1;1.50;1;0.1;2.0;0.8;0;0;1;10;0;0;10000;1751;-4098.36;7369.15;0.94;-2.3406;0.5591;13;2;0.1538;-1136.43;-619.61;1.0000;0.0011;0.62;8;0.0000
XAUUSDm;M5;1;1.50;1;0.1;2.0;1.0;0;0;1;10;0;0;10000;1713;-6096.68;9601.05;0.93;-3.5591;0.4834;13;4;0.3077;-1849.21;-760.88;1.0000;0.0013;0.78;12;0.0000
XAUUSDm;M5;1;1.50;1;0.1;2.0;1.2;0;0;1;10;0;0;10000;1617;-6058.45;9863.25;0.93;-3.7467;0.4292;13;5;0.3846;-2649.32;-513.57;1.0000;0.0015;1.04;12;0.0000
XAUUSDm;M5;1;1.50;1;0.1;2.0;1.5;0;0;1;10;0;0;10000;1555;-6419.92;10588.36;0.93;-4.1286;0.3846;13;4;0.3077;-3173.10;-662.85;1.0000;0.0018;1.27;14;0.0000
XAUUSDm;M5;1;2.00;1;0.1;2.0;0.5;0;0;1;10;0;0;10000;1592;-5508.52;7047.13;0.90;-3.4601;0.6420;13;4;0.3077;-1655.94;-402.76;1.0000;0.0010;0.75;8;0.0000
XAUUSDm;M5;1;2.00;1;0.1;2.0;0.8;0;0;1;10;0;0;10000;1528;-7045.80;9015.41;0.89;-4.6111;0.5445;13;4;0.3077;-1538.48;-665.28;1.0000;0.0013;1.10;8;0.0000
XAUUSDm;M5;1;2.00;1;0.1;2.0;1.0;0;0;1;10;0;0;10000;1431;-7480.17;9809.42;0.89;-5.2272;0.4731;13;3;0.2308;-2542.00;-648.47;1.0000;0.0016;1.45;11;0.0000
XAUUSDm;M5;1;2.00;1;0.1;2.0;1.2;0;0;1;10;0;0;10000;1077;-9853.25;10105.63;0.84;-9.1488;0.4020;12;2;0.1667;-2524.76;-739.48;1.0000;0.0025;1.80;12;0.0000
XAUUSDm;M5;1;2.00;1;0.1;2.0;1.5;0;0;1;10;0;0;10000;1328;-4073.22;9013.64;0.95;-3.0672;0.3878;13;4;0.3077;-2670.01;-515.54;1.0000;0.0021;2.25;15;0.0000
XAUUSDm;M5;1;2.50;1;0.1;2.0;0.5;0;0;1;10;0;0;10000;1371;-5708.26;6081.29;0.88;-4.1636;0.6368;13;2;0.1538;-1735.42;-373.55;1.0000;0.0012;1.39;7;0.0000
XAUUSDm;M5;1;2.50;1;0.1;2.0;0.8;0;0;1;10;0;0;10000;1258;-7900.25;9218.87;0.86;-6.2800;0.5334;13;5;0.3846;-3186.52;-534.84;1.0000;0.0016;1.93;10;0.0000
XAUUSDm;M5;1;2.50;1;0.1;2.0;1.0;0;0;1;10;0;0;10000;1156;-5483.23;6964.13;0.90;-4.7433;0.4758;13;4;0.3077;-2730.29;-474.72;1.0000;0.0020;2.59;10;0.0000
XAUUSDm;M5;1;2.50;1;0.1;2.0;1.2;0;0;1;10;0;0;10000;1079;-5458.38;8315.68;0.91;-5.0587;0.4217;13;4;0.3077;-2405.70;-587.89;1.0000;0.0024;3.30;13;0.0000
XAUUSDm;M5;1;2.50;1;0.1;2.0;1.5;0;0;1;10;0;0;10000;1025;-3093.54;5629.86;0.95;-3.0181;0.3893;13;4;0.3077;-2130.55;-283.78;1.0000;0.0027;3.79;16;0.0000
XAUUSDm;M5;1;3.00;1;0.1;2.0;0.5;0;0;1;10;0;0;10000;1206;-6273.18;6717.59;0.85;-5.2016;0.6310;13;3;0.2308;-1747.99;-432.81;1.0000;0.0014;1.92;5;0.0000
XAUUSDm;M5;1;3.00;1;0.1;2.0;0.8;0;0;1;10;0;0;10000;1067;-5234.66;5538.25;0.88;-4.9060;0.5426;13;4;0.3077;-1946.58;-248.88;1.0000;0.0019;2.70;7;0.0000
XAUUSDm;M5;1;3.00;1;0.1;2.0;1.0;0;0;1;10;0;0;10000;977;-3584.05;4995.64;0.92;-3.6684;0.4811;13;4;0.3077;-1847.78;-362.20;1.0000;0.0023;3.59;8;0.0000
XAUUSDm;M5;1;3.00;1;0.1;2.0;1.2;0;0;1;10;0;0;10000;883;-3001.66;4079.63;0.93;-3.3994;0.4292;13;6;0.4615;-1887.15;-110.17;1.0000;0.0029;4.62;7;0.0000
XAUUSDm;M5;1;3.00;1;0.1;2.0;1.5;0;0;1;10;0;0;10000;802;-1198.75;3107.27;0.97;-1.4947;0.3953;13;5;0.3846;-1838.49;-26.05;1.0000;0.0035;5.69;10;0.0000
