XAUUSDm;H1;0;1.00;1;0.1;2.0;0.5;0;0;1;10;0;0;10000;72;230.65;649.01;1.14;3.2035;0.6944;13;7;0.5385;-430.27;42.27;0.2143;0.0257;22.89;6;0.0000
XAUUSDm;H1;0;1.00;1;0.1;2.0;0.5;0;0;1;10;1;0;10000;134;-348.84;658.60;0.89;-2.6033;0.5224;13;7;0.5385;-272.58;32.53;1.0000;0.0181;9.83;5;0.0000
XAUUSDm;H1;0;1.00;1;0.1;2.0;1.0;0;0;1;10;0;0;10000;55;-505.93;897.16;0.78;-9.1987;0.4182;13;7;0.5385;-430.27;29.48;1.0000;0.0536;49.57;7;0.0000
XAUUSDm;H1;0;1.00;1;0.1;2.0;1.0;0;0;1;10;1;0;10000;134;-111.66;694.40;0.97;-0.8333;0.3731;13;8;0.6154;-419.80;67.76;1.0000;0.0251;17.15;6;0.0000
XAUUSDm;H1;0;1.00;1;0.1;2.0;1.5;0;0;1;10;0;0;10000;53;-424.56;852.22;0.84;-8.0106;0.3396;13;5;0.3846;-430.27;-56.38;1.0000;0.0679;54.11;7;0.0000
XAUUSDm;H1;0;1.00;1;0.1;2.0;1.5;0;0;1;10;1;0;10000;134;-485.06;888.90;0.90;-3.6199;0.2910;13;7;0.5385;-322.37;5.81;1.0000;0.0346;23.38;8;0.0000
XAUUSDm;H1;0;1.00;1;0.1;2.0;2.0;0;0;1;10;0;0;10000;45;4.49;837.74;1.00;0.0998;0.3111;13;5;0.3846;-430.27;-68.40;43.5189;0.0851;72.74;7;0.0000
XAUUSDm;H1;0;1.00;1;0.1;2.0;2.0;0;0;1;10;1;0;10000;134;217.30;674.39;1.05;1.6216;0.2761;13;6;0.4615;-306.09;-32.84;0.8992;0.0387;25.93;8;0.0033
XAUUSDm;H1;0;1.00;1;0.1;2.0;2.5;0;0;1;10;0;0;10000;40;-1039.17;1452.88;0.58;-25.9792;0.2000;13;4;0.3077;-430.27;-61.75;1.0000;0.1689;93.90;12;0.0000
XAUUSDm;H1;0;1.00;1;0.1;2.0;2.5;0;0;1;10;1;0;10000;134;306.94;966.42;1.06;2.2906;0.2537;13;8;0.6154;-463.03;38.97;0.7958;0.0465;28.80;8;0.0059
XAUUSDm;H1;0;1.00;1;0.1;2.0;3.0;0;0;1;10;0;0;10000;40;-1147.19;1648.57;0.56;-28.6797;0.1750;13;3;0.2308;-430.27;-68.40;1.0000;0.1978;97.70;12;0.0000
XAUUSDm;H1;0;1.00;1;0.1;2.0;3.0;0;0;1;10;1;0;10000;134;478.30;1199.55;1.09;3.5694;0.2388;13;7;0.5385;-495.16;4.33;0.6072;0.0519;32.03;8;0.0070
XAUUSDm;H1;0;1.00;1;0.1;2.0;3.5;0;0;1;10;0;0;10000;39;-852.42;1512.10;0.66;-21.8569;0.1795;13;5;0.3846;-430.27;-97.43;1.0000;0.2000;101.49;12;0.0000
XAUUSDm;H1;0;1.00;1;0.1;2.0;3.5;0;0;1;10;1;0;10000;134;920.12;1092.57;1.18;6.8666;0.2313;13;8;0.6154;-454.45;182.07;0.3606;0.0545;34.44;14;0.0316
XAUUSDm;H1;0;1.00;1;0.1;2.0;4.0;0;0;1;10;0;0;10000;36;-856.78;1604.13;0.64;-23.7994;0.1667;13;5;0.3846;-430.27;-107.04;1.0000;0.2422;115.31;13;0.0000
XAUUSDm;H1;0;1.00;1;0.1;2.0;4.0;0;0;1;10;1;0;10000;134;1362.04;1071.48;1.26;10.1645;0.2313;13;8;0.6154;-413.75;4.33;0.2713;0.0566;36.84;14;0.0635
XAUUSDm;H1;0;1.50;1;0.1;2.0;0.5;0;0;1;10;0;0;10000;72;230.65;649.01;1.14;3.2035;0.6944;13;7;0.5385;-430.27;42.27;0.2143;0.0257;22.89;6;0.0000
XAUUSDm;H1;0;1.50;1;0.1;2.0;0.5;0;0;1;10;1;0;10000;134;-348.84;658.60;0.89;-2.6033;0.5224;13;7;0.5385;-272.58;32.53;1.0000;0.0181;9.83;5;0.0000
XAUUSDm;H1;0;1.50;1;0.1;2.0;1.0;0;0;1;10;0;0;10000;55;-505.93;897.16;0.78;-9.1987;0.4182;13;7;0.5385;-430.27;29.48;1.0000;0.0536;49.57;7;0.0000
XAUUSDm;H1;0;1.50;1;0.1;2.0;1.0;0;0;1;10;1;0;10000;134;-111.66;694.40;0.97;-0.8333;0.3731;13;8;0.6154;-419.80;67.76;1.0000;0.0251;17.15;6;0.0000
XAUUSDm;H1;0;1.50;1;0.1;2.0;1.5;0;0;1;10;0;0;10000;53;-424.56;852.22;0.84;-8.0106;0.3396;13;5;0.3846;-430.27;-56.38;1.0000;0.0679;54.11;7;0.0000
XAUUSDm;H1;0;1.50;1;0.1;2.0;1.5;0;0;1;10;1;0;10000;134;-485.06;888.90;0.90;-3.6199;0.2910;13;7;0.5385;-322.37;5.81;1.0000;0.0346;23.38;8;0.0000
XAUUSDm;H1;0;1.50;1;0.1;2.0;2.0;0;0;1;10;0;0;10000;45;4.49;837.74;1.00;0.0998;0.3111;13;5;0.3846;-430.27;-68.40;43.5189;0.0851;72.74;7;0.0000
XAUUSDm;H1;0;1.50;1;0.1;2.0;2.0;0;0;1;10;1;0;10000;134;217.30;674.39;1.05;1.6216;0.2761;13;6;0.4615;-306.09;-32.84;0.8992;0.0387;25.93;8;0.0033
XAUUSDm;H1;0;1.50;1;0.1;2.0;2.5;0;0;1;10;0;0;10000;40;-1039.17;1452.88;0.58;-25.9792;0.2000;13;4;0.3077;-430.27;-61.75;1.0000;0.1689;93.90;12;0.0000
XAUUSDm;H1;0;1.50;1;0.1;2.0;2.5;0;0;1;10;1;0;10000;134;306.94;966.42;1.06;2.2906;0.2537;13;8;0.6154;-463.03;38.97;0.7958;0.0465;28.80;8;0.0059
XAUUSDm;H1;0;1.50;1;0.1;2.0;3.0;0;0;1;10;0;0;10000;40;-1147.19;1648.57;0.56;-28.6797;0.1750;13;3;0.2308;-430.27;-68.40;1.0000;0.1978;97.70;12;0.0000
XAUUSDm;H1;0;1.50;1;0.1;2.0;3.0;0;0;1;10;1;0;10000;134;478.30;1199.55;1.09;3.5694;0.2388;13;7;0.5385;-495.16;4.33;0.6072;0.0519;32.03;8;0.0070
XAUUSDm;H1;0;1.50;1;0.1;2.0;3.5;0;0;1;10;0;0;10000;39;-852.42;1512.10;0.66;-21.8569;0.1795;13;5;0.3846;-430.27;-97.43;1.0000;0.2000;101.49;12;0.0000
XAUUSDm;H1;0;1.50;1;0.1;2.0;3.5;0;0;1;10;1;0;10000;134;920.12;1092.57;1.18;6.8666;0.2313;13;8;0.6154;-454.45;182.07;0.3606;0.0545;34.44;14;0.0316
XAUUSDm;H1;0;1.50;1;0.1;2.0;4.0;0;0;1;10;0;0;10000;36;-856.78;1604.13;0.64;-23.7994;0.1667;13;5;0.3846;-430.27;-107.04;1.0000;0.2422;115.31;13;0.0000
XAUUSDm;H1;0;1.50;1;0.1;2.0;4.0;0;0;1;10;1;0;10000;134;1362.04;1071.48;1.26;10.1645;0.2313;13;8;0.6154;-413.75;4.33;0.2713;0.0566;36.84;14;0.0635
XAUUSDm;H1;0;2.00;1;0.1;2.0;0.5;0;0;1;10;0;0;10000;72;230.65;649.01;1.14;3.2035;0.6944;13;7;0.5385;-430.27;42.27;0.2143;0.0257;22.89;6;0.0000
XAUUSDm;H1;0;2.00;1;0.1;2.0;0.5;0;0;1;10;1;0;10000;134;-348.84;658.60;0.89;-2.6033;0.5224;13;7;0.5385;-272.58;32.53;1.0000;0.0181;9.83;5;0.0000
XAUUSDm;H1;0;2.00;1;0.1;2.0;1.0;0;0;1;10;0;0;10000;55;-505.93;897.16;0.78;-9.1987;0.4182;13;7;0.5385;-430.27;29.48;1.0000;0.0536;49.57;7;0.0000
XAUUSDm;H1;0;2.00;1;0.1;2.0;1.0;0;0;1;10;1;0;10000;134;-111.66;694.40;0.97;-0.8333;0.3731;13;8;0.6154;-419.80;67.76;1.0000;0.0251;17.15;6;0.0000
XAUUSDm;H1;0;2.00;1;0.1;2.0;1.5;0;0;1;10;0;0;10000;53;-424.56;852.22;0.84;-8.0106;0.3396;13;5;0.3846;-430.27;-56.38;1.0000;0.0679;54.11;7;0.0000
XAUUSDm;H1;0;2.00;1;0.1;2.0;1.5;0;0;1;10;1;0;10000;134;-485.06;888.90;0.90;-3.6199;0.2910;13;7;0.5385;-322.37;5.81;1.0000;0.0346;23.38;8;0.0000
XAUUSDm;H1;0;2.00;1;0.1;2.0;2.0;0;0;1;10;0;0;10000;45;4.49;837.74;1.00;0.0998;0.3111;13;5;0.3846;-430.27;-68.40;43.5189;0.0851;72.74;7;0.0000
XAUUSDm;H1;0;2.00;1;0.1;2.0;2.0;0;0;1;10;1;0;10000;134;217.30;674.39;1.05;1.6216;0.2761;13;6;0.4615;-306.09;-32.84;0.8992;0.0387;25.93;8;0.0033
XAUUSDm;H1;0;2.00;1;0.1;2.0;2.5;0;0;1;10;0;0;10000;40;-1039.17;1452.88;0.58;-25.9792;0.2000;13;4;0.3077;-430.27;-61.75;1.0000;0.1689;93.90;12;0.0000
XAUUSDm;H1;0;2.00;1;0.1;2.0;2.5;0;0;1;10;1;0;10000;134;306.94;966.42;1.06;2.2906;0.2537;13;8;0.6154;-463.03;38.97;0.7958;0.0465;28.80;8;0.0059
XAUUSDm;H1;0;2.00;1;0.1;2.0;3.0;0;0;1;10;0;0;10000;40;-1147.19;1648.57;0.56;-28.6797;0.1750;13;3;0.2308;-430.27;-68.40;1.0000;0.1978;97.70;12;0.0000
XAUUSDm;H1;0;2.00;1;0.1;2.0;3.0;0;0;1;10;1;0;10000;134;478.30;1199.55;1.09;3.5694;0.2388;13;7;0.5385;-495.16;4.33;0.6072;0.0519;32.03;8;0.0070
XAUUSDm;H1;0;2.00;1;0.1;2.0;3.5;0;0;1;10;0;0;10000;39;-852.42;1512.10;0.66;-21.8569;0.1795;13;5;0.3846;-430.27;-97.43;1.0000;0.2000;101.49;12;0.0000
XAUUSDm;H1;0;2.00;1;0.1;2.0;3.5;0;0;1;10;1;0;10000;134;920.12;1092.57;1.18;6.8666;0.2313;13;8;0.6154;-454.45;182.07;0.3606;0.0545;34.44;14;0.0316
XAUUSDm;H1;0;2.00;1;0.1;2.0;4.0;0;0;1;10;0;0;10000;36;-856.78;1604.13;0.64;-23.7994;0.1667;13;5;0.3846;-430.27;-107.04;1.0000;0.2422;115.31;13;0.0000
XAUUSDm;H1;0;2.00;1;0.1;2.0;4.0;0;0;1;10;1;0;10000;134;1362.04;1071.48;1.26;10.1645;0.2313;13;8;0.6154;-413.75;4.33;0.2713;0.0566;36.84;14;0.0635
XAUUSDm;H1;0;2.50;1;0.1;2.0;0.5;0;0;1;10;0;0;10000;72;230.65;649.01;1.14;3.2035;0.6944;13;7;0.5385;-430.27;42.27;0.2143;0.0257;22.89;6;0.0000
XAUUSDm;H1;0;2.50;1;0.1;2.0;0.5;0;0;1;10;1;0;10000;134;-348.84;658.60;0.89;-2.6033;0.5224;13;7;0.5385;-272.58;32.53;1.0000;0.0181;9.83;5;0.0000
XAUUSDm;H1;0;2.50;1;0.1;2.0;1.0;0;0;1;10;0;0;10000;55;-505.93;897.16;0.78;-9.1987;0.4182;13;7;0.5385;-430.27;29.48;1.0000;0.0536;49.57;7;0.0000
XAUUSDm;H1;0;2.50;1;0.1;2.0;1.0;0;0;1;10;1;0;10000;134;-111.66;694.40;0.97;-0.8333;0.3731;13;8;0.6154;-419.80;67.76;1.0000;0.0251;17.15;6;0.0000
XAUUSDm;H1;0;2.50;1;0.1;2.0;1.5;0;0;1;10;0;0;10000;53;-424.56;852.22;0.84;-8.0106;0.3396;13;5;0.3846;-430.27;-56.38;1.0000;0.0679;54.11;7;0.0000
XAUUSDm;H1;0;2.50;1;0.1;2.0;1.5;0;0;1;10;1;0;10000;134;-485.06;888.90;0.90;-3.6199;0.2910;13;7;0.5385;-322.37;5.81;1.0000;0.0346;23.38;8;0.0000
XAUUSDm;H1;0;2.50;1;0.1;2.0;2.0;0;0;1;10;0;0;10000;45;4.49;837.74;1.00;0.0998;0.3111;13;5;0.3846;-430.27;-68.40;43.5189;0.0851;72.74;7;0.0000
XAUUSDm;H1;0;2.50;1;0.1;2.0;2.0;0;0;1;10;1;0;10000;134;217.30;674.39;1.05;1.6216;0.2761;13;6;0.4615;-306.09;-32.84;0.8992;0.0387;25.93;8;0.0033
XAUUSDm;H1;0;2.50;1;0.1;2.0;2.5;0;0;1;10;0;0;10000;40;-1039.17;1452.88;0.58;-25.9792;0.2000;13;4;0.3077;-430.27;-61.75;1.0000;0.1689;93.90;12;0.0000
XAUUSDm;H1;0;2.50;1;0.1;2.0;2.5;0;0;1;10;1;0;10000;134;306.94;966.42;1.06;2.2906;0.2537;13;8;0.6154;-463.03;38.97;0.7958;0.0465;28.80;8;0.0059
XAUUSDm;H1;0;2.50;1;0.1;2.0;3.0;0;0;1;10;0;0;10000;40;-1147.19;1648.57;0.56;-28.6797;0.1750;13;3;0.2308;-430.27;-68.40;1.0000;0.1978;97.70;12;0.0000
XAUUSDm;H1;0;2.50;1;0.1;2.0;3.0;0;0;1;10;1;0;10000;134;478.30;1199.55;1.09;3.5694;0.2388;13;7;0.5385;-495.16;4.33;0.6072;0.0519;32.03;8;0.0070
XAUUSDm;H1;0;2.50;1;0.1;2.0;3.5;0;0;1;10;0;0;10000;39;-852.42;1512.10;0.66;-21.8569;0.1795;13;5;0.3846;-430.27;-97.43;1.0000;0.2000;101.49;12;0.0000
XAUUSDm;H1;0;2.50;1;0.1;2.0;3.5;0;0;1;10;1;0;10000;134;920.12;1092.57;1.18;6.8666;0.2313;13;8;0.6154;-454.45;182.07;0.3606;0.0545;34.44;14;0.0316
XAUUSDm;H1;0;2.50;1;0.1;2.0;4.0;0;0;1;10;0;0;10000;36;-856.78;1604.13;0.64;-23.7994;0.1667;13;5;0.3846;-430.27;-107.04;1.0000;0.2422;115.31;13;0.0000
XAUUSDm;H1;0;2.50;1;0.1;2.0;4.0;0;0;1;10;1;0;10000;134;1362.04;1071.48;1.26;10.1645;0.2313;13;8;0.6154;-413.75;4.33;0.2713;0.0566;36.84;14;0.0635
XAUUSDm;H1;0;3.00;1;0.1;2.0;0.5;0;0;1;10;0;0;10000;72;230.65;649.01;1.14;3.2035;0.6944;13;7;0.5385;-430.27;42.27;0.2143;0.0257;22.89;6;0.0000
XAUUSDm;H1;0;3.00;1;0.1;2.0;0.5;0;0;1;10;1;0;10000;134;-348.84;658.60;0.89;-2.6033;0.5224;13;7;0.5385;-272.58;32.53;1.0000;0.0181;9.83;5;0.0000
XAUUSDm;H1;0;3.00;1;0.1;2.0;1.0;0;0;1;10;0;0;10000;55;-505.93;897.16;0.78;-9.1987;0.4182;13;7;0.5385;-430.27;29.48;1.0000;0.0536;49.57;7;0.0000
XAUUSDm;H1;0;3.00;1;0.1;2.0;1.0;0;0;1;10;1;0;10000;134;-111.66;694.40;0.97;-0.8333;0.3731;13;8;0.6154;-419.80;67.76;1.0000;0.0251;17.15;6;0.0000
XAUUSDm;H1;0;3.00;1;0.1;2.0;1.5;0;0;1;10;0;0;10000;53;-424.56;852.22;0.84;-8.0106;0.3396;13;5;0.3846;-430.27;-56.38;1.0000;0.0679;54.11;7;0.0000
XAUUSDm;H1;0;3.00;1;0.1;2.0;1.5;0;0;1;10;1;0;10000;134;-485.06;888.90;0.90;-3.6199;0.2910;13;7;0.5385;-322.37;5.81;1.0000;0.0346;23.38;8;0.0000
XAUUSDm;H1;0;3.00;1;0.1;2.0;2.0;0;0;1;10;0;0;10000;45;4.49;837.74;1.00;0.0998;0.3111;13;5;0.3846;-430.27;-68.40;43.5189;0.0851;72.74;7;0.0000
XAUUSDm;H1;0;3.00;1;0.1;2.0;2.0;0;0;1;10;1;0;10000;134;217.30;674.39;1.05;1.6216;0.2761;13;6;0.4615;-306.09;-32.84;0.8992;0.0387;25.93;8;0.0033
XAUUSDm;H1;0;3.00;1;0.1;2.0;2.5;0;0;1;10;0;0;10000;40;-1039.17;1452.88;0.58;-25.9792;0.2000;13;4;0.3077;-430.27;-61.75;1.0000;0.1689;93.90;12;0.0000
XAUUSDm;H1;0;3.00;1;0.1;2.0;2.5;0;0;1;10;1;0;10000;134;306.94;966.42;1.06;2.2906;0.2537;13;8;0.6154;-463.03;38.97;0.7958;0.0465;28.80;8;0.0059
XAUUSDm;H1;0;3.00;1;0.1;2.0;3.0;0;0;1;10;0;0;10000;40;-1147.19;1648.57;0.56;-28.6797;0.1750;13;3;0.2308;-430.27;-68.40;1.0000;0.1978;97.70;12;0.0000
XAUUSDm;H1;0;3.00;1;0.1;2.0;3.0;0;0;1;10;1;0;10000;134;478.30;1199.55;1.09;3.5694;0.2388;13;7;0.5385;-495.16;4.33;0.6072;0.0519;32.03;8;0.0070
XAUUSDm;H1;0;3.00;1;0.1;2.0;3.5;0;0;1;10;0;0;10000;39;-852.42;1512.10;0.66;-21.8569;0.1795;13;5;0.3846;-430.27;-97.43;1.0000;0.2000;101.49;12;0.0000
XAUUSDm;H1;0;3.00;1;0.1;2.0;3.5;0;0;1;10;1;0;10000;134;920.12;1092.57;1.18;6.8666;0.2313;13;8;0.6154;-454.45;182.07;0.3606;0.0545;34.44;14;0.0316
XAUUSDm;H1;0;3.00;1;0.1;2.0;4.0;0;0;1;10;0;0;10000;36;-856.78;1604.13;0.64;-23.7994;0.1667;13;5;0.3846;-430.27;-107.04;1.0000;0.2422;115.31;13;0.0000
XAUUSDm;H1;0;3.00;1;0.1;2.0;4.0;0;0;1;10;1;0;10000;134;1362.04;1071.48;1.26;10.1645;0.2313;13;8;0.6154;-413.75;4.33;0.2713;0.0566;36.84;14;0.0635
XAUUSDm;H1;1;1.00;1;0.1;2.0;0.5;0;0;1;10;0;0;10000;149;-948.31;1299.81;0.81;-6.3645;0.6242;13;4;0.3077;-528.14;-69.84;1.0000;0.0120;3.12;6;0.0000
XAUUSDm;H1;1;1.00;1;0.1;2.0;0.5;0;0;1;10;1;0;10000;156;-584.46;1082.34;0.88;-3.7465;0.6346;13;5;0.3846;-404.88;-25.85;1.0000;0.0113;3.01;5;0.0000
XAUUSDm;H1;1;1.00;1;0.1;2.0;1.0;0;0;1;10;0;0;10000;149;-1543.40;2145.59;0.79;-10.3584;0.4497;13;5;0.3846;-732.83;-158.28;1.0000;0.0168;4.41;9;0.0000
XAUUSDm;H1;1;1.00;1;0.1;2.0;1.0;0;0;1;10;1;0;10000;156;-1266.43;2062.45;0.83;-8.1181;0.4551;13;5;0.3846;-536.14;-129.94;1.0000;0.0159;4.36;11;0.0000
XAUUSDm;H1;1;1.00;1;0.1;2.0;1.5;0;0;1;10;0;0;10000;149;-2258.39;3252.32;0.75;-15.1570;0.3423;13;5;0.3846;-1064.68;-69.74;1.0000;0.0224;6.86;13;0.0000
XAUUSDm;H1;1;1.00;1;0.1;2.0;1.5;0;0;1;10;1;0;10000;156;-1810.38;2804.31;0.80;-11.6050;0.3526;13;6;0.4615;-1089.54;-11.68;1.0000;0.0208;6.70;11;0.0000
XAUUSDm;H1;1;1.00;1;0.1;2.0;2.0;0;0;1;10;0;0;10000;148;-1121.65;2899.04;0.88;-7.5787;0.3108;13;6;0.4615;-1017.59;-91.28;1.0000;0.0246;8.27;13;0.0000
XAUUSDm;H1;1;1.00;1;0.1;2.0;2.0;0;0;1;10;1;0;10000;156;-794.88;2615.94;0.92;-5.0954;0.3141;13;7;0.5385;-1039.71;53.51;1.0000;0.0231;8.09;11;0.0000
XAUUSDm;H1;1;1.00;1;0.1;2.0;2.5;0;0;1;10;0;0;10000;147;-862.75;2956.38;0.91;-5.8690;0.2721;13;6;0.4615;-970.50;-54.52;1.0000;0.0283;9.37;13;0.0000
XAUUSDm;H1;1;1.00;1;0.1;2.0;2.5;0;0;1;10;1;0;10000;156;-443.85;2496.75;0.96;-2.8452;0.2756;13;5;0.3846;-989.87;-21.64;1.0000;0.0263;9.09;11;0.0000
XAUUSDm;H1;1;1.00;1;0.1;2.0;3.0;0;0;1;10;0;0;10000;147;-1819.08;3027.17;0.82;-12.3747;0.2177;13;6;0.4615;-923.41;-77.08;1.0000;0.0350;11.20;13;0.0000
XAUUSDm;H1;1;1.00;1;0.1;2.0;3.0;0;0;1;10;1;0;10000;156;-1272.12;2439.48;0.88;-8.1546;0.2244;13;6;0.4615;-940.03;-0.53;1.0000;0.0320;11.27;11;0.0000
XAUUSDm;H1;1;1.00;1;0.1;2.0;3.5;0;0;1;10;0;0;10000;147;-1902.04;3141.32;0.82;-12.9390;0.1905;13;5;0.3846;-876.31;-214.46;1.0000;0.0396;12.50;13;0.0000
XAUUSDm;H1;1;1.00;1;0.1;2.0;3.5;0;0;1;10;1;0;10000;156;-1581.89;2780.44;0.86;-10.1403;0.1923;13;5;0.3846;-890.19;-150.76;1.0000;0.0370;12.56;14;0.0000
XAUUSDm;H1;1;1.00;1;0.1;2.0;4.0;0;0;1;10;0;0;10000;142;-2485.61;3221.63;0.77;-17.5043;0.1620;13;5;0.3846;-829.22;-136.29;1.0000;0.0485;14.56;13;0.0000
XAUUSDm;H1;1;1.00;1;0.1;2.0;4.0;0;0;1;10;1;0;10000;156;-1762.16;2540.15;0.84;-11.2959;0.1795;13;6;0.4615;-840.35;-108.19;1.0000;0.0426;14.06;14;0.0000
XAUUSDm;H1;1;1.50;1;0.1;2.0;0.5;0;0;1;10;0;0;10000;144;-711.10;1012.99;0.85;-4.9382;0.6389;13;6;0.4615;-466.68;-74.48;1.0000;0.0127;5.81;3;0.0000
XAUUSDm;H1;1;1.50;1;0.1;2.0;0.5;0;0;1;10;1;0;10000;156;-508.14;810.03;0.89;-3.2573;0.6282;13;6;0.4615;-315.64;-66.16;1.0000;0.0119;5.31;3;0.0000
XAUUSDm;H1;1;1.50;1;0.1;2.0;1.0;0;0;1;10;0;0;10000;134;-1437.13;2035.44;0.78;-10.7249;0.4478;13;7;0.5385;-748.89;11.39;1.0000;0.0195;11.81;5;0.0000
XAUUSDm;H1;1;1.50;1;0.1;2.0;1.0;0;0;1;10;1;0;10000;156;-1493.53;1997.56;0.79;-9.5739;0.4295;13;8;0.6154;-791.60;20.23;1.0000;0.0171;9.95;8;0.0000
XAUUSDm;H1;1;1.50;1;0.1;2.0;1.5;0;0;1;10;0;0;10000;129;-1054.55;1968.56;0.85;-8.1748;0.3643;13;6;0.4615;-671.91;-103.03;1.0000;0.0245;15.02;7;0.0000
XAUUSDm;H1;1;1.50;1;0.1;2.0;1.5;0;0;1;10;1;0;10000;156;-1043.98;1820.38;0.87;-6.6922;0.3462;13;7;0.5385;-668.78;84.61;1.0000;0.0208;12.49;8;0.0000
XAUUSDm;H1;1;1.50;1;0.1;2.0;2.0;0;0;1;10;0;0;10000;126;-1628.67;2201.50;0.79;-12.9260;0.2857;13;6;0.4615;-650.42;-111.73;1.0000;0.0318;19.62;9;0.0000
XAUUSDm;H1;1;1.50;1;0.1;2.0;2.0;0;0;1;10;1;0;10000;156;-1000.59;1648.25;0.89;-6.4140;0.2885;13;6;0.4615;-549.18;-53.86;1.0000;0.0250;16.31;8;0.0000
XAUUSDm;H1;1;1.50;1;0.1;2.0;2.5;0;0;1;10;0;0;10000;122;-1502.31;2314.68;0.81;-12.3140;0.2459;13;4;0.3077;-615.10;-128.77;1.0000;0.0379;23.31;9;0.0000
XAUUSDm;H1;1;1.50;1;0.1;2.0;2.5;0;0;1;10;1;0;10000;156;-757.10;1760.35;0.92;-4.8532;0.2564;13;5;0.3846;-665.12;-153.43;1.0000;0.0293;20.18;14;0.0000
XAUUSDm;H1;1;1.50;1;0.1;2.0;3.0;0;0;1;10;0;0;10000;121;-1536.22;2787.35;0.81;-12.6960;0.2149;13;4;0.3077;-579.78;-86.64;1.0000;0.0439;25.06;9;0.0000
XAUUSDm;H1;1;1.50;1;0.1;2.0;3.0;0;0;1;10;1;0;10000;156;-410.85;1944.03;0.96;-2.6337;0.2372;13;5;0.3846;-584.24;-92.04;1.0000;0.0328;21.69;14;0.0000
XAUUSDm;H1;1;1.50;1;0.1;2.0;3.5;0;0;1;10;0;0;10000;119;-1388.01;3073.10;0.83;-11.6639;0.1933;13;6;0.4615;-705.09;-1.41;1.0000;0.0495;26.90;13;0.0000
XAUUSDm;H1;1;1.50;1;0.1;2.0;3.5;0;0;1;10;1;0;10000;156;-245.04;2303.34;0.97;-1.5708;0.2179;13;6;0.4615;-579.23;-19.89;1.0000;0.0367;22.99;14;0.0000
XAUUSDm;H1;1;1.50;1;0.1;2.0;4.0;0;0;1;10;0;0;10000;117;-1067.73;2767.33;0.87;-9.1259;0.1795;13;6;0.4615;-1014.67;-99.04;1.0000;0.0541;29.11;16;0.0000
XAUUSDm;H1;1;1.50;1;0.1;2.0;4.0;0;0;1;10;1;0;10000;156;-40.96;2279.95;1.00;-0.2626;0.2051;13;5;0.3846;-848.48;-66.52;1.0000;0.0404;24.33;14;0.0000
XAUUSDm;H1;1;2.00;1;0.1;2.0;0.5;0;0;1;10;0;0;10000;117;-378.57;1159.98;0.89;-3.2356;0.6325;13;4;0.3077;-257.75;-59.43;1.0000;0.0165;9.44;5;0.0000
XAUUSDm;H1;1;2.00;1;0.1;2.0;0.5;0;0;1;10;1;0;10000;153;-394.90;1023.15;0.90;-2.5810;0.5817;13;5;0.3846;-287.40;-22.94;1.0000;0.0137;7.27;5;0.0000
XAUUSDm;H1;1;2.00;1;0.1;2.0;1.0;0;0;1;10;0;0;10000;109;-831.32;1824.10;0.83;-7.6268;0.4495;13;7;0.5385;-710.75;16.93;1.0000;0.0250;18.57;7;0.0000
XAUUSDm;H1;1;2.00;1;0.1;2.0;1.0;0;0;1;10;1;0;10000;153;-888.50;1490.17;0.85;-5.8072;0.4052;13;8;0.6154;-535.82;63.50;1.0000;0.0195;13.52;7;0.0000
XAUUSDm;H1;1;2.00;1;0.1;2.0;1.5;0;0;1;10;0;0;10000;103;-2101.70;2744.70;0.64;-20.4049;0.3010;13;4;0.3077;-660.91;-149.71;1.0000;0.0401;24.18;10;0.0000
XAUUSDm;H1;1;2.00;1;0.1;2.0;1.5;0;0;1;10;1;0;10000;153;-1153.50;1610.62;0.83;-7.5392;0.3137;13;6;0.4615;-446.89;-24.93;1.0000;0.0259;18.16;8;0.0000
XAUUSDm;H1;1;2.00;1;0.1;2.0;2.0;0;0;1;10;0;0;10000;98;-1901.03;2532.05;0.68;-19.3983;0.2551;13;5;0.3846;-611.07;-67.27;1.0000;0.0496;32.00;10;0.0000
XAUUSDm;H1;1;2.00;1;0.1;2.0;2.0;0;0;1;10;1;0;10000;153;-1229.83;1807.91;0.83;-8.0381;0.2614;13;6;0.4615;-518.51;-53.62;1.0000;0.0330;23.65;14;0.0000
XAUUSDm;H1;1;2.00;1;0.1;2.0;2.5;0;0;1;10;0;0;10000;95;-2141.61;2935.04;0.65;-22.5433;0.2105;13;6;0.4615;-779.05;-127.49;1.0000;0.0621;35.14;10;0.0000
XAUUSDm;H1;1;2.00;1;0.1;2.0;2.5;0;0;1;10;1;0;10000;153;-849.09;1915.14;0.89;-5.5496;0.2418;13;7;0.5385;-545.20;51.15;1.0000;0.0368;25.05;14;0.0000
XAUUSDm;H1;1;2.00;1;0.1;2.0;3.0;0;0;1;10;0;0;10000;92;-1976.63;2635.28;0.68;-21.4851;0.1848;13;5;0.3846;-811.42;-127.49;1.0000;0.0717;38.54;13;0.0000
XAUUSDm;H1;1;2.00;1;0.1;2.0;3.0;0;0;1;10;1;0;10000;153;-764.36;2207.76;0.90;-4.9958;0.2157;13;6;0.4615;-727.48;-21.37;1.0000;0.0426;27.41;14;0.0000
XAUUSDm;H1;1;2.00;1;0.1;2.0;3.5;0;0;1;10;0;0;10000;88;-1704.83;2491.80;0.71;-19.3731;0.1705;13;4;0.3077;-769.99;-129.41;1.0000;0.0813;42.99;20;0.0000
XAUUSDm;H1;1;2.00;1;0.1;2.0;3.5;0;0;1;10;1;0;10000;153;-93.76;2269.26;0.99;-0.6128;0.2157;13;6;0.4615;-921.83;-82.41;1.0000;0.0454;29.08;14;0.0000
XAUUSDm;H1;1;2.00;1;0.1;2.0;4.0;0;0;1;10;0;0;10000;83;-1887.58;2802.88;0.67;-22.7419;0.1446;13;4;0.3077;-728.57;-127.49;1.0000;0.1018;47.46;20;0.0000
XAUUSDm;H1;1;2.00;1;0.1;2.0;4.0;0;0;1;10;1;0;10000;153;196.21;1966.41;1.03;1.2824;0.2157;13;6;0.4615;-881.50;-81.51;2.0048;0.0497;31.10;14;0.0004
XAUUSDm;H1;1;2.50;1;0.1;2.0;0.5;0;0;1;10;0;0;10000;107;-359.53;1067.45;0.88;-3.3601;0.6355;13;6;0.4615;-302.05;-32.91;1.0000;0.0188;14.28;5;0.0000
XAUUSDm;H1;1;2.50;1;0.1;2.0;0.5;0;0;1;10;1;0;10000;150;-710.65;1115.48;0.81;-4.7377;0.5333;13;6;0.4615;-333.76;-4.68;1.0000;0.0161;9.96;5;0.0000
XAUUSDm;H1;1;2.50;1;0.1;2.0;1.0;0;0;1;10;0;0;10000;95;-955.85;1996.49;0.77;-10.0616;0.4316;13;6;0.4615;-630.52;-47.38;1.0000;0.0304;25.02;8;0.0000
XAUUSDm;H1;1;2.50;1;0.1;2.0;1.0;0;0;1;10;1;0;10000;150;-864.62;1500.56;0.83;-5.7641;0.3733;13;5;0.3846;-441.99;-45.68;1.0000;0.0230;15.83;7;0.0000
XAUUSDm;H1;1;2.50;1;0.1;2.0;1.5;0;0;1;10;0;0;10000;90;-1364.67;2093.12;0.71;-15.1630;0.3222;13;6;0.4615;-647.85;-3.91;1.0000;0.0430;31.28;9;0.0000
XAUUSDm;H1;1;2.50;1;0.1;2.0;1.5;0;0;1;10;1;0;10000;150;-1209.05;1686.96;0.79;-8.0603;0.2800;13;6;0.4615;-489.03;-81.73;1.0000;0.0325;23.51;14;0.0000
XAUUSDm;H1;1;2.50;1;0.1;2.0;2.0;0;0;1;10;0;0;10000;84;-1991.77;2684.42;0.60;-23.7115;0.2381;13;3;0.2308;-605.77;-159.36;1.0000;0.0637;40.15;9;0.0000
XAUUSDm;H1;1;2.50;1;0.1;2.0;2.0;0;0;1;10;1;0;10000;150;-1051.06;1842.48;0.83;-7.0071;0.2467;13;7;0.5385;-492.26;7.74;1.0000;0.0395;26.18;14;0.0000
XAUUSDm;H1;1;2.50;1;0.1;2.0;2.5;0;0;1;10;0;0;10000;77;-881.82;1606.73;0.80;-11.4522;0.2597;13;6;0.4615;-563.70;-78.64;1.0000;0.0653;48.97;9;0.0000
XAUUSDm;H1;1;2.50;1;0.1;2.0;2.5;0;0;1;10;1;0;10000;150;-1082.04;2122.93;0.82;-7.2136;0.2267;13;6;0.4615;-708.50;-51.16;1.0000;0.0485;28.91;14;0.0000
XAUUSDm;H1;1;2.50;1;0.1;2.0;3.0;0;0;1;10;0;0;10000;70;-1272.76;2035.83;0.71;-18.1823;0.2143;13;4;0.3077;-521.63;-92.60;1.0000;0.0906;58.73;9;0.0000
XAUUSDm;H1;1;2.50;1;0.1;2.0;3.0;0;0;1;10;1;0;10000;150;-502.79;1946.38;0.92;-3.3519;0.2267;13;7;0.5385;-839.45;4.33;1.0000;0.0524;30.69;14;0.0000
XAUUSDm;H1;1;2.50;1;0.1;2.0;3.5;0;0;1;10;0;0;10000;67;-1047.66;1944.57;0.75;-15.6367;0.1940;13;4;0.3077;-482.77;-54.76;1.0000;0.1021;64.69;9;0.0000
XAUUSDm;H1;1;2.50;1;0.1;2.0;3.5;0;0;1;10;1;0;10000;150;92.98;1685.29;1.02;0.6199;0.2267;13;7;0.5385;-805.84;4.33;3.7061;0.0550;33.32;14;0.0002
XAUUSDm;H1;1;2.50;1;0.1;2.0;4.0;0;0;1;10;0;0;10000;61;318.36;1281.89;1.09;5.2190;0.2295;13;7;0.5385;-440.70;23.08;1.1721;0.0932;75.18;9;0.0000
XAUUSDm;H1;1;2.50;1;0.1;2.0;4.0;0;0;1;10;1;0;10000;150;588.37;1436.87;1.10;3.9225;0.2267;13;7;0.5385;-772.23;4.33;0.6704;0.0584;35.99;14;0.0069
XAUUSDm;H1;1;3.00;1;0.1;2.0;0.5;0;0;1;10;0;0;10000;93;-392.24;969.41;0.85;-4.2176;0.6344;13;4;0.3077;-232.80;-51.38;1.0000;0.0222;19.02;5;0.0000
XAUUSDm;H1;1;3.00;1;0.1;2.0;0.5;0;0;1;10;1;0;10000;146;-847.97;1190.59;0.76;-5.8080;0.4932;13;6;0.4615;-295.71;-3.70;1.0000;0.0182;11.43;5;0.0000
XAUUSDm;H1;1;3.00;1;0.1;2.0;1.0;0;0;1;10;0;0;10000;79;-1868.14;2128.42;0.51;-23.6473;0.3418;13;3;0.2308;-443.77;-116.46;1.0000;0.0495;33.55;8;0.0000
XAUUSDm;H1;1;3.00;1;0.1;2.0;1.0;0;0;1;10;1;0;10000;146;-982.67;1242.95;0.79;-6.7306;0.3425;13;5;0.3846;-374.81;-34.20;1.0000;0.0274;19.38;7;0.0000
XAUUSDm;H1;1;3.00;1;0.1;2.0;1.5;0;0;1;10;0;0;10000;75;-1766.51;2160.79;0.56;-23.5535;0.2800;13;3;0.2308;-441.20;-124.59;1.0000;0.0651;43.01;9;0.0000
XAUUSDm;H1;1;3.00;1;0.1;2.0;1.5;0;0;1;10;1;0;10000;146;-1046.17;1425.70;0.79;-7.1655;0.2671;13;6;0.4615;-380.71;-5.73;1.0000;0.0372;25.85;14;0.0000
XAUUSDm;H1;1;3.00;1;0.1;2.0;2.0;0;0;1;10;0;0;10000;63;-1656.79;2105.58;0.55;-26.2983;0.2381;13;3;0.2308;-427.76;-113.81;1.0000;0.0936;60.43;13;0.0000
XAUUSDm;H1;1;3.00;1;0.1;2.0;2.0;0;0;1;10;1;0;10000;146;-750.62;1466.23;0.85;-5.1412;0.2397;13;6;0.4615;-444.24;-1.22;1.0000;0.0446;29.76;14;0.0000
XAUUSDm;H1;1;3.00;1;0.1;2.0;2.5;0;0;1;10;0;0;10000;59;-1657.95;2192.24;0.53;-28.1008;0.2034;13;3;0.2308;-399.67;-103.12;1.0000;0.1222;68.79;13;0.0000
XAUUSDm;H1;1;3.00;1;0.1;2.0;2.5;0;0;1;10;1;0;10000;146;-188.67;1366.31;0.96;-1.2923;0.2397;13;6;0.4615;-560.36;-1.22;1.0000;0.0484;31.90;14;0.0000
XAUUSDm;H1;1;3.00;1;0.1;2.0;3.0;0;0;1;10;0;0;10000;52;-1260.94;1943.31;0.60;-24.2488;0.1923;13;5;0.3846;-436.36;-103.12;1.0000;0.1488;84.17;13;0.0000
XAUUSDm;H1;1;3.00;1;0.1;2.0;3.0;0;0;1;10;1;0;10000;146;289.53;1139.10;1.06;1.9831;0.2397;13;6;0.4615;-520.03;-1.22;0.9890;0.0530;35.55;14;0.0022
XAUUSDm;H1;1;3.00;1;0.1;2.0;3.5;0;0;1;10;0;0;10000;49;-504.66;1332.70;0.82;-10.2992;0.2245;13;6;0.4615;-436.36;-61.72;1.0000;0.1368;97.08;12;0.0000
XAUUSDm;H1;1;3.00;1;0.1;2.0;3.5;0;0;1;10;1;0;10000;146;572.04;1324.32;1.11;3.9181;0.2397;13;7;0.5385;-692.18;1.55;0.5828;0.0586;39.17;14;0.0087
XAUUSDm;H1;1;3.00;1;0.1;2.0;4.0;0;0;1;10;0;0;10000;48;-638.53;1661.41;0.78;-13.3027;0.1875;13;5;0.3846;-436.36;-88.61;1.0000;0.1617;101.68;16;0.0000
XAUUSDm;H1;1;3.00;1;0.1;2.0;4.0;0;0;1;10;1;0;10000;146;695.84;1514.98;1.14;4.7660;0.2397;13;7;0.5385;-692.18;43.22;0.5341;0.0640;41.47;14;0.0101
