XAUUSDm;M15;0;1.50;1;0.3;2.0;0.5;0;0;1;10;0;0;10000;329;661.81;1019.31;1.08;2.0116;0.6839;13;7;0.5385;-378.99;90.78;0.0755;0.0053;6.65;4;0.1883
XAUUSDm;M15;0;1.50;1;0.3;2.0;0.5;0;0;1;10;1;0;10000;625;-112.18;1355.39;0.99;-0.1795;0.5424;13;7;0.5385;-462.79;89.49;1.0000;0.0034;2.82;5;0.0000
XAUUSDm;M15;0;1.50;1;0.3;2.0;0.5;1;0;1;10;0;0;10000;403;-247.19;1482.19;0.97;-0.6134;0.4293;13;9;0.6923;-909.24;54.51;1.0000;0.0068;3.84;11;0.0000
XAUUSDm;M15;0;1.50;1;0.3;2.0;0.5;1;0;1;10;1;0;10000;625;-899.92;1882.35;0.92;-1.4399;0.3696;13;6;0.4615;-418.44;-29.73;1.0000;0.0050;2.12;11;0.0000
XAUUSDm;M15;0;1.50;1;0.3;2.0;0.8;0;0;1;10;0;0;10000;279;467.49;1059.63;1.05;1.6756;0.5806;13;8;0.6154;-577.89;162.62;0.1604;0.0074;10.61;6;0.1562
XAUUSDm;M15;0;1.50;1;0.3;2.0;0.8;0;0;1;10;1;0;10000;625;-1234.68;2723.17;0.93;-1.9755;0.4320;13;7;0.5385;-759.98;22.63;1.0000;0.0043;4.17;8;0.0000
XAUUSDm;M15;0;1.50;1;0.3;2.0;0.8;1;0;1;10;0;0;10000;400;-551.03;1460.30;0.93;-1.3776;0.2750;13;7;0.5385;-895.21;16.26;1.0000;0.0107;4.35;23;0.0000
XAUUSDm;M15;0;1.50;1;0.3;2.0;0.8;1;0;1;10;1;0;10000;625;-1611.64;2160.70;0.85;-2.5786;0.2288;13;4;0.3077;-456.54;-151.57;1.0000;0.0080;2.54;12;0.0000
XAUUSDm;M15;0;1.50;1;0.3;2.0;1.0;0;0;1;10;0;0;10000;243;265.79;1463.60;1.03;1.0938;0.5062;13;6;0.4615;-929.47;-27.07;0.3762;0.0097;14.67;10;0.0144
XAUUSDm;M15;0;1.50;1;0.3;2.0;1.0;0;0;1;10;1;0;10000;625;-1027.87;2736.86;0.95;-1.6446;0.3712;13;5;0.3846;-705.19;-150.33;1.0000;0.0050;4.91;11;0.0000
XAUUSDm;M15;0;1.50;1;0.3;2.0;1.0;1;0;1;10;0;0;10000;400;-475.43;1547.43;0.94;-1.1886;0.2075;13;7;0.5385;-861.89;8.97;1.0000;0.0140;4.78;23;0.0000
XAUUSDm;M15;0;1.50;1;0.3;2.0;1.0;1;0;1;10;1;0;10000;625;-1475.07;2127.67;0.87;-2.3601;0.1744;13;4;0.3077;-621.77;-103.23;1.0000;0.0105;2.83;37;0.0000
XAUUSDm;M15;0;1.50;1;0.3;2.0;1.2;0;0;1;10;0;0;10000;222;301.55;1450.34;1.03;1.3583;0.4505;13;8;0.6154;-812.12;31.95;0.4144;0.0120;17.78;10;0.0219
XAUUSDm;M15;0;1.50;1;0.3;2.0;1.2;0;0;1;10;1;0;10000;625;-1608.29;3423.80;0.93;-2.5733;0.3264;13;5;0.3846;-657.74;-309.66;1.0000;0.0060;5.91;11;0.0000
XAUUSDm;M15;0;1.50;1;0.3;2.0;1.2;1;0;1;10;0;0;10000;396;-656.19;1607.64;0.91;-1.6570;0.1616;13;6;0.4615;-786.26;-3.95;1.0000;0.0180;5.40;23;0.0000
XAUUSDm;M15;0;1.50;1;0.3;2.0;1.2;1;0;1;10;1;0;10000;625;-1791.26;2225.63;0.84;-2.8660;0.1392;13;5;0.3846;-728.33;-28.44;1.0000;0.0135;3.19;37;0.0000
XAUUSDm;M15;0;1.50;1;0.3;2.0;1.5;0;0;1;10;0;0;10000;206;555.22;1129.37;1.06;2.6952;0.4126;13;8;0.6154;-693.70;57.60;0.2701;0.0142;20.01;10;0.0676
XAUUSDm;M15;0;1.50;1;0.3;2.0;1.5;0;0;1;10;1;0;10000;625;-1132.65;3152.45;0.95;-1.8122;0.3024;13;4;0.3077;-876.94;-79.38;1.0000;0.0068;6.53;11;0.0000
XAUUSDm;M15;0;1.50;1;0.3;2.0;1.5;1;0;1;10;0;0;10000;391;-617.78;1715.15;0.92;-1.5800;0.1355;13;7;0.5385;-719.38;82.85;1.0000;0.0215;5.84;25;0.0000
XAUUSDm;M15;0;1.50;1;0.3;2.0;1.5;1;0;1;10;1;0;10000;625;-1532.89;2255.67;0.86;-2.4526;0.1232;13;5;0.3846;-799.67;-22.33;1.0000;0.0158;3.51;37;0.0000
XAUUSDm;M15;0;1.50;1;0.5;2.0;0.8;0;0;1;10;0;0;10000;279;467.49;1059.63;1.05;1.6756;0.5806;13;8;0.6154;-577.89;162.62;0.1604;0.0074;10.61;6;0.1562
XAUUSDm;M15;0;1.50;1;0.5;2.0;0.8;0;0;1;10;1;0;10000;625;-1234.68;2723.17;0.93;-1.9755;0.4320;13;7;0.5385;-759.98;22.63;1.0000;0.0043;4.17;8;0.0000
XAUUSDm;M15;0;1.50;1;0.5;2.0;0.8;1;0;1;10;0;0;10000;327;200.89;1646.76;1.02;0.6143;0.4281;13;7;0.5385;-597.15;87.35;0.3733;0.0084;7.35;9;0.0122
XAUUSDm;M15;0;1.50;1;0.5;2.0;0.8;1;0;1;10;1;0;10000;625;-989.54;2012.38;0.93;-1.5833;0.3408;13;7;0.5385;-529.50;48.52;1.0000;0.0054;3.31;11;0.0000
XAUUSDm;M15;0;1.50;1;0.5;2.0;1.0;0;0;1;10;0;0;10000;243;265.79;1463.60;1.03;1.0938;0.5062;13;6;0.4615;-929.47;-27.07;0.3762;0.0097;14.67;10;0.0144
XAUUSDm;M15;0;1.50;1;0.5;2.0;1.0;0;0;1;10;1;0;10000;625;-1027.87;2736.86;0.95;-1.6446;0.3712;13;5;0.3846;-705.19;-150.33;1.0000;0.0050;4.91;11;0.0000
XAUUSDm;M15;0;1.50;1;0.5;2.0;1.0;1;0;1;10;0;0;10000;325;-4.44;1807.61;1.00;-0.0137;0.3138;13;7;0.5385;-669.66;90.46;1.0000;0.0116;8.09;19;0.0000
XAUUSDm;M15;0;1.50;1;0.5;2.0;1.0;1;0;1;10;1;0;10000;625;-1059.07;2086.84;0.93;-1.6945;0.2544;13;5;0.3846;-647.65;-113.81;1.0000;0.0072;3.69;22;0.0000
XAUUSDm;M15;0;1.50;1;0.5;2.0;1.2;0;0;1;10;0;0;10000;222;301.55;1450.34;1.03;1.3583;0.4505;13;8;0.6154;-812.12;31.95;0.4144;0.0120;17.78;10;0.0219
XAUUSDm;M15;0;1.50;1;0.5;2.0;1.2;0;0;1;10;1;0;10000;625;-1608.29;3423.80;0.93;-2.5733;0.3264;13;5;0.3846;-657.74;-309.66;1.0000;0.0060;5.91;11;0.0000
XAUUSDm;M15;0;1.50;1;0.5;2.0;1.2;1;0;1;10;0;0;10000;323;-72.01;1892.40;0.99;-0.2229;0.2477;13;8;0.6154;-653.24;62.84;1.0000;0.0148;9.09;20;0.0000
XAUUSDm;M15;0;1.50;1;0.5;2.0;1.2;1;0;1;10;1;0;10000;625;-1422.47;2376.94;0.90;-2.2760;0.2032;13;5;0.3846;-662.46;-193.33;1.0000;0.0092;4.14;22;0.0000
XAUUSDm;M15;0;1.50;1;0.5;2.0;1.5;0;0;1;10;0;0;10000;206;555.22;1129.37;1.06;2.6952;0.4126;13;8;0.6154;-693.70;57.60;0.2701;0.0142;20.01;10;0.0676
XAUUSDm;M15;0;1.50;1;0.5;2.0;1.5;0;0;1;10;1;0;10000;625;-1132.65;3152.45;0.95;-1.8122;0.3024;13;4;0.3077;-876.94;-79.38;1.0000;0.0068;6.53;11;0.0000
XAUUSDm;M15;0;1.50;1;0.5;2.0;1.5;1;0;1;10;0;0;10000;318;215.39;1720.52;1.03;0.6773;0.2138;13;7;0.5385;-652.80;62.21;0.6912;0.0173;9.75;21;0.0034
XAUUSDm;M15;0;1.50;1;0.5;2.0;1.5;1;0;1;10;1;0;10000;625;-859.02;1989.43;0.94;-1.3744;0.1840;13;6;0.4615;-636.59;-48.81;1.0000;0.0106;4.55;23;0.0000
XAUUSDm;M15;0;2.00;1;0.3;2.0;0.5;0;0;1;10;0;0;10000;329;661.81;1019.31;1.08;2.0116;0.6839;13;7;0.5385;-378.99;90.78;0.0755;0.0053;6.65;4;0.1883
XAUUSDm;M15;0;2.00;1;0.3;2.0;0.5;0;0;1;10;1;0;10000;625;-112.18;1355.39;0.99;-0.1795;0.5424;13;7;0.5385;-462.79;89.49;1.0000;0.0034;2.82;5;0.0000
XAUUSDm;M15;0;2.00;1;0.3;2.0;0.5;1;0;1;10;0;0;10000;403;-247.19;1482.19;0.97;-0.6134;0.4293;13;9;0.6923;-909.24;54.51;1.0000;0.0068;3.84;11;0.0000
XAUUSDm;M15;0;2.00;1;0.3;2.0;0.5;1;0;1;10;1;0;10000;625;-899.92;1882.35;0.92;-1.4399;0.3696;13;6;0.4615;-418.44;-29.73;1.0000;0.0050;2.12;11;0.0000
XAUUSDm;M15;0;2.00;1;0.3;2.0;0.8;0;0;1;10;0;0;10000;279;467.49;1059.63;1.05;1.6756;0.5806;13;8;0.6154;-577.89;162.62;0.1604;0.0074;10.61;6;0.1562
XAUUSDm;M15;0;2.00;1;0.3;2.0;0.8;0;0;1;10;1;0;10000;625;-1234.68;2723.17;0.93;-1.9755;0.4320;13;7;0.5385;-759.98;22.63;1.0000;0.0043;4.17;8;0.0000
XAUUSDm;M15;0;2.00;1;0.3;2.0;0.8;1;0;1;10;0;0;10000;400;-551.03;1460.30;0.93;-1.3776;0.2750;13;7;0.5385;-895.21;16.26;1.0000;0.0107;4.35;23;0.0000
XAUUSDm;M15;0;2.00;1;0.3;2.0;0.8;1;0;1;10;1;0;10000;625;-1611.64;2160.70;0.85;-2.5786;0.2288;13;4;0.3077;-456.54;-151.57;1.0000;0.0080;2.54;12;0.0000
XAUUSDm;M15;0;2.00;1;0.3;2.0;1.0;0;0;1;10;0;0;10000;243;265.79;1463.60;1.03;1.0938;0.5062;13;6;0.4615;-929.47;-27.07;0.3762;0.0097;14.67;10;0.0144
XAUUSDm;M15;0;2.00;1;0.3;2.0;1.0;0;0;1;10;1;0;10000;625;-1027.87;2736.86;0.95;-1.6446;0.3712;13;5;0.3846;-705.19;-150.33;1.0000;0.0050;4.91;11;0.0000
XAUUSDm;M15;0;2.00;1;0.3;2.0;1.0;1;0;1;10;0;0;10000;400;-475.43;1547.43;0.94;-1.1886;0.2075;13;7;0.5385;-861.89;8.97;1.0000;0.0140;4.78;23;0.0000
XAUUSDm;M15;0;2.00;1;0.3;2.0;1.0;1;0;1;10;1;0;10000;625;-1475.07;2127.67;0.87;-2.3601;0.1744;13;4;0.3077;-621.77;-103.23;1.0000;0.0105;2.83;37;0.0000
XAUUSDm;M15;0;2.00;1;0.3;2.0;1.2;0;0;1;10;0;0;10000;222;301.55;1450.34;1.03;1.3583;0.4505;13;8;0.6154;-812.12;31.95;0.4144;0.0120;17.78;10;0.0219
XAUUSDm;M15;0;2.00;1;0.3;2.0;1.2;0;0;1;10;1;0;10000;625;-1608.29;3423.80;0.93;-2.5733;0.3264;13;5;0.3846;-657.74;-309.66;1.0000;0.0060;5.91;11;0.0000
XAUUSDm;M15;0;2.00;1;0.3;2.0;1.2;1;0;1;10;0;0;10000;396;-656.19;1607.64;0.91;-1.6570;0.1616;13;6;0.4615;-786.26;-3.95;1.0000;0.0180;5.40;23;0.0000
XAUUSDm;M15;0;2.00;1;0.3;2.0;1.2;1;0;1;10;1;0;10000;625;-1791.26;2225.63;0.84;-2.8660;0.1392;13;5;0.3846;-728.33;-28.44;1.0000;0.0135;3.19;37;0.0000
XAUUSDm;M15;0;2.00;1;0.3;2.0;1.5;0;0;1;10;0;0;10000;206;555.22;1129.37;1.06;2.6952;0.4126;13;8;0.6154;-693.70;57.60;0.2701;0.0142;20.01;10;0.0676
XAUUSDm;M15;0;2.00;1;0.3;2.0;1.5;0;0;1;10;1;0;10000;625;-1132.65;3152.45;0.95;-1.8122;0.3024;13;4;0.3077;-876.94;-79.38;1.0000;0.0068;6.53;11;0.0000
XAUUSDm;M15;0;2.00;1;0.3;2.0;1.5;1;0;1;10;0;0;10000;391;-617.78;1715.15;0.92;-1.5800;0.1355;13;7;0.5385;-719.38;82.85;1.0000;0.0215;5.84;25;0.0000
XAUUSDm;M15;0;2.00;1;0.3;2.0;1.5;1;0;1;10;1;0;10000;625;-1532.89;2255.67;0.86;-2.4526;0.1232;13;5;0.3846;-799.67;-22.33;1.0000;0.0158;3.51;37;0.0000
XAUUSDm;M15;0;2.00;1;0.5;2.0;0.8;0;0;1;10;0;0;10000;279;467.49;1059.63;1.05;1.6756;0.5806;13;8;0.6154;-577.89;162.62;0.1604;0.0074;10.61;6;0.1562
XAUUSDm;M15;0;2.00;1;0.5;2.0;0.8;0;0;1;10;1;0;10000;625;-1234.68;2723.17;0.93;-1.9755;0.4320;13;7;0.5385;-759.98;22.63;1.0000;0.0043;4.17;8;0.0000
XAUUSDm;M15;0;2.00;1;0.5;2.0;0.8;1;0;1;10;0;0;10000;327;200.89;1646.76;1.02;0.6143;0.4281;13;7;0.5385;-597.15;87.35;0.3733;0.0084;7.35;9;0.0122
XAUUSDm;M15;0;2.00;1;0.5;2.0;0.8;1;0;1;10;1;0;10000;625;-989.54;2012.38;0.93;-1.5833;0.3408;13;7;0.5385;-529.50;48.52;1.0000;0.0054;3.31;11;0.0000
XAUUSDm;M15;0;2.00;1;0.5;2.0;1.0;0;0;1;10;0;0;10000;243;265.79;1463.60;1.03;1.0938;0.5062;13;6;0.4615;-929.47;-27.07;0.3762;0.0097;14.67;10;0.0144
XAUUSDm;M15;0;2.00;1;0.5;2.0;1.0;0;0;1;10;1;0;10000;625;-1027.87;2736.86;0.95;-1.6446;0.3712;13;5;0.3846;-705.19;-150.33;1.0000;0.0050;4.91;11;0.0000
XAUUSDm;M15;0;2.00;1;0.5;2.0;1.0;1;0;1;10;0;0;10000;325;-4.44;1807.61;1.00;-0.0137;0.3138;13;7;0.5385;-669.66;90.46;1.0000;0.0116;8.09;19;0.0000
XAUUSDm;M15;0;2.00;1;0.5;2.0;1.0;1;0;1;10;1;0;10000;625;-1059.07;2086.84;0.93;-1.6945;0.2544;13;5;0.3846;-647.65;-113.81;1.0000;0.0072;3.69;22;0.0000
XAUUSDm;M15;0;2.00;1;0.5;2.0;1.2;0;0;1;10;0;0;10000;222;301.55;1450.34;1.03;1.3583;0.4505;13;8;0.6154;-812.12;31.95;0.4144;0.0120;17.78;10;0.0219
XAUUSDm;M15;0;2.00;1;0.5;2.0;1.2;0;0;1;10;1;0;10000;625;-1608.29;3423.80;0.93;-2.5733;0.3264;13;5;0.3846;-657.74;-309.66;1.0000;0.0060;5.91;11;0.0000
XAUUSDm;M15;0;2.00;1;0.5;2.0;1.2;1;0;1;10;0;0;10000;323;-72.01;1892.40;0.99;-0.2229;0.2477;13;8;0.6154;-653.24;62.84;1.0000;0.0148;9.09;20;0.0000
XAUUSDm;M15;0;2.00;1;0.5;2.0;1.2;1;0;1;10;1;0;10000;625;-1422.47;2376.94;0.90;-2.2760;0.2032;13;5;0.3846;-662.46;-193.33;1.0000;0.0092;4.14;22;0.0000
XAUUSDm;M15;0;2.00;1;0.5;2.0;1.5;0;0;1;10;0;0;10000;206;555.22;1129.37;1.06;2.6952;0.4126;13;8;0.6154;-693.70;57.60;0.2701;0.0142;20.01;10;0.0676
XAUUSDm;M15;0;2.00;1;0.5;2.0;1.5;0;0;1;10;1;0;10000;625;-1132.65;3152.45;0.95;-1.8122;0.3024;13;4;0.3077;-876.94;-79.38;1.0000;0.0068;6.53;11;0.0000
XAUUSDm;M15;0;2.00;1;0.5;2.0;1.5;1;0;1;10;0;0;10000;318;215.39;1720.52;1.03;0.6773;0.2138;13;7;0.5385;-652.80;62.21;0.6912;0.0173;9.75;21;0.0034
XAUUSDm;M15;0;2.00;1;0.5;2.0;1.5;1;0;1;10;1;0;10000;625;-859.02;1989.43;0.94;-1.3744;0.1840;13;6;0.4615;-636.59;-48.81;1.0000;0.0106;4.55;23;0.0000
XAUUSDm;M15;0;2.50;1;0.3;2.0;0.5;0;0;1;10;0;0;10000;329;661.81;1019.31;1.08;2.0116;0.6839;13;7;0.5385;-378.99;90.78;0.0755;0.0053;6.65;4;0.1883
XAUUSDm;M15;0;2.50;1;0.3;2.0;0.5;0;0;1;10;1;0;10000;625;-112.18;1355.39;0.99;-0.1795;0.5424;13;7;0.5385;-462.79;89.49;1.0000;0.0034;2.82;5;0.0000
XAUUSDm;M15;0;2.50;1;0.3;2.0;0.5;1;0;1;10;0;0;10000;403;-247.19;1482.19;0.97;-0.6134;0.4293;13;9;0.6923;-909.24;54.51;1.0000;0.0068;3.84;11;0.0000
XAUUSDm;M15;0;2.50;1;0.3;2.0;0.5;1;0;1;10;1;0;10000;625;-899.92;1882.35;0.92;-1.4399;0.3696;13;6;0.4615;-418.44;-29.73;1.0000;0.0050;2.12;11;0.0000
XAUUSDm;M15;0;2.50;1;0.3;2.0;0.8;0;0;1;10;0;0;10000;279;467.49;1059.63;1.05;1.6756;0.5806;13;8;0.6154;-577.89;162.62;0.1604;0.0074;10.61;6;0.1562
XAUUSDm;M15;0;2.50;1;0.3;2.0;0.8;0;0;1;10;1;0;10000;625;-1234.68;2723.17;0.93;-1.9755;0.4320;13;7;0.5385;-759.98;22.63;1.0000;0.0043;4.17;8;0.0000
XAUUSDm;M15;0;2.50;1;0.3;2.0;0.8;1;0;1;10;0;0;10000;400;-551.03;1460.30;0.93;-1.3776;0.2750;13;7;0.5385;-895.21;16.26;1.0000;0.0107;4.35;23;0.0000
XAUUSDm;M15;0;2.50;1;0.3;2.0;0.8;1;0;1;10;1;0;10000;625;-1611.64;2160.70;0.85;-2.5786;0.2288;13;4;0.3077;-456.54;-151.57;1.0000;0.0080;2.54;12;0.0000
XAUUSDm;M15;0;2.50;1;0.3;2.0;1.0;0;0;1;10;0;0;10000;243;265.79;1463.60;1.03;1.0938;0.5062;13;6;0.4615;-929.47;-27.07;0.3762;0.0097;14.67;10;0.0144
XAUUSDm;M15;0;2.50;1;0.3;2.0;1.0;0;0;1;10;1;0;10000;625;-1027.87;2736.86;0.95;-1.6446;0.3712;13;5;0.3846;-705.19;-150.33;1.0000;0.0050;4.91;11;0.0000
XAUUSDm;M15;0;2.50;1;0.3;2.0;1.0;1;0;1;10;0;0;10000;400;-475.43;1547.43;0.94;-1.1886;0.2075;13;7;0.5385;-861.89;8.97;1.0000;0.0140;4.78;23;0.0000
XAUUSDm;M15;0;2.50;1;0.3;2.0;1.0;1;0;1;10;1;0;10000;625;-1475.07;2127.67;0.87;-2.3601;0.1744;13;4;0.3077;-621.77;-103.23;1.0000;0.0105;2.83;37;0.0000
XAUUSDm;M15;0;2.50;1;0.3;2.0;1.2;0;0;1;10;0;0;10000;222;301.55;1450.34;1.03;1.3583;0.4505;13;8;0.6154;-812.12;31.95;0.4144;0.0120;17.78;10;0.0219
XAUUSDm;M15;0;2.50;1;0.3;2.0;1.2;0;0;1;10;1;0;10000;625;-1608.29;3423.80;0.93;-2.5733;0.3264;13;5;0.3846;-657.74;-309.66;1.0000;0.0060;5.91;11;0.0000
XAUUSDm;M15;0;2.50;1;0.3;2.0;1.2;1;0;1;10;0;0;10000;396;-656.19;1607.64;0.91;-1.6570;0.1616;13;6;0.4615;-786.26;-3.95;1.0000;0.0180;5.40;23;0.0000
XAUUSDm;M15;0;2.50;1;0.3;2.0;1.2;1;0;1;10;1;0;10000;625;-1791.26;2225.63;0.84;-2.8660;0.1392;13;5;0.3846;-728.33;-28.44;1.0000;0.0135;3.19;37;0.0000
XAUUSDm;M15;0;2.50;1;0.3;2.0;1.5;0;0;1;10;0;0;10000;206;555.22;1129.37;1.06;2.6952;0.4126;13;8;0.6154;-693.70;57.60;0.2701;0.0142;20.01;10;0.0676
XAUUSDm;M15;0;2.50;1;0.3;2.0;1.5;0;0;1;10;1;0;10000;625;-1132.65;3152.45;0.95;-1.8122;0.3024;13;4;0.3077;-876.94;-79.38;1.0000;0.0068;6.53;11;0.0000
XAUUSDm;M15;0;2.50;1;0.3;2.0;1.5;1;0;1;10;0;0;10000;391;-617.78;1715.15;0.92;-1.5800;0.1355;13;7;0.5385;-719.38;82.85;1.0000;0.0215;5.84;25;0.0000
XAUUSDm;M15;0;2.50;1;0.3;2.0;1.5;1;0;1;10;1;0;10000;625;-1532.89;2255.67;0.86;-2.4526;0.1232;13;5;0.3846;-799.67;-22.33;1.0000;0.0158;3.51;37;0.0000
XAUUSDm;M15;0;2.50;1;0.5;2.0;0.8;0;0;1;10;0;0;10000;279;467.49;1059.63;1.05;1.6756;0.5806;13;8;0.6154;-577.89;162.62;0.1604;0.0074;10.61;6;0.1562
XAUUSDm;M15;0;2.50;1;0.5;2.0;0.8;0;0;1;10;1;0;10000;625;-1234.68;2723.17;0.93;-1.9755;0.4320;13;7;0.5385;-759.98;22.63;1.0000;0.0043;4.17;8;0.0000
XAUUSDm;M15;0;2.50;1;0.5;2.0;0.8;1;0;1;10;0;0;10000;327;200.89;1646.76;1.02;0.6143;0.4281;13;7;0.5385;-597.15;87.35;0.3733;0.0084;7.35;9;0.0122
XAUUSDm;M15;0;2.50;1;0.5;2.0;0.8;1;0;1;10;1;0;10000;625;-989.54;2012.38;0.93;-1.5833;0.3408;13;7;0.5385;-529.50;48.52;1.0000;0.0054;3.31;11;0.0000
XAUUSDm;M15;0;2.50;1;0.5;2.0;1.0;0;0;1;10;0;0;10000;243;265.79;1463.60;1.03;1.0938;0.5062;13;6;0.4615;-929.47;-27.07;0.3762;0.0097;14.67;10;0.0144
XAUUSDm;M15;0;2.50;1;0.5;2.0;1.0;0;0;1;10;1;0;10000;625;-1027.87;2736.86;0.95;-1.6446;0.3712;13;5;0.3846;-705.19;-150.33;1.0000;0.0050;4.91;11;0.0000
XAUUSDm;M15;0;2.50;1;0.5;2.0;1.0;1;0;1;10;0;0;10000;325;-4.44;1807.61;1.00;-0.0137;0.3138;13;7;0.5385;-669.66;90.46;1.0000;0.0116;8.09;19;0.0000
XAUUSDm;M15;0;2.50;1;0.5;2.0;1.0;1;0;1;10;1;0;10000;625;-1059.07;2086.84;0.93;-1.6945;0.2544;13;5;0.3846;-647.65;-113.81;1.0000;0.0072;3.69;22;0.0000
XAUUSDm;M15;0;2.50;1;0.5;2.0;1.2;0;0;1;10;0;0;10000;222;301.55;1450.34;1.03;1.3583;0.4505;13;8;0.6154;-812.12;31.95;0.4144;0.0120;17.78;10;0.0219
XAUUSDm;M15;0;2.50;1;0.5;2.0;1.2;0;0;1;10;1;0;10000;625;-1608.29;3423.80;0.93;-2.5733;0.3264;13;5;0.3846;-657.74;-309.66;1.0000;0.0060;5.91;11;0.0000
XAUUSDm;M15;0;2.50;1;0.5;2.0;1.2;1;0;1;10;0;0;10000;323;-72.01;1892.40;0.99;-0.2229;0.2477;13;8;0.6154;-653.24;62.84;1.0000;0.0148;9.09;20;0.0000
XAUUSDm;M15;0;2.50;1;0.5;2.0;1.2;1;0;1;10;1;0;10000;625;-1422.47;2376.94;0.90;-2.2760;0.2032;13;5;0.3846;-662.46;-193.33;1.0000;0.0092;4.14;22;0.0000
XAUUSDm;M15;0;2.50;1;0.5;2.0;1.5;0;0;1;10;0;0;10000;206;555.22;1129.37;1.06;2.6952;0.4126;13;8;0.6154;-693.70;57.60;0.2701;0.0142;20.01;10;0.0676
XAUUSDm;M15;0;2.50;1;0.5;2.0;1.5;0;0;1;10;1;0;10000;625;-1132.65;3152.45;0.95;-1.8122;0.3024;13;4;0.3077;-876.94;-79.38;1.0000;0.0068;6.53;11;0.0000
XAUUSDm;M15;0;2.50;1;0.5;2.0;1.5;1;0;1;10;0;0;10000;318;215.39;1720.52;1.03;0.6773;0.2138;13;7;0.5385;-652.80;62.21;0.6912;0.0173;9.75;21;0.0034
XAUUSDm;M15;0;2.50;1;0.5;2.0;1.5;1;0;1;10;1;0;10000;625;-859.02;1989.43;0.94;-1.3744;0.1840;13;6;0.4615;-636.59;-48.81;1.0000;0.0106;4.55;23;0.0000
XAUUSDm;M15;0;3.00;1;0.3;2.0;0.5;0;0;1;10;0;0;10000;329;661.81;1019.31;1.08;2.0116;0.6839;13;7;0.5385;-378.99;90.78;0.0755;0.0053;6.65;4;0.1883
XAUUSDm;M15;0;3.00;1;0.3;2.0;0.5;0;0;1;10;1;0;10000;625;-112.18;1355.39;0.99;-0.1795;0.5424;13;7;0.5385;-462.79;89.49;1.0000;0.0034;2.82;5;0.0000
XAUUSDm;M15;0;3.00;1;0.3;2.0;0.5;1;0;1;10;0;0;10000;403;-247.19;1482.19;0.97;-0.6134;0.4293;13;9;0.6923;-909.24;54.51;1.0000;0.0068;3.84;11;0.0000
XAUUSDm;M15;0;3.00;1;0.3;2.0;0.5;1;0;1;10;1;0;10000;625;-899.92;1882.35;0.92;-1.4399;0.3696;13;6;0.4615;-418.44;-29.73;1.0000;0.0050;2.12;11;0.0000
XAUUSDm;M15;0;3.00;1;0.3;2.0;0.8;0;0;1;10;0;0;10000;279;467.49;1059.63;1.05;1.6756;0.5806;13;8;0.6154;-577.89;162.62;0.1604;0.0074;10.61;6;0.1562
XAUUSDm;M15;0;3.00;1;0.3;2.0;0.8;0;0;1;10;1;0;10000;625;-1234.68;2723.17;0.93;-1.9755;0.4320;13;7;0.5385;-759.98;22.63;1.0000;0.0043;4.17;8;0.0000
XAUUSDm;M15;0;3.00;1;0.3;2.0;0.8;1;0;1;10;0;0;10000;400;-551.03;1460.30;0.93;-1.3776;0.2750;13;7;0.5385;-895.21;16.26;1.0000;0.0107;4.35;23;0.0000
XAUUSDm;M15;0;3.00;1;0.3;2.0;0.8;1;0;1;10;1;0;10000;625;-1611.64;2160.70;0.85;-2.5786;0.2288;13;4;0.3077;-456.54;-151.57;1.0000;0.0080;2.54;12;0.0000
XAUUSDm;M15;0;3.00;1;0.3;2.0;1.0;0;0;1;10;0;0;10000;243;265.79;1463.60;1.03;1.0938;0.5062;13;6;0.4615;-929.47;-27.07;0.3762;0.0097;14.67;10;0.0144
XAUUSDm;M15;0;3.00;1;0.3;2.0;1.0;0;0;1;10;1;0;10000;625;-1027.87;2736.86;0.95;-1.6446;0.3712;13;5;0.3846;-705.19;-150.33;1.0000;0.0050;4.91;11;0.0000
XAUUSDm;M15;0;3.00;1;0.3;2.0;1.0;1;0;1;10;0;0;10000;400;-475.43;1547.43;0.94;-1.1886;0.2075;13;7;0.5385;-861.89;8.97;1.0000;0.0140;4.78;23;0.0000
XAUUSDm;M15;0;3.00;1;0.3;2.0;1.0;1;0;1;10;1;0;10000;625;-1475.07;2127.67;0.87;-2.3601;0.1744;13;4;0.3077;-621.77;-103.23;1.0000;0.0105;2.83;37;0.0000
XAUUSDm;M15;0;3.00;1;0.3;2.0;1.2;0;0;1;10;0;0;10000;222;301.55;1450.34;1.03;1.3583;0.4505;13;8;0.6154;-812.12;31.95;0.4144;0.0120;17.78;10;0.0219
XAUUSDm;M15;0;3.00;1;0.3;2.0;1.2;0;0;1;10;1;0;10000;625;-1608.29;3423.80;0.93;-2.5733;0.3264;13;5;0.3846;-657.74;-309.66;1.0000;0.0060;5.91;11;0.0000
XAUUSDm;M15;0;3.00;1;0.3;2.0;1.2;1;0;1;10;0;0;10000;396;-656.19;1607.64;0.91;-1.6570;0.1616;13;6;0.4615;-786.26;-3.95;1.0000;0.0180;5.40;23;0.0000
XAUUSDm;M15;0;3.00;1;0.3;2.0;1.2;1;0;1;10;1;0;10000;625;-1791.26;2225.63;0.84;-2.8660;0.1392;13;5;0.3846;-728.33;-28.44;1.0000;0.0135;3.19;37;0.0000
XAUUSDm;M15;0;3.00;1;0.3;2.0;1.5;0;0;1;10;0;0;10000;206;555.22;1129.37;1.06;2.6952;0.4126;13;8;0.6154;-693.70;57.60;0.2701;0.0142;20.01;10;0.0676
XAUUSDm;M15;0;3.00;1;0.3;2.0;1.5;0;0;1;10;1;0;10000;625;-1132.65;3152.45;0.95;-1.8122;0.3024;13;4;0.3077;-876.94;-79.38;1.0000;0.0068;6.53;11;0.0000
XAUUSDm;M15;0;3.00;1;0.3;2.0;1.5;1;0;1;10;0;0;10000;391;-617.78;1715.15;0.92;-1.5800;0.1355;13;7;0.5385;-719.38;82.85;1.0000;0.0215;5.84;25;0.0000
XAUUSDm;M15;0;3.00;1;0.3;2.0;1.5;1;0;1;10;1;0;10000;625;-1532.89;2255.67;0.86;-2.4526;0.1232;13;5;0.3846;-799.67;-22.33;1.0000;0.0158;3.51;37;0.0000
XAUUSDm;M15;0;3.00;1;0.5;2.0;0.8;0;0;1;10;0;0;10000;279;467.49;1059.63;1.05;1.6756;0.5806;13;8;0.6154;-577.89;162.62;0.1604;0.0074;10.61;6;0.1562
XAUUSDm;M15;0;3.00;1;0.5;2.0;0.8;0;0;1;10;1;0;10000;625;-1234.68;2723.17;0.93;-1.9755;0.4320;13;7;0.5385;-759.98;22.63;1.0000;0.0043;4.17;8;0.0000
XAUUSDm;M15;0;3.00;1;0.5;2.0;0.8;1;0;1;10;0;0;10000;327;200.89;1646.76;1.02;0.6143;0.4281;13;7;0.5385;-597.15;87.35;0.3733;0.0084;7.35;9;0.0122
XAUUSDm;M15;0;3.00;1;0.5;2.0;0.8;1;0;1;10;1;0;10000;625;-989.54;2012.38;0.93;-1.5833;0.3408;13;7;0.5385;-529.50;48.52;1.0000;0.0054;3.31;11;0.0000
XAUUSDm;M15;0;3.00;1;0.5;2.0;1.0;0;0;1;10;0;0;10000;243;265.79;1463.60;1.03;1.0938;0.5062;13;6;0.4615;-929.47;-27.07;0.3762;0.0097;14.67;10;0.0144
XAUUSDm;M15;0;3.00;1;0.5;2.0;1.0;0;0;1;10;1;0;10000;625;-1027.87;2736.86;0.95;-1.6446;0.3712;13;5;0.3846;-705.19;-150.33;1.0000;0.0050;4.91;11;0.0000
XAUUSDm;M15;0;3.00;1;0.5;2.0;1.0;1;0;1;10;0;0;10000;325;-4.44;1807.61;1.00;-0.0137;0.3138;13;7;0.5385;-669.66;90.46;1.0000;0.0116;8.09;19;0.0000
XAUUSDm;M15;0;3.00;1;0.5;2.0;1.0;1;0;1;10;1;0;10000;625;-1059.07;2086.84;0.93;-1.6945;0.2544;13;5;0.3846;-647.65;-113.81;1.0000;0.0072;3.69;22;0.0000
XAUUSDm;M15;0;3.00;1;0.5;2.0;1.2;0;0;1;10;0;0;10000;222;301.55;1450.34;1.03;1.3583;0.4505;13;8;0.6154;-812.12;31.95;0.4144;0.0120;17.78;10;0.0219
XAUUSDm;M15;0;3.00;1;0.5;2.0;1.2;0;0;1;10;1;0;10000;625;-1608.29;3423.80;0.93;-2.5733;0.3264;13;5;0.3846;-657.74;-309.66;1.0000;0.0060;5.91;11;0.0000
XAUUSDm;M15;0;3.00;1;0.5;2.0;1.2;1;0;1;10;0;0;10000;323;-72.01;1892.40;0.99;-0.2229;0.2477;13;8;0.6154;-653.24;62.84;1.0000;0.0148;9.09;20;0.0000
XAUUSDm;M15;0;3.00;1;0.5;2.0;1.2;1;0;1;10;1;0;10000;625;-1422.47;2376.94;0.90;-2.2760;0.2032;13;5;0.3846;-662.46;-193.33;1.0000;0.0092;4.14;22;0.0000
XAUUSDm;M15;0;3.00;1;0.5;2.0;1.5;0;0;1;10;0;0;10000;206;555.22;1129.37;1.06;2.6952;0.4126;13;8;0.6154;-693.70;57.60;0.2701;0.0142;20.01;10;0.0676
XAUUSDm;M15;0;3.00;1;0.5;2.0;1.5;0;0;1;10;1;0;10000;625;-1132.65;3152.45;0.95;-1.8122;0.3024;13;4;0.3077;-876.94;-79.38;1.0000;0.0068;6.53;11;0.0000
XAUUSDm;M15;0;3.00;1;0.5;2.0;1.5;1;0;1;10;0;0;10000;318;215.39;1720.52;1.03;0.6773;0.2138;13;7;0.5385;-652.80;62.21;0.6912;0.0173;9.75;21;0.0034
XAUUSDm;M15;0;3.00;1;0.5;2.0;1.5;1;0;1;10;1;0;10000;625;-859.02;1989.43;0.94;-1.3744;0.1840;13;6;0.4615;-636.59;-48.81;1.0000;0.0106;4.55;23;0.0000
XAUUSDm;M15;1;1.50;1;0.3;2.0;0.5;0;0;1;10;0;0;10000;553;-182.03;1548.03;0.99;-0.3292;0.6655;13;6;0.4615;-913.24;-92.73;1.0000;0.0029;0.97;4;0.0000
XAUUSDm;M15;1;1.50;1;0.3;2.0;0.5;0;0;1;10;1;0;10000;637;-830.03;1995.34;0.96;-1.3030;0.6201;13;6;0.4615;-812.18;-136.65;1.0000;0.0027;0.84;6;0.0000
XAUUSDm;M15;1;1.50;1;0.3;2.0;0.5;1;0;1;10;0;0;10000;563;528.97;1217.54;1.04;0.9396;0.4796;13;7;0.5385;-618.29;87.97;0.0945;0.0040;0.71;8;0.1208
XAUUSDm;M15;1;1.50;1;0.3;2.0;0.5;1;0;1;10;1;0;10000;637;-270.33;1253.01;0.98;-0.4244;0.4474;13;6;0.4615;-623.63;-49.85;1.0000;0.0038;0.61;8;0.0000
XAUUSDm;M15;1;1.50;1;0.3;2.0;0.8;0;0;1;10;0;0;10000;540;-1487.42;2733.29;0.93;-2.7545;0.5556;13;5;0.3846;-1239.38;-206.26;1.0000;0.0036;1.44;6;0.0000
XAUUSDm;M15;1;1.50;1;0.3;2.0;0.8;0;0;1;10;1;0;10000;637;-2386.89;3704.18;0.90;-3.7471;0.5133;13;4;0.3077;-985.04;-360.79;1.0000;0.0033;1.26;7;0.0000
XAUUSDm;M15;1;1.50;1;0.3;2.0;0.8;1;0;1;10;0;0;10000;562;-152.00;1604.83;0.99;-0.2705;0.3025;13;7;0.5385;-847.15;159.75;1.0000;0.0064;0.78;15;0.0000
XAUUSDm;M15;1;1.50;1;0.3;2.0;0.8;1;0;1;10;1;0;10000;637;-938.42;2079.03;0.93;-1.4732;0.2826;13;5;0.3846;-670.05;-44.56;1.0000;0.0060;0.69;16;0.0000
XAUUSDm;M15;1;1.50;1;0.3;2.0;1.0;0;0;1;10;0;0;10000;525;-1413.30;3030.36;0.94;-2.6920;0.4876;13;5;0.3846;-1250.25;-152.54;1.0000;0.0042;2.06;8;0.0000
XAUUSDm;M15;1;1.50;1;0.3;2.0;1.0;0;0;1;10;1;0;10000;637;-3652.10;5310.27;0.88;-5.7333;0.4380;13;5;0.3846;-1670.41;-364.70;1.0000;0.0039;1.73;10;0.0000
XAUUSDm;M15;1;1.50;1;0.3;2.0;1.0;1;0;1;10;0;0;10000;562;-382.85;1725.86;0.97;-0.6812;0.2224;13;8;0.6154;-843.37;105.81;1.0000;0.0086;0.96;19;0.0000
XAUUSDm;M15;1;1.50;1;0.3;2.0;1.0;1;0;1;10;1;0;10000;637;-1242.54;2258.13;0.91;-1.9506;0.2072;13;6;0.4615;-805.80;-20.96;1.0000;0.0082;0.85;22;0.0000
XAUUSDm;M15;1;1.50;1;0.3;2.0;1.2;0;0;1;10;0;0;10000;513;-785.27;2814.98;0.97;-1.5307;0.4386;13;6;0.4615;-1493.48;-69.94;1.0000;0.0048;2.70;10;0.0000
XAUUSDm;M15;1;1.50;1;0.3;2.0;1.2;0;0;1;10;1;0;10000;637;-4434.95;6052.28;0.86;-6.9622;0.3815;13;4;0.3077;-1889.28;-264.64;1.0000;0.0045;2.14;12;0.0000
XAUUSDm;M15;1;1.50;1;0.3;2.0;1.2;1;0;1;10;0;0;10000;562;-728.66;1991.44;0.94;-1.2965;0.1726;13;7;0.5385;-827.41;6.49;1.0000;0.0111;1.04;19;0.0000
XAUUSDm;M15;1;1.50;1;0.3;2.0;1.2;1;0;1;10;1;0;10000;637;-1657.81;2425.92;0.88;-2.6025;0.1601;13;6;0.4615;-789.84;-133.15;1.0000;0.0106;0.92;23;0.0000
XAUUSDm;M15;1;1.50;1;0.3;2.0;1.5;0;0;1;10;0;0;10000;501;-1144.21;4258.51;0.96;-2.2839;0.3912;13;6;0.4615;-1463.08;-20.95;1.0000;0.0055;3.41;10;0.0000
XAUUSDm;M15;1;1.50;1;0.3;2.0;1.5;0;0;1;10;1;0;10000;637;-3721.47;6079.05;0.89;-5.8422;0.3469;13;5;0.3846;-1607.91;-216.56;1.0000;0.0049;2.68;12;0.0000
XAUUSDm;M15;1;1.50;1;0.3;2.0;1.5;1;0;1;10;0;0;10000;562;-1170.44;1795.68;0.90;-2.0826;0.1388;13;7;0.5385;-770.15;75.16;1.0000;0.0139;1.30;19;0.0000
XAUUSDm;M15;1;1.50;1;0.3;2.0;1.5;1;0;1;10;1;0;10000;637;-2374.92;2939.20;0.82;-3.7283;0.1256;13;5;0.3846;-726.93;-104.97;1.0000;0.0135;1.16;23;0.0000
XAUUSDm;M15;1;1.50;1;0.5;2.0;0.8;0;0;1;10;0;0;10000;540;-1487.42;2733.29;0.93;-2.7545;0.5556;13;5;0.3846;-1239.38;-206.26;1.0000;0.0036;1.44;6;0.0000
XAUUSDm;M15;1;1.50;1;0.5;2.0;0.8;0;0;1;10;1;0;10000;637;-2386.89;3704.18;0.90;-3.7471;0.5133;13;4;0.3077;-985.04;-360.79;1.0000;0.0033;1.26;7;0.0000
XAUUSDm;M15;1;1.50;1;0.5;2.0;0.8;1;0;1;10;0;0;10000;551;-924.78;2064.44;0.95;-1.6784;0.4265;13;5;0.3846;-893.43;-99.65;1.0000;0.0046;1.08;9;0.0000
XAUUSDm;M15;1;1.50;1;0.5;2.0;0.8;1;0;1;10;1;0;10000;637;-1673.90;2784.56;0.91;-2.6278;0.3956;13;4;0.3077;-841.71;-174.21;1.0000;0.0043;0.95;10;0.0000
XAUUSDm;M15;1;1.50;1;0.5;2.0;1.0;0;0;1;10;0;0;10000;525;-1413.30;3030.36;0.94;-2.6920;0.4876;13;5;0.3846;-1250.25;-152.54;1.0000;0.0042;2.06;8;0.0000
XAUUSDm;M15;1;1.50;1;0.5;2.0;1.0;0;0;1;10;1;0;10000;637;-3652.10;5310.27;0.88;-5.7333;0.4380;13;5;0.3846;-1670.41;-364.70;1.0000;0.0039;1.73;10;0.0000
XAUUSDm;M15;1;1.50;1;0.5;2.0;1.0;1;0;1;10;0;0;10000;551;-954.75;2141.77;0.94;-1.7328;0.3194;13;5;0.3846;-867.81;-104.84;1.0000;0.0062;1.38;15;0.0000
XAUUSDm;M15;1;1.50;1;0.5;2.0;1.0;1;0;1;10;1;0;10000;637;-1712.77;2850.74;0.91;-2.6888;0.2967;13;5;0.3846;-865.53;-244.34;1.0000;0.0057;1.22;16;0.0000
XAUUSDm;M15;1;1.50;1;0.5;2.0;1.2;0;0;1;10;0;0;10000;513;-785.27;2814.98;0.97;-1.5307;0.4386;13;6;0.4615;-1493.48;-69.94;1.0000;0.0048;2.70;10;0.0000
XAUUSDm;M15;1;1.50;1;0.5;2.0;1.2;0;0;1;10;1;0;10000;637;-4434.95;6052.28;0.86;-6.9622;0.3815;13;4;0.3077;-1889.28;-264.64;1.0000;0.0045;2.14;12;0.0000
XAUUSDm;M15;1;1.50;1;0.5;2.0;1.2;1;0;1;10;0;0;10000;551;-1972.42;2564.93;0.89;-3.5797;0.2396;13;5;0.3846;-969.93;-238.53;1.0000;0.0082;1.51;19;0.0000
XAUUSDm;M15;1;1.50;1;0.5;2.0;1.2;1;0;1;10;1;0;10000;637;-2678.85;3186.38;0.86;-4.2054;0.2245;13;5;0.3846;-812.99;-259.47;1.0000;0.0076;1.33;22;0.0000
XAUUSDm;M15;1;1.50;1;0.5;2.0;1.5;0;0;1;10;0;0;10000;501;-1144.21;4258.51;0.96;-2.2839;0.3912;13;6;0.4615;-1463.08;-20.95;1.0000;0.0055;3.41;10;0.0000
XAUUSDm;M15;1;1.50;1;0.5;2.0;1.5;0;0;1;10;1;0;10000;637;-3721.47;6079.05;0.89;-5.8422;0.3469;13;5;0.3846;-1607.91;-216.56;1.0000;0.0049;2.68;12;0.0000
XAUUSDm;M15;1;1.50;1;0.5;2.0;1.5;1;0;1;10;0;0;10000;551;-2161.17;2587.55;0.87;-3.9223;0.1978;13;4;0.3077;-971.83;-236.44;1.0000;0.0100;1.83;19;0.0000
XAUUSDm;M15;1;1.50;1;0.5;2.0;1.5;1;0;1;10;1;0;10000;637;-3186.37;3531.80;0.83;-5.0022;0.1821;13;4;0.3077;-919.78;-293.29;1.0000;0.0094;1.61;23;0.0000
XAUUSDm;M15;1;2.00;1;0.3;2.0;0.5;0;0;1;10;0;0;10000;484;960.65;1548.05;1.07;1.9848;0.6839;13;9;0.6923;-646.39;147.62;0.0520;0.0034;2.40;5;0.2974
XAUUSDm;M15;1;2.00;1;0.3;2.0;0.5;0;0;1;10;1;0;10000;635;-169.16;1671.87;0.99;-0.2664;0.5969;13;7;0.5385;-635.81;72.16;1.0000;0.0029;1.69;6;0.0000
XAUUSDm;M15;1;2.00;1;0.3;2.0;0.5;1;0;1;10;0;0;10000;505;-66.34;1143.76;0.99;-0.1314;0.4475;13;6;0.4615;-665.89;-14.99;1.0000;0.0049;1.83;12;0.0000
XAUUSDm;M15;1;2.00;1;0.3;2.0;0.5;1;0;1;10;1;0;10000;635;-1049.94;2058.13;0.92;-1.6534;0.4000;13;5;0.3846;-798.03;-42.03;1.0000;0.0044;1.30;15;0.0000
XAUUSDm;M15;1;2.00;1;0.3;2.0;0.8;0;0;1;10;0;0;10000;458;437.54;2389.38;1.03;0.9553;0.5808;13;8;0.6154;-810.26;240.21;0.1714;0.0042;3.36;8;0.0607
XAUUSDm;M15;1;2.00;1;0.3;2.0;0.8;0;0;1;10;1;0;10000;635;-1512.10;3504.26;0.93;-2.3813;0.4913;13;7;0.5385;-1327.49;22.33;1.0000;0.0036;2.42;8;0.0000
XAUUSDm;M15;1;2.00;1;0.3;2.0;0.8;1;0;1;10;0;0;10000;505;-255.60;1272.82;0.97;-0.5061;0.2931;13;8;0.6154;-647.82;101.07;1.0000;0.0075;2.07;17;0.0000
XAUUSDm;M15;1;2.00;1;0.3;2.0;0.8;1;0;1;10;1;0;10000;635;-1435.90;2461.94;0.88;-2.2613;0.2583;13;7;0.5385;-881.70;0.54;1.0000;0.0068;1.58;22;0.0000
XAUUSDm;M15;1;2.00;1;0.3;2.0;1.0;0;0;1;10;0;0;10000;441;1711.64;1621.81;1.09;3.8813;0.5261;13;10;0.7692;-608.94;220.86;0.0583;0.0048;4.27;8;0.6245
XAUUSDm;M15;1;2.00;1;0.3;2.0;1.0;0;0;1;10;1;0;10000;635;-801.81;3321.02;0.97;-1.2627;0.4315;13;7;0.5385;-1278.75;25.35;1.0000;0.0041;2.98;8;0.0000
XAUUSDm;M15;1;2.00;1;0.3;2.0;1.0;1;0;1;10;0;0;10000;504;-719.16;1382.29;0.93;-1.4269;0.2123;13;8;0.6154;-656.06;62.70;1.0000;0.0105;2.24;18;0.0000
XAUUSDm;M15;1;2.00;1;0.3;2.0;1.0;1;0;1;10;1;0;10000;635;-2089.79;2797.31;0.83;-3.2910;0.1843;13;5;0.3846;-850.38;-22.38;1.0000;0.0096;1.71;23;0.0000
XAUUSDm;M15;1;2.00;1;0.3;2.0;1.2;0;0;1;10;0;0;10000;421;882.27;3001.89;1.04;2.0957;0.4584;13;6;0.4615;-609.65;-120.85;0.1414;0.0058;5.30;7;0.0574
XAUUSDm;M15;1;2.00;1;0.3;2.0;1.2;0;0;1;10;1;0;10000;635;-1547.38;4730.22;0.94;-2.4368;0.3748;13;6;0.4615;-1430.67;-160.14;1.0000;0.0047;3.69;11;0.0000
XAUUSDm;M15;1;2.00;1;0.3;2.0;1.2;1;0;1;10;0;0;10000;504;-1309.41;1908.84;0.87;-2.5980;0.1607;13;5;0.3846;-662.43;-101.38;1.0000;0.0140;2.55;23;0.0000
XAUUSDm;M15;1;2.00;1;0.3;2.0;1.2;1;0;1;10;1;0;10000;635;-2923.01;3384.89;0.76;-4.6032;0.1370;13;5;0.3846;-836.27;-220.51;1.0000;0.0131;1.97;33;0.0000
XAUUSDm;M15;1;2.00;1;0.3;2.0;1.5;0;0;1;10;0;0;10000;400;1815.48;2163.77;1.09;4.5387;0.4250;13;6;0.4615;-492.54;-29.37;0.0825;0.0066;6.35;8;0.1519
XAUUSDm;M15;1;2.00;1;0.3;2.0;1.5;0;0;1;10;1;0;10000;635;-1170.04;4623.67;0.96;-1.8426;0.3370;13;6;0.4615;-1367.21;-278.97;1.0000;0.0053;4.25;14;0.0000
XAUUSDm;M15;1;2.00;1;0.3;2.0;1.5;1;0;1;10;0;0;10000;504;-609.62;1474.65;0.94;-1.2096;0.1448;13;7;0.5385;-569.43;39.57;1.0000;0.0156;2.78;27;0.0000
XAUUSDm;M15;1;2.00;1;0.3;2.0;1.5;1;0;1;10;1;0;10000;635;-2527.83;3061.17;0.80;-3.9808;0.1197;13;5;0.3846;-988.04;-42.08;1.0000;0.0151;2.16;37;0.0000
XAUUSDm;M15;1;2.00;1;0.5;2.0;0.8;0;0;1;10;0;0;10000;458;437.54;2389.38;1.03;0.9553;0.5808;13;8;0.6154;-810.26;240.21;0.1714;0.0042;3.36;8;0.0607
XAUUSDm;M15;1;2.00;1;0.5;2.0;0.8;0;0;1;10;1;0;10000;635;-1512.10;3504.26;0.93;-2.3813;0.4913;13;7;0.5385;-1327.49;22.33;1.0000;0.0036;2.42;8;0.0000
XAUUSDm;M15;1;2.00;1;0.5;2.0;0.8;1;0;1;10;0;0;10000;484;458.76;1877.99;1.03;0.9479;0.4421;13;9;0.6923;-875.59;180.96;0.1635;0.0052;2.71;13;0.0950
XAUUSDm;M15;1;2.00;1;0.5;2.0;0.8;1;0;1;10;1;0;10000;635;-1116.31;2741.82;0.94;-1.7580;0.3780;13;6;0.4615;-967.82;-58.11;1.0000;0.0047;2.03;15;0.0000
XAUUSDm;M15;1;2.00;1;0.5;2.0;1.0;0;0;1;10;0;0;10000;441;1711.64;1621.81;1.09;3.8813;0.5261;13;10;0.7692;-608.94;220.86;0.0583;0.0048;4.27;8;0.6245
XAUUSDm;M15;1;2.00;1;0.5;2.0;1.0;0;0;1;10;1;0;10000;635;-801.81;3321.02;0.97;-1.2627;0.4315;13;7;0.5385;-1278.75;25.35;1.0000;0.0041;2.98;8;0.0000
XAUUSDm;M15;1;2.00;1;0.5;2.0;1.0;1;0;1;10;0;0;10000;483;-242.09;2050.59;0.98;-0.5012;0.3188;13;9;0.6923;-840.81;123.39;1.0000;0.0073;3.04;17;0.0000
XAUUSDm;M15;1;2.00;1;0.5;2.0;1.0;1;0;1;10;1;0;10000;635;-2215.86;3360.13;0.87;-3.4895;0.2661;13;5;0.3846;-1004.82;-136.52;1.0000;0.0066;2.20;22;0.0000
XAUUSDm;M15;1;2.00;1;0.5;2.0;1.2;0;0;1;10;0;0;10000;421;882.27;3001.89;1.04;2.0957;0.4584;13;6;0.4615;-609.65;-120.85;0.1414;0.0058;5.30;7;0.0574
XAUUSDm;M15;1;2.00;1;0.5;2.0;1.2;0;0;1;10;1;0;10000;635;-1547.38;4730.22;0.94;-2.4368;0.3748;13;6;0.4615;-1430.67;-160.14;1.0000;0.0047;3.69;11;0.0000
XAUUSDm;M15;1;2.00;1;0.5;2.0;1.2;1;0;1;10;0;0;10000;480;-1195.35;2255.82;0.91;-2.4903;0.2396;13;6;0.4615;-676.81;-73.30;1.0000;0.0099;3.47;19;0.0000
XAUUSDm;M15;1;2.00;1;0.5;2.0;1.2;1;0;1;10;1;0;10000;635;-3366.71;4109.43;0.80;-5.3019;0.2000;13;5;0.3846;-1050.72;-305.59;1.0000;0.0090;2.53;24;0.0000
XAUUSDm;M15;1;2.00;1;0.5;2.0;1.5;0;0;1;10;0;0;10000;400;1815.48;2163.77;1.09;4.5387;0.4250;13;6;0.4615;-492.54;-29.37;0.0825;0.0066;6.35;8;0.1519
XAUUSDm;M15;1;2.00;1;0.5;2.0;1.5;0;0;1;10;1;0;10000;635;-1170.04;4623.67;0.96;-1.8426;0.3370;13;6;0.4615;-1367.21;-278.97;1.0000;0.0053;4.25;14;0.0000
XAUUSDm;M15;1;2.00;1;0.5;2.0;1.5;1;0;1;10;0;0;10000;480;-739.41;2128.76;0.95;-1.5404;0.2083;13;7;0.5385;-772.21;50.60;1.0000;0.0115;3.66;23;0.0000
XAUUSDm;M15;1;2.00;1;0.5;2.0;1.5;1;0;1;10;1;0;10000;635;-2955.02;3875.29;0.83;-4.6536;0.1732;13;5;0.3846;-1295.74;-243.83;1.0000;0.0105;2.76;28;0.0000
XAUUSDm;M15;1;2.50;1;0.3;2.0;0.5;0;0;1;10;0;0;10000;426;113.99;1614.38;1.01;0.2676;0.6714;13;6;0.4615;-471.53;-58.26;0.4381;0.0040;3.54;4;0.0051
XAUUSDm;M15;1;2.50;1;0.3;2.0;0.5;0;0;1;10;1;0;10000;634;-893.87;2110.44;0.95;-1.4099;0.5552;13;6;0.4615;-620.48;-49.65;1.0000;0.0032;2.27;7;0.0000
XAUUSDm;M15;1;2.50;1;0.3;2.0;0.5;1;0;1;10;0;0;10000;461;-99.58;1401.16;0.99;-0.2160;0.4534;13;8;0.6154;-466.06;124.33;1.0000;0.0055;2.80;9;0.0000
XAUUSDm;M15;1;2.50;1;0.3;2.0;0.5;1;0;1;10;1;0;10000;634;-525.06;1674.98;0.95;-0.8282;0.3912;13;6;0.4615;-481.59;-59.68;1.0000;0.0046;1.77;11;0.0000
XAUUSDm;M15;1;2.50;1;0.3;2.0;0.8;0;0;1;10;0;0;10000;391;1101.50;865.40;1.08;2.8171;0.5934;13;7;0.5385;-339.42;59.01;0.0680;0.0050;5.08;6;0.3690
XAUUSDm;M15;1;2.50;1;0.3;2.0;0.8;0;0;1;10;1;0;10000;634;-1214.91;2855.00;0.94;-1.9163;0.4590;13;7;0.5385;-939.76;5.91;1.0000;0.0039;3.14;8;0.0000
XAUUSDm;M15;1;2.50;1;0.3;2.0;0.8;1;0;1;10;0;0;10000;460;-779.43;1584.63;0.92;-1.6944;0.2804;13;7;0.5385;-510.78;13.00;1.0000;0.0089;3.06;18;0.0000
XAUUSDm;M15;1;2.50;1;0.3;2.0;0.8;1;0;1;10;1;0;10000;634;-1295.67;1906.25;0.89;-2.0436;0.2429;13;4;0.3077;-615.28;-101.70;1.0000;0.0074;2.05;22;0.0000
XAUUSDm;M15;1;2.50;1;0.3;2.0;1.0;0;0;1;10;0;0;10000;360;64.65;2467.78;1.00;0.1796;0.5028;13;6;0.4615;-899.40;-84.69;1.5406;0.0063;6.83;11;0.0005
XAUUSDm;M15;1;2.50;1;0.3;2.0;1.0;0;0;1;10;1;0;10000;634;-1378.97;4074.23;0.94;-2.1750;0.3943;13;5;0.3846;-1042.16;-164.85;1.0000;0.0046;4.01;11;0.0000
XAUUSDm;M15;1;2.50;1;0.3;2.0;1.0;1;0;1;10;0;0;10000;460;-948.73;1460.22;0.90;-2.0625;0.2087;13;5;0.3846;-366.67;-104.85;1.0000;0.0120;3.51;25;0.0000
XAUUSDm;M15;1;2.50;1;0.3;2.0;1.0;1;0;1;10;1;0;10000;634;-1865.75;2346.75;0.84;-2.9428;0.1735;13;3;0.2308;-522.92;-159.83;1.0000;0.0105;2.39;33;0.0000
XAUUSDm;M15;1;2.50;1;0.3;2.0;1.2;0;0;1;10;0;0;10000;337;21.80;2214.06;1.00;0.0647;0.4481;13;8;0.6154;-949.55;136.25;5.7060;0.0076;8.30;10;0.0001
XAUUSDm;M15;1;2.50;1;0.3;2.0;1.2;0;0;1;10;1;0;10000;634;-1223.96;4080.28;0.95;-1.9305;0.3438;13;6;0.4615;-928.52;-161.46;1.0000;0.0053;4.69;12;0.0000
XAUUSDm;M15;1;2.50;1;0.3;2.0;1.2;1;0;1;10;0;0;10000;460;-535.05;1364.90;0.94;-1.1632;0.1761;13;6;0.4615;-336.82;-42.88;1.0000;0.0143;3.72;25;0.0000
XAUUSDm;M15;1;2.50;1;0.3;2.0;1.2;1;0;1;10;1;0;10000;634;-1412.88;1858.30;0.88;-2.2285;0.1467;13;4;0.3077;-517.98;-48.67;1.0000;0.0125;2.63;35;0.0000
XAUUSDm;M15;1;2.50;1;0.3;2.0;1.5;0;0;1;10;0;0;10000;319;-344.33;2165.83;0.98;-1.0794;0.4013;13;7;0.5385;-863.55;9.14;1.0000;0.0091;9.58;10;0.0000
XAUUSDm;M15;1;2.50;1;0.3;2.0;1.5;0;0;1;10;1;0;10000;634;-643.29;3744.66;0.98;-1.0147;0.3186;13;7;0.5385;-1505.19;106.59;1.0000;0.0059;5.20;12;0.0000
XAUUSDm;M15;1;2.50;1;0.3;2.0;1.5;1;0;1;10;0;0;10000;458;-501.68;1336.56;0.95;-1.0954;0.1463;13;6;0.4615;-299.26;-104.20;1.0000;0.0172;3.93;25;0.0000
XAUUSDm;M15;1;2.50;1;0.3;2.0;1.5;1;0;1;10;1;0;10000;634;-1306.39;1928.58;0.89;-2.0606;0.1262;13;6;0.4615;-572.30;-14.96;1.0000;0.0148;2.78;35;0.0000
XAUUSDm;M15;1;2.50;1;0.5;2.0;0.8;0;0;1;10;0;0;10000;391;1101.50;865.40;1.08;2.8171;0.5934;13;7;0.5385;-339.42;59.01;0.0680;0.0050;5.08;6;0.3690
XAUUSDm;M15;1;2.50;1;0.5;2.0;0.8;0;0;1;10;1;0;10000;634;-1214.91;2855.00;0.94;-1.9163;0.4590;13;7;0.5385;-939.76;5.91;1.0000;0.0039;3.14;8;0.0000
XAUUSDm;M15;1;2.50;1;0.5;2.0;0.8;1;0;1;10;0;0;10000;425;-1002.18;2264.05;0.92;-2.3581;0.4094;13;5;0.3846;-668.91;-217.29;1.0000;0.0066;4.02;10;0.0000
XAUUSDm;M15;1;2.50;1;0.5;2.0;0.8;1;0;1;10;1;0;10000;634;-2023.88;2891.35;0.88;-3.1922;0.3438;13;6;0.4615;-789.63;-56.46;1.0000;0.0052;2.61;11;0.0000
XAUUSDm;M15;1;2.50;1;0.5;2.0;1.0;0;0;1;10;0;0;10000;360;64.65;2467.78;1.00;0.1796;0.5028;13;6;0.4615;-899.40;-84.69;1.5406;0.0063;6.83;11;0.0005
XAUUSDm;M15;1;2.50;1;0.5;2.0;1.0;0;0;1;10;1;0;10000;634;-1378.97;4074.23;0.94;-2.1750;0.3943;13;5;0.3846;-1042.16;-164.85;1.0000;0.0046;4.01;11;0.0000
XAUUSDm;M15;1;2.50;1;0.5;2.0;1.0;1;0;1;10;0;0;10000;423;-1574.89;2254.36;0.87;-3.7231;0.2908;13;5;0.3846;-523.61;-204.66;1.0000;0.0094;4.59;21;0.0000
XAUUSDm;M15;1;2.50;1;0.5;2.0;1.0;1;0;1;10;1;0;10000;634;-2687.08;3158.11;0.84;-4.2383;0.2492;13;3;0.2308;-882.18;-144.03;1.0000;0.0073;3.01;18;0.0000
XAUUSDm;M15;1;2.50;1;0.5;2.0;1.2;0;0;1;10;0;0;10000;337;21.80;2214.06;1.00;0.0647;0.4481;13;8;0.6154;-949.55;136.25;5.7060;0.0076;8.30;10;0.0001
XAUUSDm;M15;1;2.50;1;0.5;2.0;1.2;0;0;1;10;1;0;10000;634;-1223.96;4080.28;0.95;-1.9305;0.3438;13;6;0.4615;-928.52;-161.46;1.0000;0.0053;4.69;12;0.0000
XAUUSDm;M15;1;2.50;1;0.5;2.0;1.2;1;0;1;10;0;0;10000;423;-1265.17;2165.54;0.90;-2.9909;0.2388;13;6;0.4615;-532.76;-39.58;1.0000;0.0114;4.85;22;0.0000
XAUUSDm;M15;1;2.50;1;0.5;2.0;1.2;1;0;1;10;1;0;10000;634;-1905.69;2491.62;0.88;-3.0058;0.2114;13;5;0.3846;-838.90;-63.27;1.0000;0.0086;3.29;20;0.0000
XAUUSDm;M15;1;2.50;1;0.5;2.0;1.5;0;0;1;10;0;0;10000;319;-344.33;2165.83;0.98;-1.0794;0.4013;13;7;0.5385;-863.55;9.14;1.0000;0.0091;9.58;10;0.0000
XAUUSDm;M15;1;2.50;1;0.5;2.0;1.5;0;0;1;10;1;0;10000;634;-643.29;3744.66;0.98;-1.0147;0.3186;13;7;0.5385;-1505.19;106.59;1.0000;0.0059;5.20;12;0.0000
XAUUSDm;M15;1;2.50;1;0.5;2.0;1.5;1;0;1;10;0;0;10000;421;-1446.29;2033.26;0.88;-3.4354;0.1948;13;4;0.3077;-517.41;-86.65;1.0000;0.0140;5.14;22;0.0000
XAUUSDm;M15;1;2.50;1;0.5;2.0;1.5;1;0;1;10;1;0;10000;634;-1714.60;2551.38;0.90;-2.7044;0.1814;13;4;0.3077;-971.11;-198.58;1.0000;0.0102;3.50;20;0.0000
XAUUSDm;M15;1;3.00;1;0.3;2.0;0.5;0;0;1;10;0;0;10000;373;678.07;1266.15;1.07;1.8179;0.6810;13;7;0.5385;-589.99;9.68;0.0736;0.0046;5.14;3;0.1553
XAUUSDm;M15;1;3.00;1;0.3;2.0;0.5;0;0;1;10;1;0;10000;631;-684.60;1988.33;0.95;-1.0849;0.5230;13;5;0.3846;-738.60;-31.23;1.0000;0.0035;2.81;8;0.0000
XAUUSDm;M15;1;3.00;1;0.3;2.0;0.5;1;0;1;10;0;0;10000;415;-786.53;1293.09;0.91;-1.8953;0.4530;13;5;0.3846;-507.56;-64.43;1.0000;0.0062;3.77;8;0.0000
XAUUSDm;M15;1;3.00;1;0.3;2.0;0.5;1;0;1;10;1;0;10000;631;-578.80;1350.03;0.95;-0.9173;0.3772;13;5;0.3846;-571.83;-72.76;1.0000;0.0049;2.26;15;0.0000
XAUUSDm;M15;1;3.00;1;0.3;2.0;0.8;0;0;1;10;0;0;10000;333;1269.25;1270.95;1.11;3.8116;0.5976;13;7;0.5385;-438.87;59.12;0.0590;0.0059;7.60;5;0.2896
XAUUSDm;M15;1;3.00;1;0.3;2.0;0.8;0;0;1;10;1;0;10000;631;-206.67;1720.40;0.99;-0.3275;0.4358;13;8;0.6154;-746.64;39.58;1.0000;0.0043;4.04;8;0.0000
XAUUSDm;M15;1;3.00;1;0.3;2.0;0.8;1;0;1;10;0;0;10000;413;-1273.13;1648.37;0.85;-3.0826;0.2881;13;6;0.4615;-489.29;-20.49;1.0000;0.0100;4.51;21;0.0000
XAUUSDm;M15;1;3.00;1;0.3;2.0;0.8;1;0;1;10;1;0;10000;631;-1645.42;1817.88;0.85;-2.6076;0.2282;13;4;0.3077;-640.45;-92.20;1.0000;0.0082;2.70;20;0.0000
XAUUSDm;M15;1;3.00;1;0.3;2.0;1.0;0;0;1;10;0;0;10000;299;518.55;1253.82;1.04;1.7343;0.5151;13;6;0.4615;-483.86;-32.73;0.1924;0.0078;10.36;6;0.0687
XAUUSDm;M15;1;3.00;1;0.3;2.0;1.0;0;0;1;10;1;0;10000;631;-418.05;2568.57;0.98;-0.6625;0.3645;13;7;0.5385;-724.05;53.66;1.0000;0.0051;5.02;11;0.0000
XAUUSDm;M15;1;3.00;1;0.3;2.0;1.0;1;0;1;10;0;0;10000;411;-1340.39;1744.68;0.85;-3.2613;0.2141;13;4;0.3077;-456.11;-37.56;1.0000;0.0135;4.89;22;0.0000
XAUUSDm;M15;1;3.00;1;0.3;2.0;1.0;1;0;1;10;1;0;10000;631;-1688.48;1933.64;0.84;-2.6759;0.1727;13;4;0.3077;-564.64;-75.56;1.0000;0.0110;3.01;23;0.0000
XAUUSDm;M15;1;3.00;1;0.3;2.0;1.2;0;0;1;10;0;0;10000;271;501.28;1456.91;1.04;1.8497;0.4576;13;5;0.3846;-1215.71;-49.80;0.2488;0.0097;13.30;8;0.0281
XAUUSDm;M15;1;3.00;1;0.3;2.0;1.2;0;0;1;10;1;0;10000;631;-100.51;2467.28;1.00;-0.1593;0.3296;13;7;0.5385;-1099.03;127.43;1.0000;0.0059;5.72;11;0.0000
XAUUSDm;M15;1;3.00;1;0.3;2.0;1.2;1;0;1;10;0;0;10000;409;-1447.01;1918.73;0.83;-3.5379;0.1687;13;5;0.3846;-504.01;-79.48;1.0000;0.0174;5.18;22;0.0000
XAUUSDm;M15;1;3.00;1;0.3;2.0;1.2;1;0;1;10;1;0;10000;631;-1663.89;1811.09;0.84;-2.6369;0.1426;13;5;0.3846;-462.55;-122.01;1.0000;0.0138;3.20;28;0.0000
XAUUSDm;M15;1;3.00;1;0.3;2.0;1.5;0;0;1;10;0;0;10000;244;1070.28;1240.46;1.09;4.3864;0.4221;13;8;0.6154;-963.92;80.58;0.1398;0.0116;15.80;8;0.2589
XAUUSDm;M15;1;3.00;1;0.3;2.0;1.5;0;0;1;10;1;0;10000;631;84.79;2299.13;1.00;0.1344;0.3011;13;6;0.4615;-937.20;-65.25;1.7652;0.0068;6.44;15;0.0004
XAUUSDm;M15;1;3.00;1;0.3;2.0;1.5;1;0;1;10;0;0;10000;407;-1468.46;2007.60;0.83;-3.6080;0.1400;13;3;0.2308;-423.07;-105.16;1.0000;0.0209;5.57;26;0.0000
XAUUSDm;M15;1;3.00;1;0.3;2.0;1.5;1;0;1;10;1;0;10000;631;-1560.27;2033.16;0.85;-2.4727;0.1220;13;4;0.3077;-375.02;-179.94;1.0000;0.0163;3.45;28;0.0000
XAUUSDm;M15;1;3.00;1;0.5;2.0;0.8;0;0;1;10;0;0;10000;333;1269.25;1270.95;1.11;3.8116;0.5976;13;7;0.5385;-438.87;59.12;0.0590;0.0059;7.60;5;0.2896
XAUUSDm;M15;1;3.00;1;0.5;2.0;0.8;0;0;1;10;1;0;10000;631;-206.67;1720.40;0.99;-0.3275;0.4358;13;8;0.6154;-746.64;39.58;1.0000;0.0043;4.04;8;0.0000
XAUUSDm;M15;1;3.00;1;0.5;2.0;0.8;1;0;1;10;0;0;10000;370;230.52;1075.52;1.02;0.6230;0.4378;13;7;0.5385;-473.15;32.59;0.3247;0.0073;6.05;17;0.0251
XAUUSDm;M15;1;3.00;1;0.5;2.0;0.8;1;0;1;10;1;0;10000;631;-1385.97;2029.90;0.91;-2.1965;0.3328;13;6;0.4615;-795.55;-19.30;1.0000;0.0056;3.33;16;0.0000
XAUUSDm;M15;1;3.00;1;0.5;2.0;1.0;0;0;1;10;0;0;10000;299;518.55;1253.82;1.04;1.7343;0.5151;13;6;0.4615;-483.86;-32.73;0.1924;0.0078;10.36;6;0.0687
XAUUSDm;M15;1;3.00;1;0.5;2.0;1.0;0;0;1;10;1;0;10000;631;-418.05;2568.57;0.98;-0.6625;0.3645;13;7;0.5385;-724.05;53.66;1.0000;0.0051;5.02;11;0.0000
XAUUSDm;M15;1;3.00;1;0.5;2.0;1.0;1;0;1;10;0;0;10000;368;298.45;1176.41;1.03;0.8110;0.3315;13;7;0.5385;-587.23;43.10;0.3344;0.0097;6.57;21;0.0219
XAUUSDm;M15;1;3.00;1;0.5;2.0;1.0;1;0;1;10;1;0;10000;631;-1136.59;2023.87;0.92;-1.8013;0.2567;13;6;0.4615;-701.84;-62.85;1.0000;0.0073;3.72;20;0.0000
XAUUSDm;M15;1;3.00;1;0.5;2.0;1.2;0;0;1;10;0;0;10000;271;501.28;1456.91;1.04;1.8497;0.4576;13;5;0.3846;-1215.71;-49.80;0.2488;0.0097;13.30;8;0.0281
XAUUSDm;M15;1;3.00;1;0.5;2.0;1.2;0;0;1;10;1;0;10000;631;-100.51;2467.28;1.00;-0.1593;0.3296;13;7;0.5385;-1099.03;127.43;1.0000;0.0059;5.72;11;0.0000
XAUUSDm;M15;1;3.00;1;0.5;2.0;1.2;1;0;1;10;0;0;10000;365;-77.12;1195.18;0.99;-0.2113;0.2575;13;6;0.4615;-432.93;-83.41;1.0000;0.0127;7.05;21;0.0000
XAUUSDm;M15;1;3.00;1;0.5;2.0;1.2;1;0;1;10;1;0;10000;631;-1070.28;2160.69;0.93;-1.6962;0.2108;13;6;0.4615;-683.69;-58.89;1.0000;0.0091;4.00;20;0.0000
XAUUSDm;M15;1;3.00;1;0.5;2.0;1.5;0;0;1;10;0;0;10000;244;1070.28;1240.46;1.09;4.3864;0.4221;13;8;0.6154;-963.92;80.58;0.1398;0.0116;15.80;8;0.2589
XAUUSDm;M15;1;3.00;1;0.5;2.0;1.5;0;0;1;10;1;0;10000;631;84.79;2299.13;1.00;0.1344;0.3011;13;6;0.4615;-937.20;-65.25;1.7652;0.0068;6.44;15;0.0004
XAUUSDm;M15;1;3.00;1;0.5;2.0;1.5;1;0;1;10;0;0;10000;363;-140.10;1372.84;0.99;-0.3860;0.2149;13;6;0.4615;-549.02;-86.69;1.0000;0.0154;7.61;24;0.0000
XAUUSDm;M15;1;3.00;1;0.5;2.0;1.5;1;0;1;10;1;0;10000;631;-1143.20;2201.65;0.92;-1.8117;0.1775;13;5;0.3846;-546.66;-107.56;1.0000;0.0110;4.36;22;0.0000
