XAUUSDm;M15;1;2.00;0;1.5;3.0;4.0;0;0;1;10;1;0;10000;1005;1325.72;2929.62;1.04;1.3191;0.2808;12;6;0.5000;-1460.85;54.16;0.2944;0.0112;7.84;14;0.0324
XAUUSDm;M15;1;2.00;0;1.5;3.0;4.0;1;0;1;10;1;0;10000;989;523.68;3334.48;1.02;0.5295;0.3348;12;6;0.5000;-1225.20;-138.85;0.7453;0.0117;7.07;11;0.0053
XAUUSDm;M15;1;2.00;0;1.5;3.0;5.0;0;0;1;10;1;0;10000;1007;1429.82;2992.22;1.04;1.4199;0.2808;12;6;0.5000;-1440.32;-6.92;0.3412;0.0140;8.55;14;0.0295
XAUUSDm;M15;1;2.00;0;1.5;3.0;5.0;1;0;1;10;1;0;10000;991;363.74;3553.56;1.01;0.3670;0.3348;12;6;0.5000;-1162.16;-175.89;1.3413;0.0147;7.75;11;0.0019
XAUUSDm;M15;1;2.00;0;2.0;3.0;4.0;0;0;1;10;1;0;10000;969;1691.15;3080.31;1.05;1.7453;0.2748;12;6;0.5000;-1740.17;153.56;0.2308;0.0107;7.84;13;0.0490
XAUUSDm;M15;1;2.00;0;2.0;3.0;4.0;1;0;1;10;1;0;10000;961;1342.81;3144.25;1.04;1.3973;0.2868;12;6;0.5000;-1580.96;106.86;0.2907;0.0108;7.64;13;0.0316
XAUUSDm;M15;1;2.00;0;2.0;3.0;5.0;0;0;1;10;1;0;10000;971;1795.25;2995.46;1.05;1.8489;0.2748;12;6;0.5000;-1564.37;92.47;0.2718;0.0133;8.55;13;0.0454
XAUUSDm;M15;1;2.00;0;2.0;3.0;5.0;1;0;1;10;1;0;10000;963;1137.04;3264.99;1.03;1.1807;0.2868;12;6;0.5000;-1487.70;85.28;0.4291;0.0136;8.34;13;0.0175
XAUUSDm;M15;1;2.00;0;2.5;3.0;4.0;0;0;1;10;1;0;10000;939;1542.46;3255.84;1.04;1.6427;0.2553;12;6;0.5000;-1907.32;50.79;0.2530;0.0104;7.84;16;0.0358
XAUUSDm;M15;1;2.00;0;2.5;3.0;4.0;1;0;1;10;1;0;10000;936;1390.58;3302.83;1.04;1.4857;0.2568;12;6;0.5000;-1805.77;-0.88;0.2807;0.0104;7.75;16;0.0289
XAUUSDm;M15;1;2.00;0;2.5;3.0;5.0;0;0;1;10;1;0;10000;941;1624.24;3170.99;1.04;1.7261;0.2553;12;6;0.5000;-1691.91;-10.28;0.3004;0.0130;8.55;16;0.0326
XAUUSDm;M15;1;2.00;0;2.5;3.0;5.0;1;0;1;10;1;0;10000;938;1283.93;3173.72;1.04;1.3688;0.2568;12;6;0.5000;-1590.36;-60.06;0.3800;0.0131;8.45;16;0.0205
XAUUSDm;M15;1;2.50;0;1.5;3.0;4.0;0;0;1;10;1;0;10000;962;1654.05;2837.56;1.05;1.7194;0.2823;12;6;0.5000;-1439.25;-128.66;0.2209;0.0120;9.28;18;0.0559
XAUUSDm;M15;1;2.50;0;1.5;3.0;4.0;1;0;1;10;1;0;10000;953;1078.65;3120.60;1.04;1.1318;0.3138;12;5;0.4167;-1533.58;-334.01;0.3388;0.0124;8.93;13;0.0167
XAUUSDm;M15;1;2.50;0;1.5;3.0;5.0;0;0;1;10;1;0;10000;964;2252.67;2729.22;1.07;2.3368;0.2823;12;6;0.5000;-1441.93;-37.77;0.1946;0.0141;9.97;18;0.0898
XAUUSDm;M15;1;2.50;0;1.5;3.0;5.0;1;0;1;10;1;0;10000;955;1707.78;3043.21;1.06;1.7883;0.3138;12;5;0.4167;-1536.26;-253.34;0.2568;0.0146;9.59;13;0.0357
XAUUSDm;M15;1;2.50;0;2.0;3.0;4.0;0;0;1;10;1;0;10000;923;1523.85;2938.78;1.05;1.6510;0.2673;12;6;0.5000;-1438.23;-70.58;0.2398;0.0116;9.28;16;0.0433
XAUUSDm;M15;1;2.50;0;2.0;3.0;4.0;1;0;1;10;1;0;10000;921;1379.99;2858.49;1.05;1.4984;0.2733;12;6;0.5000;-1357.94;-96.99;0.2648;0.0117;9.18;16;0.0374
XAUUSDm;M15;1;2.50;0;2.0;3.0;5.0;0;0;1;10;1;0;10000;925;2094.61;2830.44;1.07;2.2644;0.2673;12;6;0.5000;-1440.91;13.96;0.2093;0.0137;9.97;16;0.0709
XAUUSDm;M15;1;2.50;0;2.0;3.0;5.0;1;0;1;10;1;0;10000;923;2161.14;2750.15;1.07;2.3414;0.2733;12;6;0.5000;-1360.62;15.05;0.2029;0.0137;9.85;16;0.0794
XAUUSDm;M15;1;2.50;0;2.5;3.0;4.0;0;0;1;10;1;0;10000;895;1873.59;2892.75;1.06;2.0934;0.2538;12;6;0.5000;-1431.79;-111.95;0.1982;0.0115;9.28;19;0.0622
XAUUSDm;M15;1;2.50;0;2.5;3.0;4.0;1;0;1;10;1;0;10000;895;1943.58;2884.94;1.06;2.1716;0.2553;12;6;0.5000;-1423.98;-125.97;0.1910;0.0115;9.24;19;0.0675
XAUUSDm;M15;1;2.50;0;2.5;3.0;5.0;0;0;1;10;1;0;10000;897;2462.05;2784.41;1.08;2.7448;0.2538;12;6;0.5000;-1434.47;14.41;0.1842;0.0138;9.97;19;0.0914
XAUUSDm;M15;1;2.50;0;2.5;3.0;5.0;1;0;1;10;1;0;10000;897;2720.95;2776.60;1.09;3.0334;0.2553;12;6;0.5000;-1426.66;14.64;0.1667;0.0137;9.92;19;0.1126
XAUUSDm;M15;1;3.00;0;1.5;3.0;4.0;0;0;1;10;1;0;10000;915;2320.52;2725.58;1.09;2.5361;0.2793;12;7;0.5833;-1508.96;151.33;0.1661;0.0143;10.21;15;0.1461
XAUUSDm;M15;1;3.00;0;1.5;3.0;4.0;1;0;1;10;1;0;10000;910;1665.89;2787.36;1.07;1.8306;0.2913;12;6;0.5000;-1433.20;-11.97;0.2314;0.0147;10.05;15;0.0564
XAUUSDm;M15;1;3.00;0;1.5;3.0;5.0;0;0;1;10;1;0;10000;915;2995.49;2600.47;1.12;3.2738;0.2793;12;6;0.5000;-1424.93;128.95;0.1450;0.0157;10.92;15;0.1609
XAUUSDm;M15;1;3.00;0;1.5;3.0;5.0;1;0;1;10;1;0;10000;910;2371.72;2673.58;1.10;2.6063;0.2913;12;6;0.5000;-1349.17;-40.49;0.1831;0.0161;10.73;15;0.1059
XAUUSDm;M15;1;3.00;0;2.0;3.0;4.0;0;0;1;10;1;0;10000;878;2558.01;2775.34;1.10;2.9135;0.2628;12;7;0.5833;-1492.77;208.92;0.1507;0.0137;10.21;16;0.1640
XAUUSDm;M15;1;3.00;0;2.0;3.0;4.0;1;0;1;10;1;0;10000;877;2372.32;2762.76;1.09;2.7050;0.2643;12;7;0.5833;-1480.19;195.37;0.1625;0.0138;10.17;16;0.1425
XAUUSDm;M15;1;3.00;0;2.0;3.0;5.0;0;0;1;10;1;0;10000;878;3206.99;2691.81;1.12;3.6526;0.2628;12;6;0.5000;-1408.74;104.96;0.1354;0.0151;10.92;16;0.1565
XAUUSDm;M15;1;3.00;0;2.0;3.0;5.0;1;0;1;10;1;0;10000;877;3178.08;2705.56;1.12;3.6238;0.2643;12;6;0.5000;-1396.16;97.87;0.1366;0.0152;10.85;16;0.1552
XAUUSDm;M15;1;3.00;0;2.5;3.0;4.0;0;0;1;10;1;0;10000;847;2520.80;2763.91;1.10;2.9762;0.2477;12;7;0.5833;-1476.39;246.98;0.1529;0.0137;10.21;19;0.1508
XAUUSDm;M15;1;3.00;0;2.5;3.0;4.0;1;0;1;10;1;0;10000;846;2318.38;2752.51;1.09;2.7404;0.2492;12;7;0.5833;-1464.99;251.39;0.1663;0.0138;10.18;19;0.1289
XAUUSDm;M15;1;3.00;0;2.5;3.0;5.0;0;0;1;10;1;0;10000;847;3169.78;2677.08;1.12;3.7424;0.2477;12;7;0.5833;-1392.36;183.63;0.1370;0.0150;10.92;19;0.1996
XAUUSDm;M15;1;3.00;0;2.5;3.0;5.0;1;0;1;10;1;0;10000;846;3124.14;2692.01;1.12;3.6928;0.2492;12;7;0.5833;-1380.96;168.36;0.1390;0.0151;10.87;19;0.1969
XAUUSDm;M15;1;3.50;0;1.5;3.0;4.0;0;0;1;10;1;0;10000;870;1955.86;2377.63;1.09;2.2481;0.2733;12;6;0.5000;-1254.54;-49.53;0.1846;0.0154;10.83;16;0.0913
XAUUSDm;M15;1;3.50;0;1.5;3.0;4.0;1;0;1;10;1;0;10000;867;1614.49;2339.66;1.07;1.8622;0.2778;12;6;0.5000;-1239.10;-22.74;0.2237;0.0156;10.69;16;0.0643
XAUUSDm;M15;1;3.50;0;1.5;3.0;5.0;0;0;1;10;1;0;10000;870;2428.29;2496.08;1.11;2.7911;0.2733;12;6;0.5000;-1187.78;67.83;0.1861;0.0188;11.43;16;0.1071
XAUUSDm;M15;1;3.50;0;1.5;3.0;5.0;1;0;1;10;1;0;10000;867;2057.78;2458.11;1.10;2.3734;0.2778;12;6;0.5000;-1172.34;59.87;0.2196;0.0192;11.27;16;0.0794
XAUUSDm;M15;1;3.50;0;2.0;3.0;4.0;0;0;1;10;1;0;10000;835;2046.70;2417.89;1.09;2.4511;0.2538;12;6;0.5000;-1214.98;-39.48;0.1764;0.0151;10.83;19;0.0913
XAUUSDm;M15;1;3.50;0;2.0;3.0;4.0;1;0;1;10;1;0;10000;834;1932.44;2442.92;1.09;2.3171;0.2538;12;6;0.5000;-1200.52;-57.92;0.1869;0.0151;10.77;19;0.0806
XAUUSDm;M15;1;3.50;0;2.0;3.0;5.0;0;0;1;10;1;0;10000;835;2519.13;2536.34;1.11;3.0169;0.2538;12;7;0.5833;-1148.22;98.74;0.1794;0.0185;11.43;19;0.1434
XAUUSDm;M15;1;3.50;0;2.0;3.0;5.0;1;0;1;10;1;0;10000;834;2404.87;2561.37;1.11;2.8835;0.2538;12;6;0.5000;-1133.76;80.31;0.1879;0.0186;11.37;19;0.0951
XAUUSDm;M15;1;3.50;0;2.5;3.0;4.0;0;0;1;10;1;0;10000;808;1814.48;2579.68;1.08;2.2456;0.2447;12;6;0.5000;-1431.70;-58.99;0.1990;0.0151;10.83;19;0.0649
XAUUSDm;M15;1;3.50;0;2.5;3.0;4.0;1;0;1;10;1;0;10000;807;1661.35;2619.17;1.08;2.0587;0.2447;12;6;0.5000;-1431.70;-69.92;0.2174;0.0152;10.80;19;0.0536
XAUUSDm;M15;1;3.50;0;2.5;3.0;5.0;0;0;1;10;1;0;10000;808;2286.91;2698.13;1.10;2.8303;0.2447;12;6;0.5000;-1364.94;79.23;0.1976;0.0185;11.43;19;0.0787
XAUUSDm;M15;1;3.50;0;2.5;3.0;5.0;1;0;1;10;1;0;10000;807;2133.78;2737.62;1.10;2.6441;0.2447;12;6;0.5000;-1364.94;68.31;0.2118;0.0186;11.40;19;0.0675
XAUUSDm;M15;1;4.00;0;1.5;3.0;4.0;0;0;1;10;1;0;10000;837;2757.43;1971.51;1.15;3.2944;0.2643;12;8;0.6667;-945.45;136.91;0.1198;0.0153;11.20;16;0.3285
XAUUSDm;M15;1;4.00;0;1.5;3.0;4.0;1;0;1;10;1;0;10000;836;2663.67;1984.82;1.14;3.1862;0.2658;12;8;0.6667;-932.43;107.29;0.1240;0.0154;11.13;16;0.3170
XAUUSDm;M15;1;4.00;0;1.5;3.0;5.0;0;0;1;10;1;0;10000;837;3400.31;2046.94;1.18;4.0625;0.2643;12;8;0.6667;-914.22;308.60;0.1105;0.0170;12.00;16;0.3902
XAUUSDm;M15;1;4.00;0;1.5;3.0;5.0;1;0;1;10;1;0;10000;836;3306.55;2060.25;1.18;3.9552;0.2658;12;8;0.6667;-901.20;299.66;0.1136;0.0170;11.93;16;0.3791
XAUUSDm;M15;1;4.00;0;2.0;3.0;4.0;0;0;1;10;1;0;10000;798;2426.19;2107.51;1.13;3.0403;0.2477;12;8;0.6667;-1091.30;137.61;0.1370;0.0155;11.20;19;0.2535
XAUUSDm;M15;1;4.00;0;2.0;3.0;4.0;1;0;1;10;1;0;10000;797;2285.72;2133.84;1.12;2.8679;0.2477;12;8;0.6667;-1091.30;124.47;0.1454;0.0156;11.16;19;0.2359
XAUUSDm;M15;1;4.00;0;2.0;3.0;5.0;0;0;1;10;1;0;10000;798;3069.07;2182.94;1.16;3.8460;0.2477;12;8;0.6667;-1060.07;333.45;0.1224;0.0170;12.00;19;0.3096
XAUUSDm;M15;1;4.00;0;2.0;3.0;5.0;1;0;1;10;1;0;10000;797;2928.60;2209.27;1.15;3.6745;0.2477;12;8;0.6667;-1060.07;313.19;0.1283;0.0171;11.96;19;0.2919
XAUUSDm;M15;1;4.00;0;2.5;3.0;4.0;0;0;1;10;1;0;10000;775;2342.73;2106.41;1.12;3.0229;0.2432;12;8;0.6667;-1144.94;86.97;0.1457;0.0159;11.20;19;0.2405
XAUUSDm;M15;1;4.00;0;2.5;3.0;4.0;1;0;1;10;1;0;10000;775;2296.99;2132.74;1.12;2.9639;0.2432;12;8;0.6667;-1144.94;64.87;0.1486;0.0160;11.18;19;0.2329
XAUUSDm;M15;1;4.00;0;2.5;3.0;5.0;0;0;1;10;1;0;10000;775;2985.61;2181.84;1.16;3.8524;0.2432;12;8;0.6667;-1113.71;267.47;0.1262;0.0171;12.00;19;0.2959
XAUUSDm;M15;1;4.00;0;2.5;3.0;5.0;1;0;1;10;1;0;10000;775;2939.87;2208.17;1.15;3.7934;0.2432;12;8;0.6667;-1113.71;254.31;0.1281;0.0171;11.98;19;0.2879
XAUUSDm;M15;1;4.50;0;1.5;3.0;4.0;0;0;1;10;1;0;10000;806;3083.75;1672.33;1.18;3.8260;0.2553;12;8;0.6667;-706.78;223.17;0.1205;0.0189;11.63;19;0.4184
XAUUSDm;M15;1;4.50;0;1.5;3.0;4.0;1;0;1;10;1;0;10000;806;3101.29;1686.50;1.19;3.8478;0.2568;12;7;0.5833;-694.62;205.09;0.1198;0.0189;11.57;19;0.3213
XAUUSDm;M15;1;4.50;0;1.5;3.0;5.0;0;0;1;10;1;0;10000;806;3321.08;1616.85;1.20;4.1204;0.2553;12;8;0.6667;-701.21;266.14;0.1274;0.0213;12.17;19;0.4660
XAUUSDm;M15;1;4.50;0;1.5;3.0;5.0;1;0;1;10;1;0;10000;806;3338.62;1631.02;1.20;4.1422;0.2568;12;8;0.6667;-689.05;248.06;0.1267;0.0213;12.10;19;0.4672
XAUUSDm;M15;1;4.50;0;2.0;3.0;4.0;0;0;1;10;1;0;10000;771;2770.58;1770.09;1.17;3.5935;0.2447;12;7;0.5833;-854.07;171.96;0.1341;0.0190;11.63;19;0.2607
XAUUSDm;M15;1;4.50;0;2.0;3.0;4.0;1;0;1;10;1;0;10000;771;2718.84;1796.42;1.16;3.5264;0.2447;12;7;0.5833;-854.07;170.55;0.1366;0.0191;11.61;19;0.2521
XAUUSDm;M15;1;4.50;0;2.0;3.0;5.0;0;0;1;10;1;0;10000;771;3007.91;1714.61;1.18;3.9013;0.2447;12;8;0.6667;-848.50;214.92;0.1407;0.0214;12.17;19;0.3816
XAUUSDm;M15;1;4.50;0;2.0;3.0;5.0;1;0;1;10;1;0;10000;771;2956.17;1740.94;1.18;3.8342;0.2447;12;8;0.6667;-848.50;213.52;0.1431;0.0215;12.15;19;0.3694
XAUUSDm;M15;1;4.50;0;2.5;3.0;4.0;0;0;1;10;1;0;10000;759;3038.90;1707.64;1.18;4.0038;0.2432;12;7;0.5833;-847.36;228.92;0.1222;0.0187;11.63;19;0.2946
XAUUSDm;M15;1;4.50;0;2.5;3.0;4.0;1;0;1;10;1;0;10000;759;2987.41;1733.97;1.18;3.9360;0.2432;12;7;0.5833;-847.36;227.51;0.1243;0.0188;11.61;19;0.2852
XAUUSDm;M15;1;4.50;0;2.5;3.0;5.0;0;0;1;10;1;0;10000;759;3276.23;1652.16;1.20;4.3165;0.2432;12;8;0.6667;-841.79;271.89;0.1292;0.0211;12.17;19;0.4288
XAUUSDm;M15;1;4.50;0;2.5;3.0;5.0;1;0;1;10;1;0;10000;759;3224.74;1678.49;1.19;4.2487;0.2432;12;8;0.6667;-841.79;270.48;0.1312;0.0212;12.15;19;0.4154
XAUUSDm;M15;1;5.00;0;1.5;3.0;4.0;0;0;1;10;1;0;10000;783;2401.68;1680.14;1.16;3.0673;0.2492;12;7;0.5833;-746.71;271.21;0.1564;0.0216;12.00;19;0.2326
XAUUSDm;M15;1;5.00;0;1.5;3.0;4.0;1;0;1;10;1;0;10000;783;2403.40;1699.96;1.16;3.0695;0.2508;12;7;0.5833;-740.20;266.53;0.1563;0.0217;11.95;19;0.2316
XAUUSDm;M15;1;5.00;0;1.5;3.0;5.0;0;0;1;10;1;0;10000;783;2376.61;1606.16;1.16;3.0353;0.2492;12;7;0.5833;-714.31;272.36;0.1809;0.0248;12.38;19;0.2082
XAUUSDm;M15;1;5.00;0;1.5;3.0;5.0;1;0;1;10;1;0;10000;783;2378.33;1625.98;1.16;3.0375;0.2508;12;7;0.5833;-707.80;267.69;0.1807;0.0249;12.33;19;0.2072
XAUUSDm;M15;1;5.00;0;2.0;3.0;4.0;0;0;1;10;1;0;10000;755;2242.68;1704.16;1.15;2.9704;0.2432;12;7;0.5833;-833.42;228.16;0.1675;0.0217;12.00;19;0.1951
XAUUSDm;M15;1;5.00;0;2.0;3.0;4.0;1;0;1;10;1;0;10000;755;2191.71;1730.49;1.15;2.9029;0.2432;12;7;0.5833;-833.42;227.01;0.1714;0.0218;11.98;19;0.1835
XAUUSDm;M15;1;5.00;0;2.0;3.0;5.0;0;0;1;10;1;0;10000;755;2217.61;1630.18;1.15;2.9372;0.2432;12;7;0.5833;-801.02;239.98;0.1938;0.0249;12.38;19;0.1743
XAUUSDm;M15;1;5.00;0;2.0;3.0;5.0;1;0;1;10;1;0;10000;755;2166.64;1656.51;1.14;2.8697;0.2432;12;7;0.5833;-801.02;238.83;0.1984;0.0250;12.36;19;0.1637
XAUUSDm;M15;1;5.00;0;2.5;3.0;4.0;0;0;1;10;1;0;10000;742;2395.00;1641.96;1.16;3.2278;0.2432;12;7;0.5833;-822.43;228.87;0.1568;0.0215;12.00;19;0.2309
XAUUSDm;M15;1;5.00;0;2.5;3.0;4.0;1;0;1;10;1;0;10000;742;2346.33;1668.29;1.16;3.1622;0.2432;12;7;0.5833;-822.43;228.87;0.1601;0.0216;11.99;19;0.2182
XAUUSDm;M15;1;5.00;0;2.5;3.0;5.0;0;0;1;10;1;0;10000;742;2369.93;1567.98;1.16;3.1940;0.2432;12;7;0.5833;-790.03;240.70;0.1814;0.0247;12.38;19;0.2069
XAUUSDm;M15;1;5.00;0;2.5;3.0;5.0;1;0;1;10;1;0;10000;742;2321.26;1594.31;1.15;3.1284;0.2432;12;7;0.5833;-790.03;240.70;0.1852;0.0247;12.36;19;0.1952
XAUUSDm;M15;1;5.50;0;1.5;3.0;4.0;0;0;1;10;1;0;10000;764;2509.47;1524.60;1.19;3.2846;0.2470;12;7;0.5833;-632.01;225.18;0.1507;0.0238;12.09;19;0.2754
XAUUSDm;M15;1;5.50;0;1.5;3.0;4.0;1;0;1;10;1;0;10000;764;2451.73;1550.93;1.18;3.2091;0.2470;12;7;0.5833;-632.01;218.50;0.1543;0.0239;12.06;19;0.2584
XAUUSDm;M15;1;5.50;0;1.5;3.0;5.0;0;0;1;10;1;0;10000;764;2880.72;1446.61;1.22;3.7706;0.2470;12;7;0.5833;-584.50;213.77;0.1641;0.0291;12.51;19;0.3059
XAUUSDm;M15;1;5.50;0;1.5;3.0;5.0;1;0;1;10;1;0;10000;764;2822.98;1472.94;1.21;3.6950;0.2470;12;7;0.5833;-584.50;212.74;0.1675;0.0292;12.48;19;0.2885
XAUUSDm;M15;1;5.50;0;2.0;3.0;4.0;0;0;1;10;1;0;10000;742;2571.27;1501.02;1.19;3.4653;0.2440;12;7;0.5833;-660.47;215.44;0.1471;0.0237;12.09;19;0.2844
XAUUSDm;M15;1;5.50;0;2.0;3.0;4.0;1;0;1;10;1;0;10000;742;2525.02;1527.35;1.19;3.4030;0.2440;12;7;0.5833;-660.47;214.42;0.1498;0.0237;12.07;19;0.2745
XAUUSDm;M15;1;5.50;0;2.0;3.0;5.0;0;0;1;10;1;0;10000;742;2942.52;1423.03;1.22;3.9657;0.2440;12;7;0.5833;-612.96;224.68;0.1607;0.0289;12.51;19;0.3205
XAUUSDm;M15;1;5.50;0;2.0;3.0;5.0;1;0;1;10;1;0;10000;742;2896.27;1449.36;1.22;3.9033;0.2440;12;7;0.5833;-612.96;223.66;0.1632;0.0290;12.49;19;0.3049
XAUUSDm;M15;1;5.50;0;2.5;3.0;4.0;0;0;1;10;1;0;10000;729;2644.03;1425.42;1.20;3.6269;0.2440;12;7;0.5833;-639.01;196.49;0.1430;0.0236;12.09;19;0.3080
XAUUSDm;M15;1;5.50;0;2.5;3.0;4.0;1;0;1;10;1;0;10000;729;2617.70;1451.75;1.20;3.5908;0.2440;12;7;0.5833;-639.01;196.49;0.1445;0.0236;12.08;19;0.2994
XAUUSDm;M15;1;5.50;0;2.5;3.0;5.0;0;0;1;10;1;0;10000;729;3015.28;1347.43;1.22;4.1362;0.2440;12;7;0.5833;-591.50;205.73;0.1568;0.0288;12.51;19;0.3555
XAUUSDm;M15;1;5.50;0;2.5;3.0;5.0;1;0;1;10;1;0;10000;729;2988.95;1373.76;1.22;4.1001;0.2440;12;7;0.5833;-591.50;205.73;0.1582;0.0288;12.50;19;0.3426
XAUUSDm;M15;1;6.00;0;1.5;3.0;4.0;0;0;1;10;1;0;10000;745;1784.74;1460.06;1.14;2.3956;0.2459;12;8;0.6667;-672.53;170.45;0.1788;0.0226;12.22;19;0.2242
XAUUSDm;M15;1;6.00;0;1.5;3.0;4.0;1;0;1;10;1;0;10000;745;1738.33;1486.39;1.14;2.3333;0.2459;12;7;0.5833;-672.53;161.33;0.1835;0.0227;12.19;19;0.1599
XAUUSDm;M15;1;6.00;0;1.5;3.0;5.0;0;0;1;10;1;0;10000;745;1772.34;1543.21;1.14;2.3790;0.2459;12;7;0.5833;-525.43;82.37;0.2074;0.0261;12.76;19;0.1390
XAUUSDm;M15;1;6.00;0;1.5;3.0;5.0;1;0;1;10;1;0;10000;745;1714.97;1580.50;1.14;2.3020;0.2459;12;6;0.5000;-525.43;64.68;0.2144;0.0262;12.70;19;0.0933
XAUUSDm;M15;1;6.00;0;2.0;3.0;4.0;0;0;1;10;1;0;10000;727;1894.11;1392.94;1.15;2.6054;0.2443;12;8;0.6667;-660.07;183.48;0.1738;0.0232;12.22;19;0.2549
XAUUSDm;M15;1;6.00;0;2.0;3.0;4.0;1;0;1;10;1;0;10000;727;1847.86;1419.27;1.15;2.5418;0.2443;12;8;0.6667;-660.07;170.31;0.1781;0.0232;12.20;19;0.2381
XAUUSDm;M15;1;6.00;0;2.0;3.0;5.0;0;0;1;10;1;0;10000;727;1881.71;1476.09;1.15;2.5883;0.2443;12;7;0.5833;-494.85;80.13;0.1959;0.0260;12.76;19;0.1623
XAUUSDm;M15;1;6.00;0;2.0;3.0;5.0;1;0;1;10;1;0;10000;727;1824.50;1513.38;1.15;2.5096;0.2443;12;7;0.5833;-494.85;58.03;0.2021;0.0261;12.71;19;0.1488
XAUUSDm;M15;1;6.00;0;2.5;3.0;4.0;0;0;1;10;1;0;10000;719;2037.32;1370.09;1.17;2.8335;0.2443;12;7;0.5833;-635.56;142.34;0.1662;0.0236;12.22;19;0.2232
XAUUSDm;M15;1;6.00;0;2.5;3.0;4.0;1;0;1;10;1;0;10000;719;2037.32;1370.09;1.17;2.8335;0.2443;12;7;0.5833;-635.56;142.34;0.1662;0.0236;12.22;19;0.2232
XAUUSDm;M15;1;6.00;0;2.5;3.0;5.0;0;0;1;10;1;0;10000;719;2024.92;1453.24;1.16;2.8163;0.2443;12;7;0.5833;-451.44;60.83;0.1892;0.0267;12.76;19;0.1837
XAUUSDm;M15;1;6.00;0;2.5;3.0;5.0;1;0;1;10;1;0;10000;719;2013.96;1464.20;1.16;2.8011;0.2443;12;7;0.5833;-451.44;60.83;0.1903;0.0267;12.73;19;0.1803
