XAUUSDm;M15;20;2.0;3.00;1;0.60;1.00;1;0;200;0;40;60;0;0;0;0;10000;336;1989.72;769.90;1.22;5.9218;0.6429;13;10;0.7692;-352.61;62.81;0.0302;0.0053;0.11;6;1.5292
XAUUSDm;M15;20;2.0;3.00;1;0.60;1.00;2;0;200;0;40;60;0;0;0;0;10000;333;1714.90;1017.15;1.17;5.1498;0.6517;13;8;0.6154;-529.86;94.49;0.0350;0.0050;0.13;6;0.6385
XAUUSDm;M15;20;2.0;3.00;1;0.60;1.00;3;0;200;0;40;60;0;0;0;0;10000;333;1576.21;1104.14;1.15;4.7334;0.6547;13;8;0.6154;-616.85;182.52;0.0381;0.0050;0.29;6;0.5406
XAUUSDm;M15;20;2.0;3.00;1;0.60;1.00;4;0;200;0;40;60;0;0;0;0;10000;333;1551.08;1104.14;1.14;4.6579;0.6547;13;8;0.6154;-616.85;217.21;0.0387;0.0049;0.30;6;0.5320
XAUUSDm;M15;20;2.0;3.00;1;0.60;1.25;1;0;200;0;40;60;0;0;0;0;10000;336;2195.39;707.62;1.31;6.5339;0.6726;13;10;0.7692;-403.87;282.81;0.0219;0.0051;0.12;6;1.8358
XAUUSDm;M15;20;2.0;3.00;1;0.60;1.25;2;0;200;0;40;60;0;0;0;0;10000;330;1571.59;914.82;1.19;4.7624;0.6909;13;9;0.6923;-583.17;139.12;0.0305;0.0049;0.16;5;0.8234
XAUUSDm;M15;20;2.0;3.00;1;0.60;1.25;3;0;200;0;40;60;0;0;0;0;10000;330;1338.38;996.79;1.15;4.0557;0.6939;13;9;0.6923;-698.70;194.59;0.0359;0.0047;0.32;5;0.6435
XAUUSDm;M15;20;2.0;3.00;1;0.60;1.25;4;0;200;0;40;60;0;0;0;0;10000;330;1526.82;996.79;1.17;4.6267;0.7030;13;9;0.6923;-698.70;195.36;0.0314;0.0046;0.33;5;0.7341
XAUUSDm;M15;20;2.0;3.00;1;0.60;1.50;1;0;200;0;40;60;0;0;0;0;10000;336;2093.90;614.79;1.36;6.2318;0.6905;13;9;0.6923;-108.44;246.54;0.0191;0.0051;0.13;4;1.6324
XAUUSDm;M15;20;2.0;3.00;1;0.60;1.50;2;0;200;0;40;60;0;0;0;0;10000;326;1331.03;824.67;1.19;4.0829;0.7178;13;9;0.6923;-345.56;123.03;0.0300;0.0048;0.17;3;0.7736
XAUUSDm;M15;20;2.0;3.00;1;0.60;1.50;3;0;200;0;40;60;0;0;0;0;10000;326;1063.63;938.60;1.14;3.2627;0.7209;13;9;0.6923;-399.34;136.77;0.0376;0.0047;0.34;5;0.5431
XAUUSDm;M15;20;2.0;3.00;1;0.60;1.50;4;0;200;0;40;60;0;0;0;0;10000;326;1157.80;973.40;1.15;3.5515;0.7331;13;9;0.6923;-462.89;180.70;0.0345;0.0046;0.35;5;0.5701
XAUUSDm;M15;20;2.0;3.00;1;0.60;1.75;1;0;200;0;40;60;0;0;0;0;10000;335;1495.95;507.71;1.29;4.4655;0.6925;13;9;0.6923;-136.37;215.56;0.0229;0.0052;0.13;4;1.4122
XAUUSDm;M15;20;2.0;3.00;1;0.60;1.75;2;0;200;0;40;60;0;0;0;0;10000;322;1163.82;619.54;1.20;3.6143;0.7329;13;10;0.7692;-227.22;109.11;0.0294;0.0049;0.18;3;1.1116
XAUUSDm;M15;20;2.0;3.00;1;0.60;1.75;3;0;200;0;40;60;0;0;0;0;10000;322;974.10;727.73;1.16;3.0252;0.7360;13;9;0.6923;-337.58;133.91;0.0352;0.0047;0.36;3;0.6416
XAUUSDm;M15;20;2.0;3.00;1;0.60;1.75;4;0;200;0;40;60;0;0;0;0;10000;322;1107.26;737.80;1.17;3.4387;0.7516;13;10;0.7692;-347.65;169.26;0.0309;0.0046;0.38;3;0.8880
XAUUSDm;M15;20;2.0;3.00;1;0.60;2.00;1;0;200;0;40;60;0;0;0;0;10000;333;1312.17;519.57;1.30;3.9405;0.6937;13;9;0.6923;-168.37;170.19;0.0229;0.0053;0.14;4;1.2104
XAUUSDm;M15;20;2.0;3.00;1;0.60;2.00;2;0;200;0;40;60;0;0;0;0;10000;315;763.80;677.37;1.15;2.4248;0.7365;13;9;0.6923;-291.50;132.06;0.0393;0.0050;0.19;3;0.5404
XAUUSDm;M15;20;2.0;3.00;1;0.60;2.00;3;0;200;0;40;60;0;0;0;0;10000;315;643.57;854.20;1.12;2.0431;0.7429;13;10;0.7692;-425.14;125.00;0.0466;0.0049;0.38;3;0.4458
XAUUSDm;M15;20;2.0;3.00;1;0.60;2.00;4;0;200;0;40;60;0;0;0;0;10000;315;718.53;864.27;1.13;2.2810;0.7619;13;9;0.6923;-435.21;149.23;0.0418;0.0047;0.40;3;0.3985
XAUUSDm;M15;20;2.0;3.00;1;0.60;2.25;1;0;200;0;40;60;0;0;0;0;10000;333;1221.78;440.49;1.33;3.6690;0.6967;13;9;0.6923;-167.81;155.59;0.0218;0.0054;0.14;4;1.3294
XAUUSDm;M15;20;2.0;3.00;1;0.60;2.25;2;0;200;0;40;60;0;0;0;0;10000;310;708.12;628.01;1.16;2.2843;0.7419;13;9;0.6923;-355.11;101.52;0.0376;0.0052;0.20;3;0.5404
XAUUSDm;M15;20;2.0;3.00;1;0.60;2.25;3;0;200;0;40;60;0;0;0;0;10000;310;675.76;769.20;1.15;2.1799;0.7516;13;9;0.6923;-431.61;111.70;0.0395;0.0050;0.40;3;0.4211
XAUUSDm;M15;20;2.0;3.00;1;0.60;2.25;4;0;200;0;40;60;0;0;0;0;10000;310;775.32;757.47;1.16;2.5010;0.7710;13;9;0.6923;-419.88;156.27;0.0344;0.0048;0.42;3;0.4906
XAUUSDm;M15;20;2.0;3.00;1;0.60;2.50;1;0;200;0;40;60;0;0;0;0;10000;333;982.82;496.31;1.28;2.9514;0.6967;13;9;0.6923;-201.29;132.09;0.0244;0.0054;0.14;4;0.9491
XAUUSDm;M15;20;2.0;3.00;1;0.60;2.50;2;0;200;0;40;60;0;0;0;0;10000;307;637.95;626.08;1.16;2.0780;0.7459;13;9;0.6923;-307.46;105.55;0.0376;0.0052;0.21;3;0.4884
XAUUSDm;M15;20;2.0;3.00;1;0.60;2.50;3;0;200;0;40;60;0;0;0;0;10000;307;615.64;771.36;1.15;2.0053;0.7557;13;9;0.6923;-376.01;110.89;0.0390;0.0050;0.41;3;0.3825
XAUUSDm;M15;20;2.0;3.00;1;0.60;2.50;4;0;200;0;40;60;0;0;0;0;10000;307;743.15;743.88;1.18;2.4207;0.7752;13;9;0.6923;-348.53;136.21;0.0323;0.0048;0.44;3;0.4788
XAUUSDm;M15;20;2.0;3.00;1;0.80;1.00;1;0;200;0;40;60;0;0;0;0;10000;336;3078.50;818.95;1.31;9.1622;0.6012;13;10;0.7692;-410.66;109.28;0.0260;0.0061;0.14;7;2.2243
XAUUSDm;M15;20;2.0;3.00;1;0.80;1.00;2;0;200;0;40;60;0;0;0;0;10000;333;2611.49;1060.61;1.23;7.8423;0.5976;13;9;0.6923;-579.05;146.08;0.0306;0.0057;0.18;7;1.1801
XAUUSDm;M15;20;2.0;3.00;1;0.80;1.00;3;0;200;0;40;60;0;0;0;0;10000;333;2597.74;1040.74;1.22;7.8010;0.6036;13;9;0.6923;-679.34;157.84;0.0308;0.0055;0.36;7;1.1963
XAUUSDm;M15;20;2.0;3.00;1;0.80;1.00;4;0;200;0;40;60;0;0;0;0;10000;333;2743.99;1036.21;1.23;8.2402;0.6036;13;9;0.6923;-727.63;168.64;0.0292;0.0054;0.36;7;1.2692
XAUUSDm;M15;20;2.0;3.00;1;0.80;1.25;1;0;200;0;40;60;0;0;0;0;10000;336;3116.03;679.23;1.40;9.2739;0.6310;13;11;0.8462;-422.23;343.51;0.0205;0.0058;0.15;6;3.2846
XAUUSDm;M15;20;2.0;3.00;1;0.80;1.25;2;0;200;0;40;60;0;0;0;0;10000;330;2019.11;854.85;1.21;6.1185;0.6333;13;9;0.6923;-642.57;192.95;0.0317;0.0055;0.21;6;1.1321
XAUUSDm;M15;20;2.0;3.00;1;0.80;1.25;3;0;200;0;40;60;0;0;0;0;10000;330;1866.46;874.19;1.18;5.6559;0.6364;13;9;0.6923;-710.53;247.96;0.0343;0.0053;0.39;6;1.0233
XAUUSDm;M15;20;2.0;3.00;1;0.80;1.25;4;0;200;0;40;60;0;0;0;0;10000;330;2177.51;914.19;1.21;6.5985;0.6424;13;9;0.6923;-750.53;223.30;0.0294;0.0051;0.41;6;1.1416
XAUUSDm;M15;20;2.0;3.00;1;0.80;1.50;1;0;200;0;40;60;0;0;0;0;10000;336;2828.39;581.51;1.44;8.4178;0.6458;13;9;0.6923;-170.21;286.09;0.0188;0.0058;0.16;4;2.3312
XAUUSDm;M15;20;2.0;3.00;1;0.80;1.50;2;0;200;0;40;60;0;0;0;0;10000;325;1782.81;702.27;1.22;5.4856;0.6615;13;7;0.5385;-290.34;156.95;0.0299;0.0054;0.22;6;0.7361
XAUUSDm;M15;20;2.0;3.00;1;0.80;1.50;3;0;200;0;40;60;0;0;0;0;10000;325;1520.32;817.94;1.18;4.6779;0.6646;13;9;0.6923;-364.23;134.79;0.0350;0.0052;0.42;5;0.8909
XAUUSDm;M15;20;2.0;3.00;1;0.80;1.50;4;0;200;0;40;60;0;0;0;0;10000;325;1639.65;851.00;1.18;5.0451;0.6738;13;9;0.6923;-418.79;134.79;0.0325;0.0050;0.44;5;0.9235
XAUUSDm;M15;20;2.0;3.00;1;0.80;1.75;1;0;200;0;40;60;0;0;0;0;10000;335;2050.75;453.27;1.36;6.1216;0.6478;13;10;0.7692;-178.24;194.37;0.0223;0.0059;0.17;4;2.6771
XAUUSDm;M15;20;2.0;3.00;1;0.80;1.75;2;0;200;0;40;60;0;0;0;0;10000;321;1514.77;524.03;1.22;4.7189;0.6791;13;9;0.6923;-332.25;91.31;0.0301;0.0055;0.24;5;1.3854
XAUUSDm;M15;20;2.0;3.00;1;0.80;1.75;3;0;200;0;40;60;0;0;0;0;10000;320;1378.66;589.41;1.19;4.3083;0.6813;13;8;0.6154;-422.18;116.42;0.0331;0.0053;0.44;5;0.8858
XAUUSDm;M15;20;2.0;3.00;1;0.80;1.75;4;0;200;0;40;60;0;0;0;0;10000;320;1444.82;560.53;1.19;4.5151;0.6937;13;8;0.6154;-377.04;100.72;0.0316;0.0051;0.47;5;0.9761
XAUUSDm;M15;20;2.0;3.00;1;0.80;2.00;1;0;200;0;40;60;0;0;0;0;10000;333;1722.42;552.03;1.35;5.1724;0.6486;13;10;0.7692;-189.92;143.76;0.0232;0.0060;0.17;4;1.8462
XAUUSDm;M15;20;2.0;3.00;1;0.80;2.00;2;0;200;0;40;60;0;0;0;0;10000;314;882.09;660.80;1.14;2.8092;0.6783;13;8;0.6154;-300.46;55.63;0.0453;0.0057;0.25;5;0.5055
XAUUSDm;M15;20;2.0;3.00;1;0.80;2.00;3;0;200;0;40;60;0;0;0;0;10000;312;811.05;774.43;1.13;2.5995;0.6859;13;8;0.6154;-342.42;75.71;0.0493;0.0055;0.46;5;0.3966
XAUUSDm;M15;20;2.0;3.00;1;0.80;2.00;4;0;200;0;40;60;0;0;0;0;10000;312;803.11;826.05;1.12;2.5741;0.7019;13;7;0.5385;-350.91;51.56;0.0498;0.0052;0.49;5;0.2819
XAUUSDm;M15;20;2.0;3.00;1;0.80;2.25;1;0;200;0;40;60;0;0;0;0;10000;333;1609.73;486.39;1.38;4.8340;0.6517;13;10;0.7692;-181.07;141.88;0.0221;0.0061;0.18;4;1.9583
XAUUSDm;M15;20;2.0;3.00;1;0.80;2.25;2;0;200;0;40;60;0;0;0;0;10000;309;814.30;570.08;1.15;2.6353;0.6828;13;8;0.6154;-324.33;108.77;0.0437;0.0058;0.26;5;0.5409
XAUUSDm;M15;20;2.0;3.00;1;0.80;2.25;3;0;200;0;40;60;0;0;0;0;10000;307;923.73;667.76;1.17;3.0089;0.6971;13;8;0.6154;-363.49;78.25;0.0385;0.0056;0.47;5;0.5239
XAUUSDm;M15;20;2.0;3.00;1;0.80;2.25;4;0;200;0;40;60;0;0;0;0;10000;307;994.55;655.03;1.17;3.2396;0.7134;13;8;0.6154;-350.76;46.14;0.0357;0.0053;0.52;4;0.5750
XAUUSDm;M15;20;2.0;3.00;1;0.80;2.50;1;0;200;0;40;60;0;0;0;0;10000;333;1331.03;504.42;1.34;3.9971;0.6517;13;10;0.7692;-204.44;102.62;0.0240;0.0061;0.18;4;1.5614
XAUUSDm;M15;20;2.0;3.00;1;0.80;2.50;2;0;200;0;40;60;0;0;0;0;10000;306;778.06;559.80;1.17;2.5427;0.6830;13;8;0.6154;-281.20;78.20;0.0411;0.0059;0.26;5;0.5263
XAUUSDm;M15;20;2.0;3.00;1;0.80;2.50;3;0;200;0;40;60;0;0;0;0;10000;302;939.79;659.08;1.20;3.1119;0.7020;13;9;0.6923;-319.61;78.36;0.0340;0.0056;0.49;4;0.6834
XAUUSDm;M15;20;2.0;3.00;1;0.80;2.50;4;0;200;0;40;60;0;0;0;0;10000;302;1054.60;646.97;1.21;3.4921;0.7219;13;9;0.6923;-294.84;128.10;0.0303;0.0053;0.54;4;0.7813
XAUUSDm;M15;20;2.0;3.00;1;1.00;1.00;1;0;200;0;40;60;0;0;0;0;10000;336;3482.33;895.53;1.33;10.3641;0.5744;13;8;0.6154;-296.08;107.56;0.0287;0.0071;0.16;7;1.4726
XAUUSDm;M15;20;2.0;3.00;1;1.00;1.00;2;0;200;0;40;60;0;0;0;0;10000;332;2303.83;1500.22;1.18;6.9392;0.5452;13;8;0.6154;-416.28;157.98;0.0434;0.0066;0.37;7;0.5816
XAUUSDm;M15;20;2.0;3.00;1;1.00;1.00;3;0;200;0;40;60;0;0;0;0;10000;332;2366.83;1560.51;1.17;7.1290;0.5482;13;8;0.6154;-530.28;150.71;0.0423;0.0063;0.55;7;0.5744
XAUUSDm;M15;20;2.0;3.00;1;1.00;1.00;4;0;200;0;40;60;0;0;0;0;10000;332;2618.18;1614.20;1.19;7.8861;0.5422;13;7;0.5385;-502.37;91.59;0.0382;0.0061;0.56;7;0.4703
XAUUSDm;M15;20;2.0;3.00;1;1.00;1.25;1;0;200;0;40;60;0;0;0;0;10000;336;3330.48;812.03;1.39;9.9121;0.6012;13;10;0.7692;-307.14;204.74;0.0240;0.0068;0.17;6;2.4269
XAUUSDm;M15;20;2.0;3.00;1;1.00;1.25;2;0;200;0;40;60;0;0;0;0;10000;329;1739.38;1108.94;1.16;5.2869;0.5775;13;9;0.6923;-501.88;165.39;0.0460;0.0064;0.39;6;0.7518
XAUUSDm;M15;20;2.0;3.00;1;1.00;1.25;3;0;200;0;40;60;0;0;0;0;10000;329;1259.71;1229.63;1.11;3.8289;0.5775;13;9;0.6923;-581.26;113.90;0.0635;0.0061;0.59;6;0.4910
XAUUSDm;M15;20;2.0;3.00;1;1.00;1.25;4;0;200;0;40;60;0;0;0;0;10000;329;1682.54;1389.06;1.14;5.1141;0.5745;13;8;0.6154;-604.69;129.75;0.0475;0.0058;0.62;6;0.4587
XAUUSDm;M15;20;2.0;3.00;1;1.00;1.50;1;0;200;0;40;60;0;0;0;0;10000;336;3150.59;701.24;1.46;9.3768;0.6190;13;10;0.7692;-176.62;168.66;0.0211;0.0067;0.18;4;2.6585
XAUUSDm;M15;20;2.0;3.00;1;1.00;1.50;2;0;200;0;40;60;0;0;0;0;10000;324;1755.31;907.16;1.20;5.4176;0.6049;13;8;0.6154;-432.26;203.60;0.0379;0.0062;0.42;6;0.7328
XAUUSDm;M15;20;2.0;3.00;1;1.00;1.50;3;0;200;0;40;60;0;0;0;0;10000;324;1148.55;1085.99;1.11;3.5449;0.6080;13;8;0.6154;-549.20;84.43;0.0580;0.0059;0.62;5;0.4005
XAUUSDm;M15;20;2.0;3.00;1;1.00;1.50;4;0;200;0;40;60;0;0;0;0;10000;324;1427.76;1158.12;1.14;4.4067;0.6142;13;8;0.6154;-662.94;146.13;0.0466;0.0056;0.65;6;0.4669
XAUUSDm;M15;20;2.0;3.00;1;1.00;1.75;1;0;200;0;40;60;0;0;0;0;10000;335;2301.20;564.60;1.38;6.8693;0.6209;13;9;0.6923;-186.33;90.90;0.0248;0.0069;0.19;4;1.9535
XAUUSDm;M15;20;2.0;3.00;1;1.00;1.75;2;0;200;0;40;60;0;0;0;0;10000;320;1385.00;605.01;1.18;4.3281;0.6188;13;8;0.6154;-252.67;121.17;0.0412;0.0064;0.43;5;0.8669
XAUUSDm;M15;20;2.0;3.00;1;1.00;1.75;3;0;200;0;40;60;0;0;0;0;10000;319;914.22;667.10;1.11;2.8659;0.6207;13;8;0.6154;-305.62;25.34;0.0624;0.0060;0.65;5;0.5190
XAUUSDm;M15;20;2.0;3.00;1;1.00;1.75;4;0;200;0;40;60;0;0;0;0;10000;319;1126.48;807.90;1.13;3.5313;0.6364;13;7;0.5385;-249.74;44.98;0.0507;0.0057;0.69;6;0.4043
XAUUSDm;M15;20;2.0;3.00;1;1.00;2.00;1;0;200;0;40;60;0;0;0;0;10000;333;1992.96;519.40;1.38;5.9849;0.6216;13;10;0.7692;-206.43;153.52;0.0251;0.0069;0.19;4;2.2704
XAUUSDm;M15;20;2.0;3.00;1;1.00;2.00;2;0;200;0;40;60;0;0;0;0;10000;312;891.82;723.54;1.13;2.8584;0.6186;13;9;0.6923;-245.10;79.71;0.0561;0.0066;0.45;5;0.5908
XAUUSDm;M15;20;2.0;3.00;1;1.00;2.00;3;0;200;0;40;60;0;0;0;0;10000;309;627.83;934.02;1.08;2.0318;0.6278;13;8;0.6154;-274.82;89.21;0.0796;0.0062;0.68;5;0.2546
XAUUSDm;M15;20;2.0;3.00;1;1.00;2.00;4;0;200;0;40;60;0;0;0;0;10000;309;807.02;986.64;1.10;2.6117;0.6505;13;8;0.6154;-283.09;76.40;0.0619;0.0058;0.73;5;0.3098
XAUUSDm;M15;20;2.0;3.00;1;1.00;2.25;1;0;200;0;40;60;0;0;0;0;10000;333;1844.74;449.30;1.42;5.5398;0.6246;13;10;0.7692;-117.87;128.62;0.0241;0.0071;0.20;4;2.4295
XAUUSDm;M15;20;2.0;3.00;1;1.00;2.25;2;0;200;0;40;60;0;0;0;0;10000;307;780.73;697.96;1.14;2.5431;0.6221;13;8;0.6154;-257.21;104.82;0.0569;0.0068;0.46;5;0.4236
XAUUSDm;M15;20;2.0;3.00;1;1.00;2.25;3;0;200;0;40;60;0;0;0;0;10000;304;664.20;816.19;1.10;2.1849;0.6349;13;9;0.6923;-282.52;79.67;0.0669;0.0063;0.70;5;0.3900
XAUUSDm;M15;20;2.0;3.00;1;1.00;2.25;4;0;200;0;40;60;0;0;0;0;10000;304;881.89;866.45;1.13;2.9010;0.6579;13;9;0.6923;-285.23;100.50;0.0504;0.0059;0.76;4;0.4878
XAUUSDm;M15;20;2.0;3.00;1;1.00;2.50;1;0;200;0;40;60;0;0;0;0;10000;333;1500.85;499.91;1.37;4.5071;0.6246;13;10;0.7692;-157.96;112.27;0.0266;0.0071;0.20;4;1.7765
XAUUSDm;M15;20;2.0;3.00;1;1.00;2.50;2;0;200;0;40;60;0;0;0;0;10000;304;661.97;622.28;1.13;2.1775;0.6217;13;8;0.6154;-226.66;31.01;0.0604;0.0069;0.47;5;0.4029
XAUUSDm;M15;20;2.0;3.00;1;1.00;2.50;3;0;200;0;40;60;0;0;0;0;10000;299;562.00;768.60;1.10;1.8796;0.6355;13;9;0.6923;-251.22;40.91;0.0711;0.0064;0.73;5;0.3505
XAUUSDm;M15;20;2.0;3.00;1;1.00;2.50;4;0;200;0;40;60;0;0;0;0;10000;299;803.23;806.13;1.14;2.6864;0.6622;13;9;0.6923;-194.18;33.79;0.0497;0.0060;0.79;4;0.4776
XAUUSDm;M15;20;2.0;3.00;1;1.20;1.00;1;0;200;0;40;60;0;0;0;0;10000;336;4124.98;940.58;1.38;12.2767;0.5685;13;8;0.6154;-250.83;192.59;0.0291;0.0081;0.18;7;1.6608
XAUUSDm;M15;20;2.0;3.00;1;1.20;1.00;2;0;200;0;40;60;0;0;0;0;10000;332;3115.23;1364.51;1.23;9.3832;0.5271;13;7;0.5385;-478.63;196.70;0.0385;0.0073;0.40;7;0.6619
XAUUSDm;M15;20;2.0;3.00;1;1.20;1.00;3;0;200;0;40;60;0;0;0;0;10000;332;3038.05;1569.79;1.21;9.1508;0.5211;13;8;0.6154;-543.43;120.84;0.0395;0.0069;0.59;9;0.7329
XAUUSDm;M15;20;2.0;3.00;1;1.20;1.00;4;0;200;0;40;60;0;0;0;0;10000;332;3124.06;1619.52;1.21;9.4098;0.5120;13;7;0.5385;-582.62;59.25;0.0384;0.0067;0.61;9;0.5593
XAUUSDm;M15;20;2.0;3.00;1;1.20;1.25;1;0;200;0;40;60;0;0;0;0;10000;336;3873.49;772.16;1.45;11.5282;0.5952;13;11;0.8462;-360.80;301.34;0.0248;0.0077;0.19;6;3.5916
XAUUSDm;M15;20;2.0;3.00;1;1.20;1.25;2;0;200;0;40;60;0;0;0;0;10000;329;2327.54;1267.29;1.21;7.0746;0.5593;13;9;0.6923;-522.73;125.20;0.0412;0.0070;0.43;6;0.8803
XAUUSDm;M15;20;2.0;3.00;1;1.20;1.25;3;0;200;0;40;60;0;0;0;0;10000;329;1577.56;1546.18;1.12;4.7950;0.5471;13;9;0.6923;-608.33;117.73;0.0608;0.0067;0.63;9;0.4890
XAUUSDm;M15;20;2.0;3.00;1;1.20;1.25;4;0;200;0;40;60;0;0;0;0;10000;329;1794.89;1811.48;1.14;5.4556;0.5380;13;8;0.6154;-654.19;122.14;0.0535;0.0065;0.67;9;0.3752
XAUUSDm;M15;20;2.0;3.00;1;1.20;1.50;1;0;200;0;40;60;0;0;0;0;10000;336;3585.83;705.62;1.52;10.6721;0.6131;13;9;0.6923;-124.97;247.47;0.0223;0.0076;0.20;4;2.4357
XAUUSDm;M15;20;2.0;3.00;1;1.20;1.50;2;0;200;0;40;60;0;0;0;0;10000;324;2283.93;1004.99;1.24;7.0492;0.5864;13;9;0.6923;-489.25;128.93;0.0350;0.0069;0.45;6;1.0892
XAUUSDm;M15;20;2.0;3.00;1;1.20;1.50;3;0;200;0;40;60;0;0;0;0;10000;324;1368.68;1370.05;1.13;4.2243;0.5772;13;7;0.5385;-616.67;126.69;0.0584;0.0065;0.67;8;0.2897
XAUUSDm;M15;20;2.0;3.00;1;1.20;1.50;4;0;200;0;40;60;0;0;0;0;10000;324;1524.95;1445.13;1.14;4.7066;0.5741;13;7;0.5385;-712.56;100.49;0.0524;0.0063;0.72;8;0.3060
XAUUSDm;M15;20;2.0;3.00;1;1.20;1.75;1;0;200;0;40;60;0;0;0;0;10000;335;2638.04;574.23;1.43;7.8747;0.6149;13;10;0.7692;-141.80;147.24;0.0259;0.0078;0.20;4;2.7184
XAUUSDm;M15;20;2.0;3.00;1;1.20;1.75;2;0;200;0;40;60;0;0;0;0;10000;320;1752.53;812.01;1.22;5.4767;0.6000;13;9;0.6923;-266.88;124.66;0.0391;0.0071;0.47;5;1.0344
XAUUSDm;M15;20;2.0;3.00;1;1.20;1.75;3;0;200;0;40;60;0;0;0;0;10000;319;1041.20;1016.36;1.11;3.2639;0.5893;13;7;0.5385;-250.35;47.99;0.0658;0.0067;0.70;6;0.2970
XAUUSDm;M15;20;2.0;3.00;1;1.20;1.75;4;0;200;0;40;60;0;0;0;0;10000;319;1096.02;1110.24;1.11;3.4358;0.5956;13;6;0.4615;-290.20;-4.71;0.0625;0.0063;0.76;6;0.2103
XAUUSDm;M15;20;2.0;3.00;1;1.20;2.00;1;0;200;0;40;60;0;0;0;0;10000;333;2274.64;572.92;1.43;6.8308;0.6156;13;10;0.7692;-168.69;196.70;0.0264;0.0079;0.21;4;2.3493
XAUUSDm;M15;20;2.0;3.00;1;1.20;2.00;2;0;200;0;40;60;0;0;0;0;10000;312;1199.00;850.66;1.17;3.8429;0.5994;13;9;0.6923;-351.34;119.76;0.0500;0.0073;0.49;5;0.6756
XAUUSDm;M15;20;2.0;3.00;1;1.20;2.00;3;0;200;0;40;60;0;0;0;0;10000;309;712.48;1187.25;1.09;2.3058;0.5955;13;7;0.5385;-356.27;9.21;0.0842;0.0069;0.73;6;0.1740
XAUUSDm;M15;20;2.0;3.00;1;1.20;2.00;4;0;200;0;40;60;0;0;0;0;10000;309;739.74;1253.33;1.09;2.3940;0.6084;13;6;0.4615;-372.55;-16.02;0.0811;0.0065;0.80;5;0.1257
XAUUSDm;M15;20;2.0;3.00;1;1.20;2.25;1;0;200;0;40;60;0;0;0;0;10000;333;2103.34;508.50;1.46;6.3163;0.6186;13;9;0.6923;-158.97;176.89;0.0254;0.0080;0.21;4;1.9825
XAUUSDm;M15;20;2.0;3.00;1;1.20;2.25;2;0;200;0;40;60;0;0;0;0;10000;307;1054.44;846.25;1.17;3.4347;0.6026;13;9;0.6923;-313.09;83.83;0.0506;0.0075;0.50;5;0.5972
XAUUSDm;M15;20;2.0;3.00;1;1.20;2.25;3;0;200;0;40;60;0;0;0;0;10000;304;835.66;1065.03;1.12;2.7489;0.6020;13;8;0.6154;-318.24;48.25;0.0638;0.0070;0.76;6;0.2971
XAUUSDm;M15;20;2.0;3.00;1;1.20;2.25;4;0;200;0;40;60;0;0;0;0;10000;304;808.00;1148.94;1.11;2.6579;0.6151;13;7;0.5385;-325.44;30.53;0.0660;0.0066;0.83;5;0.2039
XAUUSDm;M15;20;2.0;3.00;1;1.20;2.50;1;0;200;0;40;60;0;0;0;0;10000;333;1710.91;521.21;1.41;5.1379;0.6186;13;10;0.7692;-185.36;143.66;0.0279;0.0081;0.22;4;1.9424
XAUUSDm;M15;20;2.0;3.00;1;1.20;2.50;2;0;200;0;40;60;0;0;0;0;10000;304;981.73;756.12;1.18;3.2294;0.6053;13;9;0.6923;-249.22;94.90;0.0488;0.0076;0.51;5;0.6223
XAUUSDm;M15;20;2.0;3.00;1;1.20;2.50;3;0;200;0;40;60;0;0;0;0;10000;299;771.24;935.16;1.13;2.5794;0.6054;13;7;0.5385;-249.35;1.92;0.0622;0.0071;0.78;6;0.2391
XAUUSDm;M15;20;2.0;3.00;1;1.20;2.50;4;0;200;0;40;60;0;0;0;0;10000;299;839.56;1022.65;1.13;2.8079;0.6221;13;6;0.4615;-256.18;-22.11;0.0571;0.0067;0.86;5;0.1749
XAUUSDm;M15;20;2.0;3.00;1;1.40;1.00;1;0;200;0;40;60;0;0;0;0;10000;336;3796.15;903.08;1.35;11.2981;0.5536;13;9;0.6923;-183.43;95.78;0.0368;0.0095;0.19;7;2.0147
XAUUSDm;M15;20;2.0;3.00;1;1.40;1.00;2;0;200;0;40;60;0;0;0;0;10000;332;3037.99;1303.81;1.22;9.1506;0.5060;13;7;0.5385;-364.08;289.53;0.0460;0.0083;0.43;7;0.6756
XAUUSDm;M15;20;2.0;3.00;1;1.40;1.00;3;0;200;0;40;60;0;0;0;0;10000;332;2951.11;1619.02;1.20;8.8889;0.4880;13;9;0.6923;-554.41;289.84;0.0474;0.0078;0.64;9;0.8526
XAUUSDm;M15;20;2.0;3.00;1;1.40;1.00;4;0;200;0;40;60;0;0;0;0;10000;332;3090.88;1827.53;1.20;9.3099;0.4759;13;9;0.6923;-581.45;300.98;0.0453;0.0074;0.67;9;0.7716
XAUUSDm;M15;20;2.0;3.00;1;1.40;1.25;1;0;200;0;40;60;0;0;0;0;10000;336;3373.32;724.93;1.38;10.0396;0.5774;13;10;0.7692;-279.80;125.05;0.0331;0.0092;0.20;7;2.7534
XAUUSDm;M15;20;2.0;3.00;1;1.40;1.25;2;0;200;0;40;60;0;0;0;0;10000;329;1783.74;1122.01;1.15;5.4217;0.5319;13;8;0.6154;-557.72;133.07;0.0627;0.0082;0.46;6;0.6020
XAUUSDm;M15;20;2.0;3.00;1;1.40;1.25;3;0;200;0;40;60;0;0;0;0;10000;329;1011.83;1668.14;1.07;3.0755;0.5076;13;7;0.5385;-696.18;80.03;0.1106;0.0077;0.68;9;0.1759
XAUUSDm;M15;20;2.0;3.00;1;1.40;1.25;4;0;200;0;40;60;0;0;0;0;10000;329;1226.24;2096.17;1.09;3.7272;0.4954;13;7;0.5385;-659.20;117.85;0.0912;0.0073;0.74;9;0.1681
XAUUSDm;M15;20;2.0;3.00;1;1.40;1.50;1;0;200;0;40;60;0;0;0;0;10000;336;3076.88;701.76;1.43;9.1574;0.5952;13;10;0.7692;-119.04;106.10;0.0303;0.0091;0.21;7;2.5944
XAUUSDm;M15;20;2.0;3.00;1;1.40;1.50;2;0;200;0;40;60;0;0;0;0;10000;324;1820.64;957.14;1.18;5.6193;0.5586;13;8;0.6154;-530.48;94.94;0.0512;0.0079;0.49;6;0.7203
XAUUSDm;M15;20;2.0;3.00;1;1.40;1.50;3;0;200;0;40;60;0;0;0;0;10000;324;846.71;1508.39;1.07;2.6133;0.5370;13;7;0.5385;-692.29;17.04;0.1101;0.0075;0.72;8;0.1628
XAUUSDm;M15;20;2.0;3.00;1;1.40;1.50;4;0;200;0;40;60;0;0;0;0;10000;324;1152.13;1663.13;1.09;3.5560;0.5340;13;8;0.6154;-724.37;72.88;0.0809;0.0070;0.78;8;0.2623
XAUUSDm;M15;20;2.0;3.00;1;1.40;1.75;1;0;200;0;40;60;0;0;0;0;10000;335;2180.80;572.28;1.35;6.5099;0.5970;13;7;0.5385;-134.04;60.75;0.0366;0.0094;0.22;7;1.1049
XAUUSDm;M15;20;2.0;3.00;1;1.40;1.75;2;0;200;0;40;60;0;0;0;0;10000;320;1361.93;680.79;1.16;4.2560;0.5719;13;8;0.6154;-304.92;55.58;0.0586;0.0082;0.51;5;0.7576
XAUUSDm;M15;20;2.0;3.00;1;1.40;1.75;3;0;200;0;40;60;0;0;0;0;10000;319;674.68;965.31;1.07;2.1150;0.5517;13;7;0.5385;-307.03;8.48;0.1185;0.0075;0.76;7;0.2026
XAUUSDm;M15;20;2.0;3.00;1;1.40;1.75;4;0;200;0;40;60;0;0;0;0;10000;319;903.28;1170.81;1.09;2.8316;0.5580;13;8;0.6154;-279.75;24.16;0.0885;0.0070;0.83;6;0.2922
XAUUSDm;M15;20;2.0;3.00;1;1.40;2.00;1;0;200;0;40;60;0;0;0;0;10000;333;1958.03;498.06;1.36;5.8800;0.6006;13;8;0.6154;-170.36;163.66;0.0357;0.0095;0.22;7;1.4888
XAUUSDm;M15;20;2.0;3.00;1;1.40;2.00;2;0;200;0;40;60;0;0;0;0;10000;312;904.01;839.90;1.12;2.8975;0.5737;13;7;0.5385;-381.39;97.12;0.0773;0.0084;0.52;5;0.3121
XAUUSDm;M15;20;2.0;3.00;1;1.40;2.00;3;0;200;0;40;60;0;0;0;0;10000;309;418.99;1121.36;1.05;1.3560;0.5566;13;7;0.5385;-401.46;62.10;0.1669;0.0078;0.79;7;0.0974
XAUUSDm;M15;20;2.0;3.00;1;1.40;2.00;4;0;200;0;40;60;0;0;0;0;10000;309;597.41;1250.79;1.07;1.9334;0.5728;13;6;0.4615;-361.65;-10.22;0.1171;0.0072;0.87;6;0.1017
XAUUSDm;M15;20;2.0;3.00;1;1.40;2.25;1;0;200;0;40;60;0;0;0;0;10000;333;1838.36;444.71;1.40;5.5206;0.6036;13;9;0.6923;-122.37;118.45;0.0338;0.0096;0.23;7;1.9813
XAUUSDm;M15;20;2.0;3.00;1;1.40;2.25;2;0;200;0;40;60;0;0;0;0;10000;307;740.95;768.29;1.12;2.4135;0.5765;13;8;0.6154;-297.44;34.79;0.0839;0.0087;0.53;5;0.3652
XAUUSDm;M15;20;2.0;3.00;1;1.40;2.25;3;0;200;0;40;60;0;0;0;0;10000;304;511.32;902.59;1.07;1.6820;0.5625;13;8;0.6154;-328.70;10.85;0.1216;0.0080;0.81;7;0.2145
XAUUSDm;M15;20;2.0;3.00;1;1.40;2.25;4;0;200;0;40;60;0;0;0;0;10000;304;605.57;1077.80;1.08;1.9920;0.5789;13;7;0.5385;-329.06;8.71;0.1027;0.0073;0.90;6;0.1629
XAUUSDm;M15;20;2.0;3.00;1;1.40;2.50;1;0;200;0;40;60;0;0;0;0;10000;333;1497.97;466.51;1.35;4.4984;0.6036;13;9;0.6923;-154.39;112.77;0.0368;0.0096;0.23;7;1.5390
XAUUSDm;M15;20;2.0;3.00;1;1.40;2.50;2;0;200;0;40;60;0;0;0;0;10000;304;831.70;659.53;1.15;2.7359;0.5822;13;8;0.6154;-204.19;37.44;0.0673;0.0088;0.55;5;0.4776
XAUUSDm;M15;20;2.0;3.00;1;1.40;2.50;3;0;200;0;40;60;0;0;0;0;10000;299;628.15;786.39;1.10;2.1008;0.5686;13;9;0.6923;-189.89;52.22;0.0891;0.0080;0.84;7;0.3828
XAUUSDm;M15;20;2.0;3.00;1;1.40;2.50;4;0;200;0;40;60;0;0;0;0;10000;299;820.96;906.57;1.12;2.7457;0.5886;13;7;0.5385;-193.80;13.48;0.0681;0.0073;0.94;6;0.2626
XAUUSDm;M15;25;2.0;3.00;1;0.60;1.00;1;0;200;0;40;60;0;0;0;0;10000;406;1491.63;568.07;1.13;3.6740;0.6133;13;9;0.6923;-393.00;130.29;0.0402;0.0047;0.12;5;1.2585
XAUUSDm;M15;25;2.0;3.00;1;0.60;1.00;2;0;200;0;40;60;0;0;0;0;10000;391;1897.14;962.54;1.16;4.8520;0.6471;13;9;0.6923;-515.30;209.85;0.0316;0.0043;0.15;6;0.9447
XAUUSDm;M15;25;2.0;3.00;1;0.60;1.00;3;0;200;0;40;60;0;0;0;0;10000;391;1392.79;1026.11;1.11;3.5621;0.6419;13;8;0.6154;-566.11;228.28;0.0431;0.0043;0.29;6;0.5140
XAUUSDm;M15;25;2.0;3.00;1;0.60;1.00;4;0;200;0;40;60;0;0;0;0;10000;391;1541.51;908.56;1.12;3.9425;0.6522;13;8;0.6154;-571.30;306.53;0.0389;0.0042;0.30;6;0.6425
XAUUSDm;M15;25;2.0;3.00;1;0.60;1.25;1;0;200;0;40;60;0;0;0;0;10000;406;1071.96;590.65;1.11;2.6403;0.6305;13;10;0.7692;-467.94;92.45;0.0448;0.0046;0.13;5;1.0739
XAUUSDm;M15;25;2.0;3.00;1;0.60;1.25;2;0;200;0;40;60;0;0;0;0;10000;383;1248.79;804.82;1.13;3.2605;0.6736;13;10;0.7692;-635.16;139.91;0.0384;0.0043;0.17;3;0.9181
XAUUSDm;M15;25;2.0;3.00;1;0.60;1.25;3;0;200;0;40;60;0;0;0;0;10000;383;712.16;900.20;1.07;1.8594;0.6710;13;9;0.6923;-726.35;95.29;0.0674;0.0042;0.32;4;0.3792
XAUUSDm;M15;25;2.0;3.00;1;0.60;1.25;4;0;200;0;40;60;0;0;0;0;10000;383;786.07;854.25;1.07;2.0524;0.6841;13;9;0.6923;-731.54;108.40;0.0611;0.0042;0.33;4;0.4410
XAUUSDm;M15;25;2.0;3.00;1;0.60;1.50;1;0;200;0;40;60;0;0;0;0;10000;406;788.78;660.30;1.10;1.9428;0.6404;13;9;0.6923;-290.34;79.67;0.0507;0.0046;0.14;4;0.5725
XAUUSDm;M15;25;2.0;3.00;1;0.60;1.50;2;0;200;0;40;60;0;0;0;0;10000;375;753.31;910.27;1.09;2.0088;0.6960;13;9;0.6923;-613.48;55.45;0.0530;0.0043;0.19;3;0.3966
XAUUSDm;M15;25;2.0;3.00;1;0.60;1.50;3;0;200;0;40;60;0;0;0;0;10000;375;237.52;942.31;1.03;0.6334;0.6907;13;8;0.6154;-635.81;54.09;0.1682;0.0042;0.34;4;0.0851
XAUUSDm;M15;25;2.0;3.00;1;0.60;1.50;4;0;200;0;40;60;0;0;0;0;10000;375;215.21;1013.33;1.02;0.5739;0.7067;13;8;0.6154;-662.30;82.19;0.1857;0.0042;0.36;4;0.0650
XAUUSDm;M15;25;2.0;3.00;1;0.60;1.75;1;0;200;0;40;60;0;0;0;0;10000;405;394.30;570.54;1.06;0.9736;0.6444;13;9;0.6923;-199.81;49.05;0.0869;0.0047;0.14;4;0.3312
XAUUSDm;M15;25;2.0;3.00;1;0.60;1.75;2;0;200;0;40;60;0;0;0;0;10000;368;544.82;693.69;1.08;1.4805;0.7120;13;7;0.5385;-250.29;9.04;0.0629;0.0044;0.20;4;0.2277
XAUUSDm;M15;25;2.0;3.00;1;0.60;1.75;3;0;200;0;40;60;0;0;0;0;10000;367;133.22;913.47;1.02;0.3630;0.7057;13;8;0.6154;-376.53;53.17;0.2571;0.0043;0.36;3;0.0322
XAUUSDm;M15;25;2.0;3.00;1;0.60;1.75;4;0;200;0;40;60;0;0;0;0;10000;367;199.05;858.21;1.03;0.5424;0.7275;13;8;0.6154;-406.01;76.90;0.1721;0.0042;0.38;3;0.0766
XAUUSDm;M15;25;2.0;3.00;1;0.60;2.00;1;0;200;0;40;60;0;0;0;0;10000;404;201.85;475.65;1.03;0.4996;0.6436;13;8;0.6154;-172.16;25.39;0.1486;0.0048;0.15;4;0.1607
XAUUSDm;M15;25;2.0;3.00;1;0.60;2.00;2;0;200;0;40;60;0;0;0;0;10000;362;166.86;781.06;1.03;0.4609;0.7127;13;7;0.5385;-240.13;32.30;0.1798;0.0045;0.21;4;0.0517
XAUUSDm;M15;25;2.0;3.00;1;0.60;2.00;3;0;200;0;40;60;0;0;0;0;10000;359;-77.02;1089.60;0.99;-0.2145;0.7131;13;6;0.4615;-394.96;-40.34;1.0000;0.0045;0.38;3;0.0000
XAUUSDm;M15;25;2.0;3.00;1;0.60;2.00;4;0;200;0;40;60;0;0;0;0;10000;359;1.56;1078.90;1.00;0.0043;0.7382;13;6;0.4615;-432.10;-28.11;19.2308;0.0043;0.40;3;0.0000
XAUUSDm;M15;25;2.0;3.00;1;0.60;2.25;1;0;200;0;40;60;0;0;0;0;10000;403;146.93;414.43;1.03;0.3646;0.6476;13;6;0.4615;-205.58;-1.80;0.1814;0.0049;0.15;4;0.0624
XAUUSDm;M15;25;2.0;3.00;1;0.60;2.25;2;0;200;0;40;60;0;0;0;0;10000;355;229.40;694.76;1.04;0.6462;0.7183;13;7;0.5385;-275.33;3.92;0.1162;0.0047;0.22;4;0.0957
XAUUSDm;M15;25;2.0;3.00;1;0.60;2.25;3;0;200;0;40;60;0;0;0;0;10000;351;137.01;837.16;1.02;0.3903;0.7236;13;7;0.5385;-368.46;8.67;0.1946;0.0046;0.40;3;0.0366
XAUUSDm;M15;25;2.0;3.00;1;0.60;2.25;4;0;200;0;40;60;0;0;0;0;10000;351;282.70;773.58;1.05;0.8054;0.7521;13;7;0.5385;-352.71;64.85;0.0943;0.0044;0.43;3;0.1060
XAUUSDm;M15;25;2.0;3.00;1;0.60;2.50;1;0;200;0;40;60;0;0;0;0;10000;403;-14.73;414.13;1.00;-0.0366;0.6476;13;6;0.4615;-230.80;-18.40;1.0000;0.0049;0.15;4;0.0000
XAUUSDm;M15;25;2.0;3.00;1;0.60;2.50;2;0;200;0;40;60;0;0;0;0;10000;350;161.59;795.90;1.03;0.4617;0.7257;13;6;0.4615;-276.62;-8.49;0.1484;0.0047;0.23;4;0.0432
XAUUSDm;M15;25;2.0;3.00;1;0.60;2.50;3;0;200;0;40;60;0;0;0;0;10000;346;77.99;927.19;1.02;0.2254;0.7283;13;6;0.4615;-361.80;-7.71;0.3075;0.0046;0.41;3;0.0087
XAUUSDm;M15;25;2.0;3.00;1;0.60;2.50;4;0;200;0;40;60;0;0;0;0;10000;346;179.53;870.53;1.03;0.5189;0.7543;13;7;0.5385;-330.30;7.60;0.1336;0.0045;0.45;3;0.0598
XAUUSDm;M15;25;2.0;3.00;1;0.80;1.00;1;0;200;0;40;60;0;0;0;0;10000;406;2570.68;701.60;1.21;6.3317;0.5714;13;9;0.6923;-329.80;120.65;0.0311;0.0054;0.15;6;1.7561
XAUUSDm;M15;25;2.0;3.00;1;0.80;1.00;2;0;200;0;40;60;0;0;0;0;10000;387;3023.36;1048.73;1.23;7.8123;0.5995;13;9;0.6923;-334.34;325.05;0.0265;0.0050;0.20;6;1.3817
XAUUSDm;M15;25;2.0;3.00;1;0.80;1.00;3;0;200;0;40;60;0;0;0;0;10000;387;2541.38;1307.39;1.18;6.5669;0.5943;13;8;0.6154;-431.63;262.64;0.0315;0.0048;0.35;6;0.7361
XAUUSDm;M15;25;2.0;3.00;1;0.80;1.00;4;0;200;0;40;60;0;0;0;0;10000;387;2813.79;1231.33;1.20;7.2708;0.5995;13;8;0.6154;-445.20;339.39;0.0284;0.0047;0.37;6;0.8654
XAUUSDm;M15;25;2.0;3.00;1;0.80;1.25;1;0;200;0;40;60;0;0;0;0;10000;406;2004.83;569.21;1.20;4.9380;0.5887;13;9;0.6923;-365.88;158.52;0.0319;0.0052;0.16;5;1.6881
XAUUSDm;M15;25;2.0;3.00;1;0.80;1.25;2;0;200;0;40;60;0;0;0;0;10000;378;2374.61;597.90;1.22;6.2820;0.6296;13;10;0.7692;-496.56;127.14;0.0269;0.0049;0.22;5;2.3500
XAUUSDm;M15;25;2.0;3.00;1;0.80;1.25;3;0;200;0;40;60;0;0;0;0;10000;378;1681.58;856.92;1.14;4.4486;0.6243;13;7;0.5385;-587.32;36.49;0.0381;0.0047;0.39;7;0.5690
XAUUSDm;M15;25;2.0;3.00;1;0.80;1.25;4;0;200;0;40;60;0;0;0;0;10000;378;1854.99;766.45;1.16;4.9074;0.6323;13;8;0.6154;-599.67;70.51;0.0345;0.0046;0.41;7;0.9165
XAUUSDm;M15;25;2.0;3.00;1;0.80;1.50;1;0;200;0;40;60;0;0;0;0;10000;406;1542.96;662.33;1.18;3.8004;0.5985;13;10;0.7692;-206.92;60.33;0.0345;0.0052;0.17;5;1.3785
XAUUSDm;M15;25;2.0;3.00;1;0.80;1.50;2;0;200;0;40;60;0;0;0;0;10000;369;1840.79;700.74;1.20;4.9886;0.6558;13;10;0.7692;-390.63;43.59;0.0289;0.0049;0.23;4;1.5544
XAUUSDm;M15;25;2.0;3.00;1;0.80;1.50;3;0;200;0;40;60;0;0;0;0;10000;369;1208.17;782.30;1.12;3.2742;0.6477;13;7;0.5385;-413.22;103.79;0.0441;0.0048;0.41;6;0.4478
XAUUSDm;M15;25;2.0;3.00;1;0.80;1.50;4;0;200;0;40;60;0;0;0;0;10000;369;1178.25;842.36;1.11;3.1931;0.6585;13;9;0.6923;-460.78;131.89;0.0452;0.0046;0.44;6;0.6704
XAUUSDm;M15;25;2.0;3.00;1;0.80;1.75;1;0;200;0;40;60;0;0;0;0;10000;405;987.27;562.92;1.13;2.4377;0.6025;13;10;0.7692;-132.82;39.73;0.0463;0.0054;0.17;4;1.0378
XAUUSDm;M15;25;2.0;3.00;1;0.80;1.75;2;0;200;0;40;60;0;0;0;0;10000;362;1429.01;628.87;1.18;3.9475;0.6740;13;9;0.6923;-140.66;35.81;0.0320;0.0050;0.24;4;1.0891
XAUUSDm;M15;25;2.0;3.00;1;0.80;1.75;3;0;200;0;40;60;0;0;0;0;10000;361;928.70;814.07;1.11;2.5726;0.6620;13;7;0.5385;-231.66;4.69;0.0492;0.0048;0.43;5;0.3308
XAUUSDm;M15;25;2.0;3.00;1;0.80;1.75;4;0;200;0;40;60;0;0;0;0;10000;361;920.79;759.92;1.10;2.5507;0.6787;13;8;0.6154;-247.79;38.13;0.0496;0.0047;0.46;5;0.4589
XAUUSDm;M15;25;2.0;3.00;1;0.80;2.00;1;0;200;0;40;60;0;0;0;0;10000;404;628.63;524.25;1.09;1.5560;0.6015;13;6;0.4615;-132.21;-0.25;0.0636;0.0055;0.18;4;0.2554
XAUUSDm;M15;25;2.0;3.00;1;0.80;2.00;2;0;200;0;40;60;0;0;0;0;10000;357;758.63;757.55;1.11;2.1250;0.6751;13;6;0.4615;-213.58;-10.86;0.0527;0.0051;0.25;4;0.2133
XAUUSDm;M15;25;2.0;3.00;1;0.80;2.00;3;0;200;0;40;60;0;0;0;0;10000;354;391.47;1044.28;1.05;1.1058;0.6667;13;6;0.4615;-270.81;-28.68;0.1022;0.0050;0.45;5;0.0799
XAUUSDm;M15;25;2.0;3.00;1;0.80;2.00;4;0;200;0;40;60;0;0;0;0;10000;354;396.12;1036.29;1.05;1.1190;0.6893;13;6;0.4615;-296.79;-14.33;0.1010;0.0048;0.48;5;0.0814
XAUUSDm;M15;25;2.0;3.00;1;0.80;2.25;1;0;200;0;40;60;0;0;0;0;10000;403;539.74;435.53;1.09;1.3393;0.6055;13;7;0.5385;-162.16;29.36;0.0659;0.0056;0.18;4;0.3593
XAUUSDm;M15;25;2.0;3.00;1;0.80;2.25;2;0;200;0;40;60;0;0;0;0;10000;350;778.89;670.10;1.13;2.2254;0.6800;13;7;0.5385;-190.22;6.69;0.0456;0.0053;0.27;4;0.3370
XAUUSDm;M15;25;2.0;3.00;1;0.80;2.25;3;0;200;0;40;60;0;0;0;0;10000;345;493.25;774.03;1.08;1.4297;0.6754;13;7;0.5385;-261.76;21.76;0.0721;0.0051;0.47;5;0.1848
XAUUSDm;M15;25;2.0;3.00;1;0.80;2.25;4;0;200;0;40;60;0;0;0;0;10000;345;645.02;717.70;1.10;1.8696;0.7014;13;7;0.5385;-234.85;12.34;0.0551;0.0049;0.51;5;0.2606
XAUUSDm;M15;25;2.0;3.00;1;0.80;2.50;1;0;200;0;40;60;0;0;0;0;10000;403;335.65;446.63;1.06;0.8329;0.6055;13;7;0.5385;-177.94;19.53;0.0952;0.0056;0.18;4;0.2179
XAUUSDm;M15;25;2.0;3.00;1;0.80;2.50;2;0;200;0;40;60;0;0;0;0;10000;345;630.64;686.57;1.12;1.8279;0.6841;13;7;0.5385;-197.72;8.45;0.0507;0.0054;0.28;4;0.2663
XAUUSDm;M15;25;2.0;3.00;1;0.80;2.50;3;0;200;0;40;60;0;0;0;0;10000;340;295.37;818.20;1.05;0.8687;0.6765;13;6;0.4615;-268.51;-14.69;0.1082;0.0052;0.49;5;0.0769
XAUUSDm;M15;25;2.0;3.00;1;0.80;2.50;4;0;200;0;40;60;0;0;0;0;10000;340;470.76;721.89;1.08;1.3846;0.7029;13;5;0.3846;-229.56;-10.50;0.0679;0.0050;0.54;5;0.0965
XAUUSDm;M15;25;2.0;3.00;1;1.00;1.00;1;0;200;0;40;60;0;0;0;0;10000;406;2170.73;898.15;1.17;5.3466;0.5394;13;9;0.6923;-481.15;160.05;0.0461;0.0065;0.17;7;1.1584
XAUUSDm;M15;25;2.0;3.00;1;1.00;1.00;2;0;200;0;40;60;0;0;0;0;10000;386;2242.40;1456.60;1.15;5.8093;0.5440;13;8;0.6154;-718.05;288.60;0.0446;0.0059;0.24;7;0.5830
XAUUSDm;M15;25;2.0;3.00;1;1.00;1.00;3;0;200;0;40;60;0;0;0;0;10000;386;1656.32;1846.33;1.10;4.2910;0.5259;13;8;0.6154;-817.86;314.34;0.0604;0.0057;0.41;6;0.3397
XAUUSDm;M15;25;2.0;3.00;1;1.00;1.00;4;0;200;0;40;60;0;0;0;0;10000;386;2070.12;1601.69;1.13;5.3630;0.5337;13;8;0.6154;-762.06;212.43;0.0483;0.0054;0.43;6;0.4895
XAUUSDm;M15;25;2.0;3.00;1;1.00;1.25;1;0;200;0;40;60;0;0;0;0;10000;406;1669.51;766.81;1.15;4.1121;0.5567;13;9;0.6923;-271.60;110.35;0.0479;0.0063;0.18;6;1.0435
XAUUSDm;M15;25;2.0;3.00;1;1.00;1.25;2;0;200;0;40;60;0;0;0;0;10000;375;1853.78;779.38;1.15;4.9434;0.5760;13;8;0.6154;-394.60;182.93;0.0431;0.0058;0.26;6;0.9007
XAUUSDm;M15;25;2.0;3.00;1;1.00;1.25;3;0;200;0;40;60;0;0;0;0;10000;375;1057.92;1375.75;1.08;2.8211;0.5600;13;8;0.6154;-536.88;40.29;0.0756;0.0056;0.45;7;0.2912
XAUUSDm;M15;25;2.0;3.00;1;1.00;1.25;4;0;200;0;40;60;0;0;0;0;10000;374;1397.90;1193.08;1.10;3.7377;0.5722;13;8;0.6154;-424.96;110.18;0.0572;0.0053;0.48;7;0.4437
XAUUSDm;M15;25;2.0;3.00;1;1.00;1.50;1;0;200;0;40;60;0;0;0;0;10000;406;1422.69;832.59;1.15;3.5042;0.5690;13;10;0.7692;-355.92;132.45;0.0468;0.0063;0.19;6;1.0111
XAUUSDm;M15;25;2.0;3.00;1;1.00;1.50;2;0;200;0;40;60;0;0;0;0;10000;366;1596.57;836.32;1.16;4.3622;0.6038;13;7;0.5385;-477.71;137.51;0.0417;0.0057;0.28;6;0.5535
XAUUSDm;M15;25;2.0;3.00;1;1.00;1.50;3;0;200;0;40;60;0;0;0;0;10000;366;894.52;924.32;1.08;2.4440;0.5874;13;7;0.5385;-570.42;13.37;0.0745;0.0055;0.48;6;0.2806
XAUUSDm;M15;25;2.0;3.00;1;1.00;1.50;4;0;200;0;40;60;0;0;0;0;10000;365;959.31;958.52;1.08;2.6282;0.6027;13;7;0.5385;-591.96;121.86;0.0694;0.0053;0.51;6;0.2902
XAUUSDm;M15;25;2.0;3.00;1;1.00;1.75;1;0;200;0;40;60;0;0;0;0;10000;405;863.95;757.59;1.11;2.1332;0.5728;13;10;0.7692;-266.02;59.04;0.0661;0.0064;0.19;6;0.6748
XAUUSDm;M15;25;2.0;3.00;1;1.00;1.75;2;0;200;0;40;60;0;0;0;0;10000;359;1016.31;753.75;1.12;2.8309;0.6156;13;7;0.5385;-242.75;139.34;0.0562;0.0059;0.29;6;0.3909
XAUUSDm;M15;25;2.0;3.00;1;1.00;1.75;3;0;200;0;40;60;0;0;0;0;10000;358;480.44;1097.12;1.05;1.3420;0.5950;13;8;0.6154;-471.16;64.20;0.1188;0.0057;0.50;5;0.1658
XAUUSDm;M15;25;2.0;3.00;1;1.00;1.75;4;0;200;0;40;60;0;0;0;0;10000;357;610.22;1030.32;1.06;1.7093;0.6218;13;7;0.5385;-411.38;36.60;0.0935;0.0053;0.55;5;0.1717
XAUUSDm;M15;25;2.0;3.00;1;1.00;2.00;1;0;200;0;40;60;0;0;0;0;10000;404;534.28;646.65;1.08;1.3225;0.5718;13;7;0.5385;-227.22;17.61;0.0936;0.0065;0.20;6;0.2396
XAUUSDm;M15;25;2.0;3.00;1;1.00;2.00;2;0;200;0;40;60;0;0;0;0;10000;353;469.06;866.80;1.06;1.3288;0.6176;13;7;0.5385;-321.53;43.35;0.1066;0.0061;0.30;5;0.1569
XAUUSDm;M15;25;2.0;3.00;1;1.00;2.00;3;0;200;0;40;60;0;0;0;0;10000;349;174.59;1252.53;1.02;0.5003;0.6017;13;7;0.5385;-445.14;28.54;0.2863;0.0058;0.52;5;0.0212
XAUUSDm;M15;25;2.0;3.00;1;1.00;2.00;4;0;200;0;40;60;0;0;0;0;10000;348;428.66;1148.56;1.05;1.2318;0.6379;13;7;0.5385;-394.56;36.17;0.1166;0.0054;0.57;5;0.1082
XAUUSDm;M15;25;2.0;3.00;1;1.00;2.25;1;0;200;0;40;60;0;0;0;0;10000;403;485.82;470.35;1.08;1.2055;0.5757;13;7;0.5385;-185.44;42.42;0.0915;0.0066;0.20;6;0.2995
XAUUSDm;M15;25;2.0;3.00;1;1.00;2.25;2;0;200;0;40;60;0;0;0;0;10000;346;576.10;730.23;1.09;1.6650;0.6243;13;7;0.5385;-260.22;4.74;0.0771;0.0063;0.32;5;0.2287
XAUUSDm;M15;25;2.0;3.00;1;1.00;2.25;3;0;200;0;40;60;0;0;0;0;10000;340;252.71;988.59;1.04;0.7433;0.6088;13;8;0.6154;-347.08;20.67;0.1758;0.0060;0.54;5;0.0826
XAUUSDm;M15;25;2.0;3.00;1;1.00;2.25;4;0;200;0;40;60;0;0;0;0;10000;339;617.92;847.27;1.08;1.8228;0.6460;13;9;0.6923;-281.16;66.69;0.0719;0.0056;0.60;5;0.3495
XAUUSDm;M15;25;2.0;3.00;1;1.00;2.50;1;0;200;0;40;60;0;0;0;0;10000;403;253.43;512.98;1.04;0.6289;0.5757;13;7;0.5385;-167.79;37.32;0.1577;0.0067;0.21;6;0.1363
XAUUSDm;M15;25;2.0;3.00;1;1.00;2.50;2;0;200;0;40;60;0;0;0;0;10000;341;414.65;712.71;1.07;1.2160;0.6305;13;6;0.4615;-197.53;-5.45;0.0964;0.0064;0.33;5;0.1239
XAUUSDm;M15;25;2.0;3.00;1;1.00;2.50;3;0;200;0;40;60;0;0;0;0;10000;335;5.10;990.98;1.00;0.0152;0.6090;13;6;0.4615;-288.98;-1.22;7.8353;0.0061;0.56;5;0.0000
XAUUSDm;M15;25;2.0;3.00;1;1.00;2.50;4;0;200;0;40;60;0;0;0;0;10000;334;374.26;813.56;1.06;1.1205;0.6467;13;8;0.6154;-288.05;30.25;0.1068;0.0057;0.63;5;0.1742
XAUUSDm;M15;25;2.0;3.00;1;1.20;1.00;1;0;200;0;40;60;0;0;0;0;10000;406;2852.74;892.52;1.21;7.0265;0.5345;13;9;0.6923;-461.18;250.16;0.0421;0.0074;0.18;7;1.5319
XAUUSDm;M15;25;2.0;3.00;1;1.20;1.00;2;0;200;0;40;60;0;0;0;0;10000;386;3258.98;1121.27;1.22;8.4430;0.5311;13;9;0.6923;-523.77;449.25;0.0368;0.0066;0.27;7;1.3931
XAUUSDm;M15;25;2.0;3.00;1;1.20;1.00;3;0;200;0;40;60;0;0;0;0;10000;386;2584.31;1663.21;1.16;6.6951;0.5026;13;8;0.6154;-609.50;177.36;0.0464;0.0063;0.45;6;0.5884
XAUUSDm;M15;25;2.0;3.00;1;1.20;1.00;4;0;200;0;40;60;0;0;0;0;10000;386;2534.36;1450.14;1.15;6.5657;0.5052;13;8;0.6154;-553.70;155.38;0.0473;0.0061;0.48;6;0.6618
XAUUSDm;M15;25;2.0;3.00;1;1.20;1.25;1;0;200;0;40;60;0;0;0;0;10000;406;2244.56;692.81;1.20;5.5285;0.5517;13;9;0.6923;-261.26;231.77;0.0428;0.0072;0.20;6;1.5528
XAUUSDm;M15;25;2.0;3.00;1;1.20;1.25;2;0;200;0;40;60;0;0;0;0;10000;375;2629.38;821.53;1.21;7.0117;0.5627;13;10;0.7692;-494.54;234.38;0.0365;0.0064;0.30;6;1.8938
XAUUSDm;M15;25;2.0;3.00;1;1.20;1.25;3;0;200;0;40;60;0;0;0;0;10000;375;1661.88;1132.55;1.12;4.4317;0.5333;13;6;0.4615;-588.38;-36.83;0.0578;0.0061;0.49;7;0.3126
XAUUSDm;M15;25;2.0;3.00;1;1.20;1.25;4;0;200;0;40;60;0;0;0;0;10000;374;1552.75;1161.38;1.11;4.1517;0.5401;13;6;0.4615;-613.97;-14.67;0.0618;0.0059;0.53;7;0.2848
XAUUSDm;M15;25;2.0;3.00;1;1.20;1.50;1;0;200;0;40;60;0;0;0;0;10000;406;1881.32;759.04;1.20;4.6338;0.5640;13;10;0.7692;-219.44;183.66;0.0425;0.0071;0.20;6;1.4666
XAUUSDm;M15;25;2.0;3.00;1;1.20;1.50;2;0;200;0;40;60;0;0;0;0;10000;366;2262.47;706.59;1.22;6.1816;0.5874;13;9;0.6923;-358.35;74.80;0.0353;0.0063;0.31;6;1.5347
XAUUSDm;M15;25;2.0;3.00;1;1.20;1.50;3;0;200;0;40;60;0;0;0;0;10000;366;1411.00;789.88;1.12;3.8552;0.5601;13;6;0.4615;-408.81;-51.65;0.0566;0.0060;0.52;6;0.3805
XAUUSDm;M15;25;2.0;3.00;1;1.20;1.50;4;0;200;0;40;60;0;0;0;0;10000;365;1167.78;826.99;1.09;3.1994;0.5671;13;6;0.4615;-414.91;-51.65;0.0684;0.0059;0.57;6;0.3008
XAUUSDm;M15;25;2.0;3.00;1;1.20;1.75;1;0;200;0;40;60;0;0;0;0;10000;405;1218.31;650.01;1.15;3.0082;0.5679;13;8;0.6154;-150.80;125.88;0.0562;0.0073;0.21;6;0.7098
XAUUSDm;M15;25;2.0;3.00;1;1.20;1.75;2;0;200;0;40;60;0;0;0;0;10000;359;1566.02;603.77;1.18;4.3622;0.5989;13;8;0.6154;-145.72;86.67;0.0437;0.0065;0.33;6;0.9822
XAUUSDm;M15;25;2.0;3.00;1;1.20;1.75;3;0;200;0;40;60;0;0;0;0;10000;357;874.01;930.85;1.09;2.4482;0.5658;13;6;0.4615;-325.80;-3.82;0.0784;0.0062;0.55;5;0.2000
XAUUSDm;M15;25;2.0;3.00;1;1.20;1.75;4;0;200;0;40;60;0;0;0;0;10000;356;739.29;896.21;1.07;2.0767;0.5843;13;5;0.3846;-266.02;-29.92;0.0927;0.0059;0.61;5;0.1220
XAUUSDm;M15;25;2.0;3.00;1;1.20;2.00;1;0;200;0;40;60;0;0;0;0;10000;404;831.58;539.10;1.12;2.0584;0.5668;13;8;0.6154;-176.92;74.44;0.0721;0.0074;0.21;6;0.5842
XAUUSDm;M15;25;2.0;3.00;1;1.20;2.00;2;0;200;0;40;60;0;0;0;0;10000;353;946.75;758.31;1.12;2.6820;0.6006;13;7;0.5385;-220.26;136.05;0.0634;0.0068;0.34;5;0.3620
XAUUSDm;M15;25;2.0;3.00;1;1.20;2.00;3;0;200;0;40;60;0;0;0;0;10000;348;492.18;1061.19;1.06;1.4143;0.5718;13;7;0.5385;-326.95;1.26;0.1219;0.0064;0.57;5;0.1345
XAUUSDm;M15;25;2.0;3.00;1;1.20;2.00;4;0;200;0;40;60;0;0;0;0;10000;347;516.66;1017.65;1.06;1.4889;0.5994;13;6;0.4615;-276.37;-51.97;0.1161;0.0061;0.64;5;0.1081
XAUUSDm;M15;25;2.0;3.00;1;1.20;2.25;1;0;200;0;40;60;0;0;0;0;10000;403;746.54;457.86;1.12;1.8525;0.5707;13;9;0.6923;-111.19;31.39;0.0714;0.0075;0.22;6;0.7815
XAUUSDm;M15;25;2.0;3.00;1;1.20;2.25;2;0;200;0;40;60;0;0;0;0;10000;346;986.28;594.54;1.15;2.8505;0.6069;13;9;0.6923;-208.80;88.20;0.0541;0.0069;0.35;5;0.7951
XAUUSDm;M15;25;2.0;3.00;1;1.20;2.25;3;0;200;0;40;60;0;0;0;0;10000;339;544.97;784.64;1.07;1.6076;0.5782;13;9;0.6923;-237.54;53.09;0.0978;0.0066;0.59;5;0.3329
XAUUSDm;M15;25;2.0;3.00;1;1.20;2.25;4;0;200;0;40;60;0;0;0;0;10000;338;625.21;812.74;1.08;1.8497;0.6065;13;7;0.5385;-180.13;57.93;0.0853;0.0062;0.66;5;0.2230
XAUUSDm;M15;25;2.0;3.00;1;1.20;2.50;1;0;200;0;40;60;0;0;0;0;10000;403;485.05;446.32;1.08;1.2036;0.5707;13;8;0.6154;-129.99;23.95;0.0988;0.0076;0.22;6;0.4116
XAUUSDm;M15;25;2.0;3.00;1;1.20;2.50;2;0;200;0;40;60;0;0;0;0;10000;341;857.63;530.50;1.14;2.5150;0.6158;13;9;0.6923;-187.46;61.82;0.0559;0.0070;0.36;5;0.7748
XAUUSDm;M15;25;2.0;3.00;1;1.20;2.50;3;0;200;0;40;60;0;0;0;0;10000;335;361.33;756.15;1.05;1.0786;0.5821;13;8;0.6154;-225.78;17.98;0.1327;0.0066;0.61;5;0.1810
XAUUSDm;M15;25;2.0;3.00;1;1.20;2.50;4;0;200;0;40;60;0;0;0;0;10000;333;465.70;707.71;1.07;1.3985;0.6096;13;7;0.5385;-194.32;11.73;0.1029;0.0063;0.69;5;0.1908
XAUUSDm;M15;25;2.0;3.00;1;1.40;1.00;1;0;200;0;40;60;0;0;0;0;10000;406;2560.48;990.04;1.19;6.3066;0.5246;13;10;0.7692;-441.23;99.77;0.0546;0.0087;0.19;8;1.5303
XAUUSDm;M15;25;2.0;3.00;1;1.40;1.00;2;0;200;0;40;60;0;0;0;0;10000;386;3449.67;1329.73;1.22;8.9370;0.5155;13;9;0.6923;-775.59;363.52;0.0405;0.0074;0.30;7;1.2434
XAUUSDm;M15;25;2.0;3.00;1;1.40;1.00;3;0;200;0;40;60;0;0;0;0;10000;386;2593.29;1662.44;1.15;6.7184;0.4741;13;8;0.6154;-861.60;346.22;0.0539;0.0071;0.49;9;0.5601
XAUUSDm;M15;25;2.0;3.00;1;1.40;1.00;4;0;200;0;40;60;0;0;0;0;10000;386;2679.23;1754.94;1.15;6.9410;0.4741;13;8;0.6154;-1011.00;407.22;0.0522;0.0067;0.54;9;0.5482
XAUUSDm;M15;25;2.0;3.00;1;1.40;1.25;1;0;200;0;40;60;0;0;0;0;10000;406;1761.60;821.39;1.16;4.3389;0.5394;13;9;0.6923;-319.58;114.36;0.0635;0.0086;0.21;8;1.0279
XAUUSDm;M15;25;2.0;3.00;1;1.40;1.25;2;0;200;0;40;60;0;0;0;0;10000;374;2394.65;939.88;1.19;6.4028;0.5428;13;9;0.6923;-345.22;126.54;0.0467;0.0074;0.33;7;1.2211
XAUUSDm;M15;25;2.0;3.00;1;1.40;1.25;3;0;200;0;40;60;0;0;0;0;10000;374;1266.54;1448.85;1.09;3.3865;0.5000;13;7;0.5385;-475.40;47.26;0.0883;0.0070;0.54;8;0.2535
XAUUSDm;M15;25;2.0;3.00;1;1.40;1.25;4;0;200;0;40;60;0;0;0;0;10000;373;1155.00;1647.20;1.07;3.0965;0.5040;13;8;0.6154;-635.29;85.82;0.0969;0.0067;0.60;8;0.2655
XAUUSDm;M15;25;2.0;3.00;1;1.40;1.50;1;0;200;0;40;60;0;0;0;0;10000;406;1400.05;810.19;1.15;3.4484;0.5517;13;9;0.6923;-230.58;88.25;0.0666;0.0085;0.22;8;0.8282
XAUUSDm;M15;25;2.0;3.00;1;1.40;1.50;2;0;200;0;40;60;0;0;0;0;10000;365;2061.73;866.89;1.19;5.6486;0.5671;13;9;0.6923;-374.69;62.68;0.0452;0.0073;0.35;6;1.1399
XAUUSDm;M15;25;2.0;3.00;1;1.40;1.50;3;0;200;0;40;60;0;0;0;0;10000;365;1049.17;1050.81;1.08;2.8744;0.5260;13;6;0.4615;-523.70;-31.09;0.0889;0.0069;0.57;7;0.2127
XAUUSDm;M15;25;2.0;3.00;1;1.40;1.50;4;0;200;0;40;60;0;0;0;0;10000;364;946.44;1218.00;1.07;2.6001;0.5330;13;7;0.5385;-551.57;88.19;0.0985;0.0066;0.64;7;0.2253
XAUUSDm;M15;25;2.0;3.00;1;1.40;1.75;1;0;200;0;40;60;0;0;0;0;10000;405;771.12;795.76;1.09;1.9040;0.5556;13;7;0.5385;-201.60;22.80;0.1035;0.0088;0.22;8;0.2810
XAUUSDm;M15;25;2.0;3.00;1;1.40;1.75;2;0;200;0;40;60;0;0;0;0;10000;358;1425.02;902.61;1.16;3.9805;0.5782;13;8;0.6154;-436.78;105.46;0.0561;0.0075;0.36;6;0.5979
XAUUSDm;M15;25;2.0;3.00;1;1.40;1.75;3;0;200;0;40;60;0;0;0;0;10000;356;698.84;1059.56;1.07;1.9630;0.5337;13;8;0.6154;-548.98;29.90;0.1144;0.0070;0.60;6;0.2498
XAUUSDm;M15;25;2.0;3.00;1;1.40;1.75;4;0;200;0;40;60;0;0;0;0;10000;355;754.39;1179.37;1.07;2.1250;0.5521;13;8;0.6154;-580.40;30.78;0.1059;0.0066;0.68;5;0.2422
XAUUSDm;M15;25;2.0;3.00;1;1.40;2.00;1;0;200;0;40;60;0;0;0;0;10000;404;533.04;679.97;1.07;1.3194;0.5569;13;6;0.4615;-229.62;-1.95;0.1310;0.0089;0.23;8;0.1670
XAUUSDm;M15;25;2.0;3.00;1;1.40;2.00;2;0;200;0;40;60;0;0;0;0;10000;352;880.84;911.48;1.11;2.5024;0.5824;13;7;0.5385;-402.70;127.67;0.0793;0.0078;0.37;6;0.2802
XAUUSDm;M15;25;2.0;3.00;1;1.40;2.00;3;0;200;0;40;60;0;0;0;0;10000;347;410.38;1049.88;1.04;1.1827;0.5389;13;7;0.5385;-455.70;82.85;0.1704;0.0073;0.62;6;0.0998
XAUUSDm;M15;25;2.0;3.00;1;1.40;2.00;4;0;200;0;40;60;0;0;0;0;10000;345;529.10;1126.45;1.05;1.5336;0.5681;13;7;0.5385;-463.78;50.52;0.1322;0.0068;0.71;5;0.1362
XAUUSDm;M15;25;2.0;3.00;1;1.40;2.25;1;0;200;0;40;60;0;0;0;0;10000;403;498.64;494.49;1.08;1.2373;0.5608;13;7;0.5385;-120.86;0.21;0.1246;0.0090;0.23;8;0.2924
XAUUSDm;M15;25;2.0;3.00;1;1.40;2.25;2;0;200;0;40;60;0;0;0;0;10000;344;754.16;741.45;1.11;2.1923;0.5872;13;8;0.6154;-263.67;95.14;0.0824;0.0080;0.38;6;0.3852
XAUUSDm;M15;25;2.0;3.00;1;1.40;2.25;3;0;200;0;40;60;0;0;0;0;10000;337;263.36;801.88;1.03;0.7815;0.5430;13;8;0.6154;-311.16;92.93;0.2361;0.0076;0.64;6;0.0790
XAUUSDm;M15;25;2.0;3.00;1;1.40;2.25;4;0;200;0;40;60;0;0;0;0;10000;335;451.81;1035.41;1.05;1.3487;0.5731;13;7;0.5385;-343.90;45.62;0.1376;0.0070;0.73;5;0.1265
XAUUSDm;M15;25;2.0;3.00;1;1.40;2.50;1;0;200;0;40;60;0;0;0;0;10000;403;276.92;509.62;1.05;0.6871;0.5608;13;6;0.4615;-146.04;-21.71;0.2018;0.0091;0.23;8;0.0860
XAUUSDm;M15;25;2.0;3.00;1;1.40;2.50;2;0;200;0;40;60;0;0;0;0;10000;339;799.15;624.05;1.13;2.3574;0.5988;13;8;0.6154;-250.91;70.52;0.0700;0.0081;0.39;6;0.4850
XAUUSDm;M15;25;2.0;3.00;1;1.40;2.50;3;0;200;0;40;60;0;0;0;0;10000;333;306.73;771.70;1.04;0.9211;0.5495;13;8;0.6154;-290.44;13.55;0.1824;0.0075;0.66;6;0.1238
XAUUSDm;M15;25;2.0;3.00;1;1.40;2.50;4;0;200;0;40;60;0;0;0;0;10000;330;468.71;873.41;1.06;1.4203;0.5788;13;7;0.5385;-355.50;13.16;0.1193;0.0071;0.77;5;0.1556
