XAUUSDm;M15;20;2.0;3.00;1;0.60;1.00;1;0;200;0;40;60;0;0;0;0;10000;313;-1985.84;2293.29;0.82;-6.3445;0.5463;12;1;0.0833;-351.40;-181.23;1.0000;0.0067;0.12;7;0.0000
XAUUSDm;M15;20;2.0;3.00;1;0.60;1.00;2;0;200;0;40;60;0;0;0;0;10000;311;-2198.02;2541.38;0.82;-7.0676;0.5659;12;1;0.0833;-602.10;-196.89;1.0000;0.0060;0.15;6;0.0000
XAUUSDm;M15;20;2.0;3.00;1;0.60;1.00;3;0;200;0;40;60;0;0;0;0;10000;311;-2335.56;2643.01;0.81;-7.5098;0.5627;12;1;0.0833;-529.04;-208.55;1.0000;0.0059;0.17;6;0.0000
XAUUSDm;M15;20;2.0;3.00;1;0.60;1.00;4;0;200;0;40;60;0;0;0;0;10000;311;-2283.46;2694.83;0.82;-7.3423;0.5788;12;1;0.0833;-503.11;-235.24;1.0000;0.0058;0.17;6;0.0000
XAUUSDm;M15;20;2.0;3.00;1;0.60;1.25;1;0;200;0;40;60;0;0;0;0;10000;313;-1696.81;1934.64;0.81;-5.4211;0.5719;12;3;0.2500;-430.85;-118.82;1.0000;0.0065;0.14;7;0.0000
XAUUSDm;M15;20;2.0;3.00;1;0.60;1.25;2;0;200;0;40;60;0;0;0;0;10000;308;-2000.22;2247.75;0.81;-6.4942;0.6039;12;3;0.2500;-691.22;-124.28;1.0000;0.0058;0.18;6;0.0000
XAUUSDm;M15;20;2.0;3.00;1;0.60;1.25;3;0;200;0;40;60;0;0;0;0;10000;308;-2688.84;2926.67;0.76;-8.7300;0.5974;12;2;0.1667;-762.53;-167.64;1.0000;0.0056;0.20;6;0.0000
XAUUSDm;M15;20;2.0;3.00;1;0.60;1.25;4;0;200;0;40;60;0;0;0;0;10000;308;-2717.47;3006.86;0.76;-8.8230;0.6104;12;2;0.1667;-741.77;-198.14;1.0000;0.0055;0.21;6;0.0000
XAUUSDm;M15;20;2.0;3.00;1;0.60;1.50;1;0;200;0;40;60;0;0;0;0;10000;313;-1783.62;1987.62;0.77;-5.6985;0.5751;12;3;0.2500;-466.54;-61.55;1.0000;0.0065;0.15;7;0.0000
XAUUSDm;M15;20;2.0;3.00;1;0.60;1.50;2;0;200;0;40;60;0;0;0;0;10000;302;-1577.51;1802.33;0.82;-5.2235;0.6291;12;4;0.3333;-740.08;-83.81;1.0000;0.0057;0.20;5;0.0000
XAUUSDm;M15;20;2.0;3.00;1;0.60;1.50;3;0;200;0;40;60;0;0;0;0;10000;302;-1990.68;2194.68;0.79;-6.5917;0.6358;12;3;0.2500;-679.43;-131.13;1.0000;0.0054;0.23;5;0.0000
XAUUSDm;M15;20;2.0;3.00;1;0.60;1.50;4;0;200;0;40;60;0;0;0;0;10000;302;-1910.59;2139.12;0.80;-6.3265;0.6589;12;3;0.2500;-629.00;-146.51;1.0000;0.0053;0.25;5;0.0000
XAUUSDm;M15;20;2.0;3.00;1;0.60;1.75;1;0;200;0;40;60;0;0;0;0;10000;313;-1320.99;1625.53;0.80;-4.2204;0.5815;12;5;0.4167;-402.64;-77.42;1.0000;0.0065;0.15;7;0.0000
XAUUSDm;M15;20;2.0;3.00;1;0.60;1.75;2;0;200;0;40;60;0;0;0;0;10000;296;-1099.27;1630.09;0.85;-3.7138;0.6520;12;4;0.3333;-746.90;-67.53;1.0000;0.0057;0.22;5;0.0000
XAUUSDm;M15;20;2.0;3.00;1;0.60;1.75;3;0;200;0;40;60;0;0;0;0;10000;296;-1329.50;1648.53;0.83;-4.4916;0.6655;12;4;0.3333;-690.81;-94.10;1.0000;0.0053;0.26;4;0.0000
XAUUSDm;M15;20;2.0;3.00;1;0.60;1.75;4;0;200;0;40;60;0;0;0;0;10000;296;-1172.57;1566.26;0.85;-3.9614;0.6959;12;4;0.3333;-583.77;-46.35;1.0000;0.0051;0.28;4;0.0000
XAUUSDm;M15;20;2.0;3.00;1;0.60;2.00;1;0;200;0;40;60;0;0;0;0;10000;313;-1317.59;1602.39;0.78;-4.2096;0.5847;12;5;0.4167;-414.32;-84.62;1.0000;0.0065;0.16;7;0.0000
XAUUSDm;M15;20;2.0;3.00;1;0.60;2.00;2;0;200;0;40;60;0;0;0;0;10000;289;-873.52;1258.92;0.85;-3.0226;0.6574;12;5;0.4167;-585.88;-62.37;1.0000;0.0058;0.23;5;0.0000
XAUUSDm;M15;20;2.0;3.00;1;0.60;2.00;3;0;200;0;40;60;0;0;0;0;10000;288;-1030.97;1236.51;0.84;-3.5798;0.6736;12;5;0.4167;-581.54;-34.78;1.0000;0.0055;0.28;4;0.0000
XAUUSDm;M15;20;2.0;3.00;1;0.60;2.00;4;0;200;0;40;60;0;0;0;0;10000;288;-959.84;1254.22;0.86;-3.3328;0.7153;12;5;0.4167;-503.61;-84.83;1.0000;0.0052;0.31;4;0.0000
XAUUSDm;M15;20;2.0;3.00;1;0.60;2.25;1;0;200;0;40;60;0;0;0;0;10000;313;-904.52;1086.19;0.82;-2.8898;0.5911;12;5;0.4167;-300.92;-70.21;1.0000;0.0065;0.16;7;0.0000
XAUUSDm;M15;20;2.0;3.00;1;0.60;2.25;2;0;200;0;40;60;0;0;0;0;10000;285;-416.76;734.95;0.92;-1.4623;0.6667;12;5;0.4167;-348.28;-29.20;1.0000;0.0059;0.25;4;0.0000
XAUUSDm;M15;20;2.0;3.00;1;0.60;2.25;3;0;200;0;40;60;0;0;0;0;10000;282;-817.10;1005.62;0.86;-2.8975;0.6844;12;5;0.4167;-394.01;-47.03;1.0000;0.0055;0.31;4;0.0000
XAUUSDm;M15;20;2.0;3.00;1;0.60;2.25;4;0;200;0;40;60;0;0;0;0;10000;282;-656.36;927.25;0.89;-2.3275;0.7305;12;5;0.4167;-395.12;-87.11;1.0000;0.0052;0.34;4;0.0000
XAUUSDm;M15;20;2.0;3.00;1;0.60;2.50;1;0;200;0;40;60;0;0;0;0;10000;313;-842.36;980.86;0.81;-2.6912;0.5911;12;5;0.4167;-279.64;-38.65;1.0000;0.0066;0.16;7;0.0000
XAUUSDm;M15;20;2.0;3.00;1;0.60;2.50;2;0;200;0;40;60;0;0;0;0;10000;283;-356.09;678.96;0.92;-1.2583;0.6678;12;6;0.5000;-332.29;-30.68;1.0000;0.0059;0.26;4;0.0000
XAUUSDm;M15;20;2.0;3.00;1;0.60;2.50;3;0;200;0;40;60;0;0;0;0;10000;279;-745.27;895.74;0.85;-2.6712;0.6882;12;6;0.5000;-354.37;-41.64;1.0000;0.0056;0.32;4;0.0000
XAUUSDm;M15;20;2.0;3.00;1;0.60;2.50;4;0;200;0;40;60;0;0;0;0;10000;279;-555.81;824.99;0.89;-1.9922;0.7384;12;6;0.5000;-309.38;-50.37;1.0000;0.0052;0.36;4;0.0000
XAUUSDm;M15;20;2.0;3.00;1;0.80;1.00;1;0;200;0;40;60;0;0;0;0;10000;313;-2345.87;2687.43;0.80;-7.4948;0.4856;12;3;0.2500;-579.58;-194.90;1.0000;0.0083;0.15;7;0.0000
XAUUSDm;M15;20;2.0;3.00;1;0.80;1.00;2;0;200;0;40;60;0;0;0;0;10000;311;-2817.65;3200.78;0.80;-9.0600;0.4984;12;2;0.1667;-839.48;-105.70;1.0000;0.0072;0.19;6;0.0000
XAUUSDm;M15;20;2.0;3.00;1;0.80;1.00;3;0;200;0;40;60;0;0;0;0;10000;311;-3078.05;3436.94;0.79;-9.8973;0.4791;12;1;0.0833;-747.03;-168.20;1.0000;0.0070;0.22;6;0.0000
XAUUSDm;M15;20;2.0;3.00;1;0.80;1.00;4;0;200;0;40;60;0;0;0;0;10000;311;-2877.92;3299.15;0.80;-9.2538;0.5048;12;1;0.0833;-718.30;-147.17;1.0000;0.0068;0.23;6;0.0000
XAUUSDm;M15;20;2.0;3.00;1;0.80;1.25;1;0;200;0;40;60;0;0;0;0;10000;313;-1858.61;2106.42;0.81;-5.9381;0.5144;12;4;0.3333;-542.38;-95.06;1.0000;0.0081;0.16;7;0.0000
XAUUSDm;M15;20;2.0;3.00;1;0.80;1.25;2;0;200;0;40;60;0;0;0;0;10000;308;-2290.66;2635.42;0.80;-7.4372;0.5357;12;4;0.3333;-876.79;-103.44;1.0000;0.0068;0.23;6;0.0000
XAUUSDm;M15;20;2.0;3.00;1;0.80;1.25;3;0;200;0;40;60;0;0;0;0;10000;308;-3049.44;3436.97;0.76;-9.9008;0.5162;12;1;0.0833;-919.46;-139.82;1.0000;0.0066;0.26;6;0.0000
XAUUSDm;M15;20;2.0;3.00;1;0.80;1.25;4;0;200;0;40;60;0;0;0;0;10000;308;-3053.24;3468.38;0.77;-9.9131;0.5390;12;2;0.1667;-986.68;-161.03;1.0000;0.0064;0.28;6;0.0000
XAUUSDm;M15;20;2.0;3.00;1;0.80;1.50;1;0;200;0;40;60;0;0;0;0;10000;313;-1933.70;2147.19;0.77;-6.1780;0.5176;12;3;0.2500;-525.70;-55.08;1.0000;0.0081;0.17;7;0.0000
XAUUSDm;M15;20;2.0;3.00;1;0.80;1.50;2;0;200;0;40;60;0;0;0;0;10000;302;-1911.07;2119.41;0.81;-6.3280;0.5629;12;5;0.4167;-919.85;-47.62;1.0000;0.0068;0.25;5;0.0000
XAUUSDm;M15;20;2.0;3.00;1;0.80;1.50;3;0;200;0;40;60;0;0;0;0;10000;302;-2445.68;2701.91;0.77;-8.0983;0.5530;12;3;0.2500;-822.53;-111.12;1.0000;0.0064;0.29;6;0.0000
XAUUSDm;M15;20;2.0;3.00;1;0.80;1.50;4;0;200;0;40;60;0;0;0;0;10000;302;-2346.21;2613.61;0.79;-7.7689;0.5861;12;4;0.3333;-860.42;-158.21;1.0000;0.0061;0.32;5;0.0000
XAUUSDm;M15;20;2.0;3.00;1;0.80;1.75;1;0;200;0;40;60;0;0;0;0;10000;313;-1426.72;1737.79;0.80;-4.5582;0.5240;12;4;0.3333;-493.08;-64.23;1.0000;0.0080;0.18;7;0.0000
XAUUSDm;M15;20;2.0;3.00;1;0.80;1.75;2;0;200;0;40;60;0;0;0;0;10000;295;-1233.41;1696.85;0.85;-4.1811;0.5831;12;5;0.4167;-875.78;-60.34;1.0000;0.0067;0.27;5;0.0000
XAUUSDm;M15;20;2.0;3.00;1;0.80;1.75;3;0;200;0;40;60;0;0;0;0;10000;295;-1633.87;1987.13;0.82;-5.5385;0.5831;12;6;0.5000;-847.72;4.08;1.0000;0.0062;0.33;6;0.0000
XAUUSDm;M15;20;2.0;3.00;1;0.80;1.75;4;0;200;0;40;60;0;0;0;0;10000;295;-1366.32;1827.29;0.85;-4.6316;0.6203;12;7;0.5833;-819.10;26.93;1.0000;0.0059;0.37;5;0.0000
XAUUSDm;M15;20;2.0;3.00;1;0.80;2.00;1;0;200;0;40;60;0;0;0;0;10000;313;-1428.51;1661.99;0.78;-4.5639;0.5272;12;5;0.4167;-496.21;-68.71;1.0000;0.0081;0.18;7;0.0000
XAUUSDm;M15;20;2.0;3.00;1;0.80;2.00;2;0;200;0;40;60;0;0;0;0;10000;288;-1130.89;1464.37;0.84;-3.9267;0.5833;12;5;0.4167;-769.59;-14.67;1.0000;0.0070;0.29;6;0.0000
XAUUSDm;M15;20;2.0;3.00;1;0.80;2.00;3;0;200;0;40;60;0;0;0;0;10000;287;-1579.36;1910.01;0.80;-5.5030;0.5854;12;6;0.5000;-890.34;-27.42;1.0000;0.0065;0.36;6;0.0000
XAUUSDm;M15;20;2.0;3.00;1;0.80;2.00;4;0;200;0;40;60;0;0;0;0;10000;287;-1390.40;1715.08;0.83;-4.8446;0.6341;12;6;0.5000;-845.81;-11.45;1.0000;0.0060;0.40;6;0.0000
XAUUSDm;M15;20;2.0;3.00;1;0.80;2.25;1;0;200;0;40;60;0;0;0;0;10000;313;-1016.31;1153.07;0.81;-3.2470;0.5335;12;5;0.4167;-339.46;-56.12;1.0000;0.0081;0.19;7;0.0000
XAUUSDm;M15;20;2.0;3.00;1;0.80;2.25;2;0;200;0;40;60;0;0;0;0;10000;284;-686.31;964.41;0.88;-2.4166;0.5915;12;6;0.5000;-495.55;-5.91;1.0000;0.0070;0.31;6;0.0000
XAUUSDm;M15;20;2.0;3.00;1;0.80;2.25;3;0;200;0;40;60;0;0;0;0;10000;280;-1367.27;1684.35;0.80;-4.8831;0.5964;12;4;0.3333;-625.55;-60.43;1.0000;0.0065;0.39;6;0.0000
XAUUSDm;M15;20;2.0;3.00;1;0.80;2.25;4;0;200;0;40;60;0;0;0;0;10000;280;-1123.14;1504.65;0.84;-4.0112;0.6464;12;4;0.3333;-604.98;-64.47;1.0000;0.0061;0.44;6;0.0000
XAUUSDm;M15;20;2.0;3.00;1;0.80;2.50;1;0;200;0;40;60;0;0;0;0;10000;313;-943.71;1065.21;0.81;-3.0150;0.5335;12;4;0.3333;-326.54;-18.00;1.0000;0.0081;0.19;7;0.0000
XAUUSDm;M15;20;2.0;3.00;1;0.80;2.50;2;0;200;0;40;60;0;0;0;0;10000;282;-474.34;695.95;0.91;-1.6821;0.5922;12;5;0.4167;-466.71;-11.74;1.0000;0.0071;0.31;6;0.0000
XAUUSDm;M15;20;2.0;3.00;1;0.80;2.50;3;0;200;0;40;60;0;0;0;0;10000;277;-1106.68;1372.42;0.81;-3.9952;0.5993;12;4;0.3333;-545.68;-74.05;1.0000;0.0066;0.40;6;0.0000
XAUUSDm;M15;20;2.0;3.00;1;0.80;2.50;4;0;200;0;40;60;0;0;0;0;10000;277;-918.50;1245.71;0.85;-3.3159;0.6534;12;4;0.3333;-581.49;-90.17;1.0000;0.0061;0.47;6;0.0000
XAUUSDm;M15;20;2.0;3.00;1;1.00;1.00;1;0;200;0;40;60;0;0;0;0;10000;313;-1993.79;2480.73;0.84;-6.3699;0.4728;12;2;0.1667;-681.37;-124.41;1.0000;0.0096;0.16;7;0.0000
XAUUSDm;M15;20;2.0;3.00;1;1.00;1.00;2;0;200;0;40;60;0;0;0;0;10000;311;-2450.57;3040.66;0.83;-7.8796;0.4695;12;3;0.2500;-796.41;-145.62;1.0000;0.0082;0.22;7;0.0000
XAUUSDm;M15;20;2.0;3.00;1;1.00;1.00;3;0;200;0;40;60;0;0;0;0;10000;311;-3050.41;3654.72;0.80;-9.8084;0.4373;12;2;0.1667;-784.71;-184.56;1.0000;0.0080;0.26;7;0.0000
XAUUSDm;M15;20;2.0;3.00;1;1.00;1.00;4;0;200;0;40;60;0;0;0;0;10000;311;-2906.04;3544.65;0.82;-9.3442;0.4598;12;3;0.2500;-726.56;-230.66;1.0000;0.0077;0.28;7;0.0000
XAUUSDm;M15;20;2.0;3.00;1;1.00;1.25;1;0;200;0;40;60;0;0;0;0;10000;313;-1522.79;1847.00;0.85;-4.8651;0.5016;12;5;0.4167;-622.78;-91.59;1.0000;0.0094;0.18;7;0.0000
XAUUSDm;M15;20;2.0;3.00;1;1.00;1.25;2;0;200;0;40;60;0;0;0;0;10000;307;-2137.31;2612.73;0.83;-6.9619;0.5049;12;5;0.4167;-861.02;-7.14;1.0000;0.0079;0.26;7;0.0000
XAUUSDm;M15;20;2.0;3.00;1;1.00;1.25;3;0;200;0;40;60;0;0;0;0;10000;307;-3146.22;3637.39;0.77;-10.2483;0.4691;12;3;0.2500;-903.69;-158.76;1.0000;0.0077;0.31;7;0.0000
XAUUSDm;M15;20;2.0;3.00;1;1.00;1.25;4;0;200;0;40;60;0;0;0;0;10000;307;-3013.71;3664.32;0.79;-9.8166;0.4951;12;4;0.3333;-970.91;-254.93;1.0000;0.0072;0.34;7;0.0000
XAUUSDm;M15;20;2.0;3.00;1;1.00;1.50;1;0;200;0;40;60;0;0;0;0;10000;313;-1584.08;1858.34;0.82;-5.0610;0.5080;12;4;0.3333;-537.26;-28.20;1.0000;0.0094;0.19;7;0.0000
XAUUSDm;M15;20;2.0;3.00;1;1.00;1.50;2;0;200;0;40;60;0;0;0;0;10000;301;-1774.98;2108.26;0.83;-5.8969;0.5316;12;5;0.4167;-928.45;-108.45;1.0000;0.0078;0.29;5;0.0000
XAUUSDm;M15;20;2.0;3.00;1;1.00;1.50;3;0;200;0;40;60;0;0;0;0;10000;301;-2480.07;2790.51;0.78;-8.2394;0.5083;12;2;0.1667;-853.91;-120.35;1.0000;0.0074;0.35;6;0.0000
XAUUSDm;M15;20;2.0;3.00;1;1.00;1.50;4;0;200;0;40;60;0;0;0;0;10000;301;-2179.61;2623.35;0.82;-7.2412;0.5449;12;3;0.2500;-882.04;-107.99;1.0000;0.0068;0.39;5;0.0000
XAUUSDm;M15;20;2.0;3.00;1;1.00;1.75;1;0;200;0;40;60;0;0;0;0;10000;313;-1143.10;1489.42;0.84;-3.6521;0.5144;12;4;0.3333;-442.90;-31.36;1.0000;0.0093;0.20;7;0.0000
XAUUSDm;M15;20;2.0;3.00;1;1.00;1.75;2;0;200;0;40;60;0;0;0;0;10000;294;-1084.66;1545.15;0.87;-3.6893;0.5544;12;4;0.3333;-879.54;-74.27;1.0000;0.0078;0.31;5;0.0000
XAUUSDm;M15;20;2.0;3.00;1;1.00;1.75;3;0;200;0;40;60;0;0;0;0;10000;293;-1659.20;2096.91;0.83;-5.6628;0.5358;12;5;0.4167;-915.33;-95.01;1.0000;0.0072;0.39;6;0.0000
XAUUSDm;M15;20;2.0;3.00;1;1.00;1.75;4;0;200;0;40;60;0;0;0;0;10000;293;-1105.52;1657.53;0.89;-3.7731;0.5802;12;5;0.4167;-801.82;-34.95;1.0000;0.0066;0.44;5;0.0000
XAUUSDm;M15;20;2.0;3.00;1;1.00;2.00;1;0;200;0;40;60;0;0;0;0;10000;313;-1156.74;1401.74;0.82;-3.6957;0.5176;12;4;0.3333;-450.96;-30.43;1.0000;0.0094;0.20;7;0.0000
XAUUSDm;M15;20;2.0;3.00;1;1.00;2.00;2;0;200;0;40;60;0;0;0;0;10000;286;-1103.92;1352.65;0.85;-3.8599;0.5524;12;5;0.4167;-774.20;-72.78;1.0000;0.0081;0.32;6;0.0000
XAUUSDm;M15;20;2.0;3.00;1;1.00;2.00;3;0;200;0;40;60;0;0;0;0;10000;284;-1720.89;2095.96;0.79;-6.0595;0.5352;12;5;0.4167;-962.19;-123.76;1.0000;0.0075;0.41;6;0.0000
XAUUSDm;M15;20;2.0;3.00;1;1.00;2.00;4;0;200;0;40;60;0;0;0;0;10000;284;-1282.71;1743.60;0.85;-4.5166;0.5915;12;4;0.3333;-846.86;-84.08;1.0000;0.0069;0.48;6;0.0000
XAUUSDm;M15;20;2.0;3.00;1;1.00;2.25;1;0;200;0;40;60;0;0;0;0;10000;313;-770.66;944.10;0.86;-2.4622;0.5240;12;4;0.3333;-348.13;-9.76;1.0000;0.0094;0.21;7;0.0000
XAUUSDm;M15;20;2.0;3.00;1;1.00;2.25;2;0;200;0;40;60;0;0;0;0;10000;282;-732.69;923.77;0.88;-2.5982;0.5603;12;5;0.4167;-493.11;-72.59;1.0000;0.0082;0.34;6;0.0000
XAUUSDm;M15;20;2.0;3.00;1;1.00;2.25;3;0;200;0;40;60;0;0;0;0;10000;277;-1564.91;1937.32;0.79;-5.6495;0.5451;12;4;0.3333;-689.98;-144.58;1.0000;0.0076;0.45;6;0.0000
XAUUSDm;M15;20;2.0;3.00;1;1.00;2.25;4;0;200;0;40;60;0;0;0;0;10000;277;-1101.61;1619.56;0.85;-3.9769;0.6029;12;4;0.3333;-608.76;-131.01;1.0000;0.0069;0.52;6;0.0000
XAUUSDm;M15;20;2.0;3.00;1;1.00;2.50;1;0;200;0;40;60;0;0;0;0;10000;313;-724.76;878.73;0.85;-2.3155;0.5240;12;5;0.4167;-305.07;-6.29;1.0000;0.0094;0.21;7;0.0000
XAUUSDm;M15;20;2.0;3.00;1;1.00;2.50;2;0;200;0;40;60;0;0;0;0;10000;280;-525.40;673.65;0.90;-1.8764;0.5607;12;5;0.4167;-462.23;-26.60;1.0000;0.0083;0.35;6;0.0000
XAUUSDm;M15;20;2.0;3.00;1;1.00;2.50;3;0;200;0;40;60;0;0;0;0;10000;274;-1275.00;1591.47;0.80;-4.6533;0.5474;12;4;0.3333;-599.11;-88.15;1.0000;0.0077;0.46;6;0.0000
XAUUSDm;M15;20;2.0;3.00;1;1.00;2.50;4;0;200;0;40;60;0;0;0;0;10000;274;-921.23;1371.43;0.86;-3.3622;0.6095;12;4;0.3333;-581.63;-114.67;1.0000;0.0070;0.55;6;0.0000
XAUUSDm;M15;20;2.0;3.00;1;1.20;1.00;1;0;200;0;40;60;0;0;0;0;10000;313;-1838.89;2588.99;0.85;-5.8750;0.4633;12;3;0.2500;-563.76;-168.36;1.0000;0.0111;0.17;7;0.0000
XAUUSDm;M15;20;2.0;3.00;1;1.20;1.00;2;0;200;0;40;60;0;0;0;0;10000;311;-2386.94;3280.18;0.84;-7.6750;0.4534;12;4;0.3333;-849.44;-263.70;1.0000;0.0094;0.25;7;0.0000
XAUUSDm;M15;20;2.0;3.00;1;1.20;1.00;3;0;200;0;40;60;0;0;0;0;10000;311;-3172.25;4096.74;0.81;-10.2002;0.4019;12;2;0.1667;-919.38;-271.06;1.0000;0.0091;0.29;7;0.0000
XAUUSDm;M15;20;2.0;3.00;1;1.20;1.00;4;0;200;0;40;60;0;0;0;0;10000;311;-2949.20;3944.70;0.82;-9.4830;0.4277;12;5;0.4167;-945.16;-258.02;1.0000;0.0087;0.32;7;0.0000
XAUUSDm;M15;20;2.0;3.00;1;1.20;1.25;1;0;200;0;40;60;0;0;0;0;10000;313;-1274.43;1777.16;0.87;-4.0717;0.4952;12;5;0.4167;-528.89;-87.03;1.0000;0.0108;0.19;7;0.0000
XAUUSDm;M15;20;2.0;3.00;1;1.20;1.25;2;0;200;0;40;60;0;0;0;0;10000;307;-1993.99;2649.85;0.84;-6.4951;0.4919;12;4;0.3333;-903.68;-46.96;1.0000;0.0091;0.29;7;0.0000
XAUUSDm;M15;20;2.0;3.00;1;1.20;1.25;3;0;200;0;40;60;0;0;0;0;10000;307;-3061.60;3732.19;0.78;-9.9726;0.4365;12;4;0.3333;-1097.60;-124.88;1.0000;0.0087;0.35;7;0.0000
XAUUSDm;M15;20;2.0;3.00;1;1.20;1.25;4;0;200;0;40;60;0;0;0;0;10000;307;-2985.87;3872.11;0.80;-9.7260;0.4625;12;3;0.2500;-1180.83;-163.25;1.0000;0.0081;0.39;7;0.0000
XAUUSDm;M15;20;2.0;3.00;1;1.20;1.50;1;0;200;0;40;60;0;0;0;0;10000;313;-1384.19;1735.70;0.84;-4.4223;0.5016;12;4;0.3333;-458.68;-68.74;1.0000;0.0108;0.20;7;0.0000
XAUUSDm;M15;20;2.0;3.00;1;1.20;1.50;2;0;200;0;40;60;0;0;0;0;10000;301;-1626.39;2145.94;0.85;-5.4033;0.5183;12;5;0.4167;-962.99;-53.31;1.0000;0.0089;0.32;5;0.0000
XAUUSDm;M15;20;2.0;3.00;1;1.20;1.50;3;0;200;0;40;60;0;0;0;0;10000;301;-2345.54;2804.41;0.80;-7.7925;0.4751;12;3;0.2500;-949.27;-132.21;1.0000;0.0083;0.39;7;0.0000
XAUUSDm;M15;20;2.0;3.00;1;1.20;1.50;4;0;200;0;40;60;0;0;0;0;10000;301;-1976.50;2615.37;0.84;-6.5664;0.5150;12;2;0.1667;-913.17;-131.61;1.0000;0.0075;0.44;7;0.0000
XAUUSDm;M15;20;2.0;3.00;1;1.20;1.75;1;0;200;0;40;60;0;0;0;0;10000;313;-967.50;1312.36;0.87;-3.0911;0.5080;12;5;0.4167;-401.20;-57.37;1.0000;0.0108;0.21;7;0.0000
XAUUSDm;M15;20;2.0;3.00;1;1.20;1.75;2;0;200;0;40;60;0;0;0;0;10000;294;-977.73;1644.89;0.89;-3.3256;0.5408;12;6;0.5000;-909.14;-41.50;1.0000;0.0089;0.34;5;0.0000
XAUUSDm;M15;20;2.0;3.00;1;1.20;1.75;3;0;200;0;40;60;0;0;0;0;10000;293;-1502.95;2064.36;0.85;-5.1295;0.5051;12;5;0.4167;-1008.24;-105.72;1.0000;0.0082;0.44;7;0.0000
XAUUSDm;M15;20;2.0;3.00;1;1.20;1.75;4;0;200;0;40;60;0;0;0;0;10000;293;-823.98;1578.38;0.92;-2.8122;0.5529;12;6;0.5000;-847.64;-24.57;1.0000;0.0073;0.50;7;0.0000
XAUUSDm;M15;20;2.0;3.00;1;1.20;2.00;1;0;200;0;40;60;0;0;0;0;10000;313;-1009.86;1256.25;0.85;-3.2264;0.5112;12;6;0.5000;-413.92;-42.46;1.0000;0.0108;0.21;7;0.0000
XAUUSDm;M15;20;2.0;3.00;1;1.20;2.00;2;0;200;0;40;60;0;0;0;0;10000;286;-1003.37;1420.79;0.87;-3.5083;0.5385;12;5;0.4167;-754.00;-45.09;1.0000;0.0093;0.36;6;0.0000
XAUUSDm;M15;20;2.0;3.00;1;1.20;2.00;3;0;200;0;40;60;0;0;0;0;10000;284;-1504.89;2000.67;0.82;-5.2989;0.5070;12;3;0.2500;-954.45;-64.65;1.0000;0.0085;0.46;6;0.0000
XAUUSDm;M15;20;2.0;3.00;1;1.20;2.00;4;0;200;0;40;60;0;0;0;0;10000;284;-941.44;1560.39;0.89;-3.3149;0.5669;12;5;0.4167;-759.21;-101.87;1.0000;0.0075;0.54;6;0.0000
XAUUSDm;M15;20;2.0;3.00;1;1.20;2.25;1;0;200;0;40;60;0;0;0;0;10000;313;-642.92;849.63;0.88;-2.0541;0.5176;12;6;0.5000;-296.25;-36.95;1.0000;0.0109;0.22;7;0.0000
XAUUSDm;M15;20;2.0;3.00;1;1.20;2.25;2;0;200;0;40;60;0;0;0;0;10000;282;-672.73;967.44;0.89;-2.3856;0.5461;12;5;0.4167;-467.97;-85.49;1.0000;0.0094;0.38;6;0.0000
XAUUSDm;M15;20;2.0;3.00;1;1.20;2.25;3;0;200;0;40;60;0;0;0;0;10000;277;-1403.48;1862.82;0.81;-5.0667;0.5162;12;4;0.3333;-680.50;-103.48;1.0000;0.0086;0.49;6;0.0000
XAUUSDm;M15;20;2.0;3.00;1;1.20;2.25;4;0;200;0;40;60;0;0;0;0;10000;277;-834.96;1489.42;0.89;-3.0143;0.5776;12;5;0.4167;-532.29;-144.00;1.0000;0.0076;0.58;6;0.0000
XAUUSDm;M15;20;2.0;3.00;1;1.20;2.50;1;0;200;0;40;60;0;0;0;0;10000;313;-607.06;790.40;0.88;-1.9395;0.5176;12;6;0.5000;-262.09;-31.11;1.0000;0.0109;0.22;7;0.0000
XAUUSDm;M15;20;2.0;3.00;1;1.20;2.50;2;0;200;0;40;60;0;0;0;0;10000;280;-472.01;783.68;0.91;-1.6857;0.5464;12;6;0.5000;-440.21;2.77;1.0000;0.0095;0.38;6;0.0000
XAUUSDm;M15;20;2.0;3.00;1;1.20;2.50;3;0;200;0;40;60;0;0;0;0;10000;274;-1084.17;1477.25;0.84;-3.9568;0.5219;12;4;0.3333;-590.22;-23.27;1.0000;0.0086;0.51;6;0.0000
XAUUSDm;M15;20;2.0;3.00;1;1.20;2.50;4;0;200;0;40;60;0;0;0;0;10000;274;-665.78;1239.00;0.90;-2.4299;0.5839;12;4;0.3333;-512.21;-58.24;1.0000;0.0076;0.61;6;0.0000
XAUUSDm;M15;20;2.0;3.00;1;1.40;1.00;1;0;200;0;40;60;0;0;0;0;10000;313;-1858.83;2614.92;0.85;-5.9388;0.4601;12;3;0.2500;-547.55;-136.42;1.0000;0.0129;0.18;8;0.0000
XAUUSDm;M15;20;2.0;3.00;1;1.40;1.00;2;0;200;0;40;60;0;0;0;0;10000;311;-3001.45;3728.88;0.81;-9.6510;0.4309;12;3;0.2500;-1027.16;-258.38;1.0000;0.0111;0.27;8;0.0000
XAUUSDm;M15;20;2.0;3.00;1;1.40;1.00;3;0;200;0;40;60;0;0;0;0;10000;311;-3115.39;3817.57;0.82;-10.0173;0.3826;12;4;0.3333;-978.29;-354.42;1.0000;0.0102;0.33;10;0.0000
XAUUSDm;M15;20;2.0;3.00;1;1.40;1.00;4;0;200;0;40;60;0;0;0;0;10000;311;-3015.01;3948.20;0.83;-9.6946;0.3987;12;4;0.3333;-1004.07;-283.07;1.0000;0.0097;0.36;10;0.0000
XAUUSDm;M15;20;2.0;3.00;1;1.40;1.25;1;0;200;0;40;60;0;0;0;0;10000;313;-1262.58;1649.11;0.88;-4.0338;0.4920;12;5;0.4167;-514.65;-56.11;1.0000;0.0125;0.20;7;0.0000
XAUUSDm;M15;20;2.0;3.00;1;1.40;1.25;2;0;200;0;40;60;0;0;0;0;10000;307;-2608.64;3181.62;0.80;-8.4972;0.4691;12;5;0.4167;-1061.94;-122.74;1.0000;0.0107;0.32;7;0.0000
XAUUSDm;M15;20;2.0;3.00;1;1.40;1.25;3;0;200;0;40;60;0;0;0;0;10000;307;-3083.15;3623.80;0.79;-10.0428;0.4169;12;4;0.3333;-1163.24;-208.10;1.0000;0.0097;0.39;7;0.0000
XAUUSDm;M15;20;2.0;3.00;1;1.40;1.25;4;0;200;0;40;60;0;0;0;0;10000;307;-3178.89;3843.10;0.80;-10.3547;0.4300;12;4;0.3333;-1246.47;-252.68;1.0000;0.0090;0.44;7;0.0000
XAUUSDm;M15;20;2.0;3.00;1;1.40;1.50;1;0;200;0;40;60;0;0;0;0;10000;313;-1379.14;1706.11;0.84;-4.4062;0.4984;12;5;0.4167;-446.22;-52.10;1.0000;0.0126;0.21;7;0.0000
XAUUSDm;M15;20;2.0;3.00;1;1.40;1.50;2;0;200;0;40;60;0;0;0;0;10000;301;-2051.15;2489.80;0.81;-6.8145;0.4983;12;3;0.2500;-1112.12;-102.86;1.0000;0.0104;0.34;6;0.0000
XAUUSDm;M15;20;2.0;3.00;1;1.40;1.50;3;0;200;0;40;60;0;0;0;0;10000;301;-2412.04;2748.39;0.81;-8.0134;0.4551;12;5;0.4167;-1022.21;-131.90;1.0000;0.0093;0.43;7;0.0000
XAUUSDm;M15;20;2.0;3.00;1;1.40;1.50;4;0;200;0;40;60;0;0;0;0;10000;301;-2127.83;2663.18;0.84;-7.0692;0.4817;12;3;0.2500;-973.00;-128.50;1.0000;0.0084;0.49;7;0.0000
XAUUSDm;M15;20;2.0;3.00;1;1.40;1.75;1;0;200;0;40;60;0;0;0;0;10000;313;-965.25;1328.16;0.87;-3.0839;0.5048;12;5;0.4167;-464.05;-53.49;1.0000;0.0125;0.22;7;0.0000
XAUUSDm;M15;20;2.0;3.00;1;1.40;1.75;2;0;200;0;40;60;0;0;0;0;10000;294;-1298.97;1893.37;0.86;-4.4183;0.5238;12;5;0.4167;-1043.34;-78.96;1.0000;0.0104;0.37;6;0.0000
XAUUSDm;M15;20;2.0;3.00;1;1.40;1.75;3;0;200;0;40;60;0;0;0;0;10000;293;-1520.40;2083.74;0.85;-5.1891;0.4846;12;5;0.4167;-1087.99;-82.19;1.0000;0.0090;0.48;7;0.0000
XAUUSDm;M15;20;2.0;3.00;1;1.40;1.75;4;0;200;0;40;60;0;0;0;0;10000;293;-901.47;1845.29;0.92;-3.0767;0.5222;12;6;0.5000;-905.86;-9.67;1.0000;0.0080;0.55;7;0.0000
XAUUSDm;M15;20;2.0;3.00;1;1.40;2.00;1;0;200;0;40;60;0;0;0;0;10000;313;-1007.83;1283.25;0.85;-3.2199;0.5080;12;5;0.4167;-472.25;-51.39;1.0000;0.0126;0.22;7;0.0000
XAUUSDm;M15;20;2.0;3.00;1;1.40;2.00;2;0;200;0;40;60;0;0;0;0;10000;286;-1271.23;1635.69;0.84;-4.4449;0.5210;12;5;0.4167;-844.46;-81.51;1.0000;0.0108;0.38;6;0.0000
XAUUSDm;M15;20;2.0;3.00;1;1.40;2.00;3;0;200;0;40;60;0;0;0;0;10000;284;-1398.24;1864.56;0.84;-4.9234;0.4894;12;5;0.4167;-851.72;-80.59;1.0000;0.0094;0.50;6;0.0000
XAUUSDm;M15;20;2.0;3.00;1;1.40;2.00;4;0;200;0;40;60;0;0;0;0;10000;284;-1019.59;1674.51;0.89;-3.5901;0.5387;12;5;0.4167;-768.66;-104.74;1.0000;0.0082;0.59;6;0.0000
XAUUSDm;M15;20;2.0;3.00;1;1.40;2.25;1;0;200;0;40;60;0;0;0;0;10000;313;-631.16;841.43;0.89;-2.0165;0.5144;12;6;0.5000;-288.72;-31.14;1.0000;0.0126;0.23;7;0.0000
XAUUSDm;M15;20;2.0;3.00;1;1.40;2.25;2;0;200;0;40;60;0;0;0;0;10000;282;-855.81;1130.88;0.87;-3.0348;0.5319;12;5;0.4167;-540.22;-82.06;1.0000;0.0109;0.40;6;0.0000
XAUUSDm;M15;20;2.0;3.00;1;1.40;2.25;3;0;200;0;40;60;0;0;0;0;10000;276;-1260.04;1695.70;0.84;-4.5654;0.5000;12;5;0.4167;-585.88;-100.39;1.0000;0.0095;0.53;7;0.0000
XAUUSDm;M15;20;2.0;3.00;1;1.40;2.25;4;0;200;0;40;60;0;0;0;0;10000;276;-826.69;1338.22;0.90;-2.9953;0.5507;12;5;0.4167;-543.99;-146.46;1.0000;0.0083;0.63;6;0.0000
XAUUSDm;M15;20;2.0;3.00;1;1.40;2.50;1;0;200;0;40;60;0;0;0;0;10000;313;-595.25;784.21;0.88;-1.9018;0.5144;12;6;0.5000;-243.90;-26.32;1.0000;0.0127;0.23;7;0.0000
XAUUSDm;M15;20;2.0;3.00;1;1.40;2.50;2;0;200;0;40;60;0;0;0;0;10000;280;-638.29;863.18;0.89;-2.2796;0.5321;12;5;0.4167;-505.27;-31.48;1.0000;0.0109;0.41;6;0.0000
XAUUSDm;M15;20;2.0;3.00;1;1.40;2.50;3;0;200;0;40;60;0;0;0;0;10000;273;-1037.66;1397.83;0.85;-3.8010;0.5018;12;5;0.4167;-508.41;-105.27;1.0000;0.0096;0.55;6;0.0000
XAUUSDm;M15;20;2.0;3.00;1;1.40;2.50;4;0;200;0;40;60;0;0;0;0;10000;273;-726.81;1277.94;0.90;-2.6623;0.5531;12;4;0.3333;-533.87;-120.83;1.0000;0.0084;0.66;6;0.0000
XAUUSDm;M15;25;2.0;3.00;1;0.60;1.00;1;0;200;0;40;60;0;0;0;0;10000;396;-2510.58;3054.50;0.81;-6.3398;0.5354;12;3;0.2500;-854.81;-221.40;1.0000;0.0054;0.13;8;0.0000
XAUUSDm;M15;25;2.0;3.00;1;0.60;1.00;2;0;200;0;40;60;0;0;0;0;10000;384;-2273.34;3101.82;0.84;-5.9202;0.5677;12;2;0.1667;-1055.63;-162.05;1.0000;0.0049;0.17;8;0.0000
XAUUSDm;M15;25;2.0;3.00;1;0.60;1.00;3;0;200;0;40;60;0;0;0;0;10000;383;-2235.01;3294.11;0.85;-5.8355;0.5718;12;3;0.2500;-1059.68;-88.35;1.0000;0.0047;0.18;8;0.0000
XAUUSDm;M15;25;2.0;3.00;1;0.60;1.00;4;0;200;0;40;60;0;0;0;0;10000;383;-2156.29;3251.12;0.86;-5.6300;0.5875;12;3;0.2500;-1014.18;-112.36;1.0000;0.0046;0.19;8;0.0000
XAUUSDm;M15;25;2.0;3.00;1;0.60;1.25;1;0;200;0;40;60;0;0;0;0;10000;396;-2274.67;2592.91;0.80;-5.7441;0.5606;12;2;0.1667;-784.44;-153.15;1.0000;0.0053;0.15;8;0.0000
XAUUSDm;M15;25;2.0;3.00;1;0.60;1.25;2;0;200;0;40;60;0;0;0;0;10000;373;-2554.44;2906.48;0.80;-6.8484;0.5979;12;2;0.1667;-902.75;-196.97;1.0000;0.0048;0.19;8;0.0000
XAUUSDm;M15;25;2.0;3.00;1;0.60;1.25;3;0;200;0;40;60;0;0;0;0;10000;371;-2730.47;3263.81;0.79;-7.3598;0.6011;12;1;0.0833;-1016.26;-175.86;1.0000;0.0047;0.22;8;0.0000
XAUUSDm;M15;25;2.0;3.00;1;0.60;1.25;4;0;200;0;40;60;0;0;0;0;10000;371;-2853.61;3365.37;0.79;-7.6917;0.6119;12;1;0.0833;-975.73;-167.55;1.0000;0.0046;0.24;8;0.0000
XAUUSDm;M15;25;2.0;3.00;1;0.60;1.50;1;0;200;0;40;60;0;0;0;0;10000;396;-2013.15;2263.43;0.79;-5.0837;0.5657;12;2;0.1667;-687.07;-108.80;1.0000;0.0053;0.16;8;0.0000
XAUUSDm;M15;25;2.0;3.00;1;0.60;1.50;2;0;200;0;40;60;0;0;0;0;10000;361;-1813.78;2072.30;0.82;-5.0243;0.6205;12;3;0.2500;-628.61;-105.32;1.0000;0.0048;0.21;5;0.0000
XAUUSDm;M15;25;2.0;3.00;1;0.60;1.50;3;0;200;0;40;60;0;0;0;0;10000;359;-1749.64;2048.37;0.83;-4.8736;0.6379;12;3;0.2500;-646.32;-76.05;1.0000;0.0046;0.26;6;0.0000
XAUUSDm;M15;25;2.0;3.00;1;0.60;1.50;4;0;200;0;40;60;0;0;0;0;10000;359;-1672.99;1927.83;0.84;-4.6601;0.6574;12;3;0.2500;-619.18;-94.95;1.0000;0.0045;0.28;6;0.0000
XAUUSDm;M15;25;2.0;3.00;1;0.60;1.75;1;0;200;0;40;60;0;0;0;0;10000;396;-1551.22;1760.08;0.81;-3.9172;0.5682;12;2;0.1667;-583.15;-87.66;1.0000;0.0053;0.16;8;0.0000
XAUUSDm;M15;25;2.0;3.00;1;0.60;1.75;2;0;200;0;40;60;0;0;0;0;10000;346;-1478.94;1693.32;0.82;-4.2744;0.6358;12;2;0.1667;-585.72;-91.07;1.0000;0.0050;0.24;5;0.0000
XAUUSDm;M15;25;2.0;3.00;1;0.60;1.75;3;0;200;0;40;60;0;0;0;0;10000;342;-1361.17;1786.03;0.84;-3.9800;0.6579;12;4;0.3333;-660.61;-40.75;1.0000;0.0047;0.29;5;0.0000
XAUUSDm;M15;25;2.0;3.00;1;0.60;1.75;4;0;200;0;40;60;0;0;0;0;10000;342;-1250.08;1738.27;0.86;-3.6552;0.6813;12;5;0.4167;-628.40;-46.02;1.0000;0.0045;0.32;5;0.0000
XAUUSDm;M15;25;2.0;3.00;1;0.60;2.00;1;0;200;0;40;60;0;0;0;0;10000;396;-1616.16;1798.88;0.78;-4.0812;0.5682;12;2;0.1667;-561.31;-87.72;1.0000;0.0054;0.17;8;0.0000
XAUUSDm;M15;25;2.0;3.00;1;0.60;2.00;2;0;200;0;40;60;0;0;0;0;10000;341;-1433.93;1616.65;0.80;-4.2051;0.6393;12;3;0.2500;-446.08;-72.37;1.0000;0.0051;0.24;5;0.0000
XAUUSDm;M15;25;2.0;3.00;1;0.60;2.00;3;0;200;0;40;60;0;0;0;0;10000;336;-1275.77;1570.47;0.83;-3.7969;0.6667;12;5;0.4167;-625.28;-50.78;1.0000;0.0048;0.30;5;0.0000
XAUUSDm;M15;25;2.0;3.00;1;0.60;2.00;4;0;200;0;40;60;0;0;0;0;10000;335;-1316.11;1550.56;0.83;-3.9287;0.6955;12;4;0.3333;-630.39;-54.71;1.0000;0.0046;0.34;5;0.0000
XAUUSDm;M15;25;2.0;3.00;1;0.60;2.25;1;0;200;0;40;60;0;0;0;0;10000;396;-1150.50;1308.93;0.81;-2.9053;0.5707;12;4;0.3333;-523.04;-78.80;1.0000;0.0054;0.17;8;0.0000
XAUUSDm;M15;25;2.0;3.00;1;0.60;2.25;2;0;200;0;40;60;0;0;0;0;10000;331;-932.58;1228.95;0.85;-2.8175;0.6465;12;3;0.2500;-387.49;-88.45;1.0000;0.0052;0.26;5;0.0000
XAUUSDm;M15;25;2.0;3.00;1;0.60;2.25;3;0;200;0;40;60;0;0;0;0;10000;324;-1097.06;1548.41;0.83;-3.3860;0.6728;12;5;0.4167;-596.96;-29.49;1.0000;0.0049;0.33;5;0.0000
XAUUSDm;M15;25;2.0;3.00;1;0.60;2.25;4;0;200;0;40;60;0;0;0;0;10000;323;-1185.94;1666.42;0.83;-3.6716;0.7059;12;4;0.3333;-618.15;-47.38;1.0000;0.0047;0.37;5;0.0000
XAUUSDm;M15;25;2.0;3.00;1;0.60;2.50;1;0;200;0;40;60;0;0;0;0;10000;396;-945.93;1082.13;0.82;-2.3887;0.5707;12;4;0.3333;-485.76;-59.06;1.0000;0.0054;0.17;8;0.0000
XAUUSDm;M15;25;2.0;3.00;1;0.60;2.50;2;0;200;0;40;60;0;0;0;0;10000;326;-832.72;990.52;0.84;-2.5544;0.6472;12;4;0.3333;-406.47;-56.45;1.0000;0.0053;0.27;5;0.0000
XAUUSDm;M15;25;2.0;3.00;1;0.60;2.50;3;0;200;0;40;60;0;0;0;0;10000;318;-905.44;1199.37;0.84;-2.8473;0.6761;12;5;0.4167;-569.71;-22.31;1.0000;0.0050;0.35;5;0.0000
XAUUSDm;M15;25;2.0;3.00;1;0.60;2.50;4;0;200;0;40;60;0;0;0;0;10000;316;-982.56;1335.53;0.84;-3.1094;0.7120;12;3;0.2500;-560.03;-61.11;1.0000;0.0048;0.39;5;0.0000
XAUUSDm;M15;25;2.0;3.00;1;0.80;1.00;1;0;200;0;40;60;0;0;0;0;10000;396;-3458.82;3914.97;0.76;-8.7344;0.4798;12;1;0.0833;-1031.80;-188.00;1.0000;0.0072;0.16;8;0.0000
XAUUSDm;M15;25;2.0;3.00;1;0.80;1.00;2;0;200;0;40;60;0;0;0;0;10000;382;-3530.27;4052.84;0.79;-9.2415;0.4895;12;2;0.1667;-1223.36;-296.32;1.0000;0.0060;0.21;8;0.0000
XAUUSDm;M15;25;2.0;3.00;1;0.80;1.00;3;0;200;0;40;60;0;0;0;0;10000;381;-3709.46;4400.50;0.79;-9.7361;0.4803;12;2;0.1667;-1225.27;-238.59;1.0000;0.0058;0.24;8;0.0000
XAUUSDm;M15;25;2.0;3.00;1;0.80;1.00;4;0;200;0;40;60;0;0;0;0;10000;381;-3472.11;4217.07;0.81;-9.1131;0.5013;12;2;0.1667;-1108.20;-228.75;1.0000;0.0056;0.26;8;0.0000
XAUUSDm;M15;25;2.0;3.00;1;0.80;1.25;1;0;200;0;40;60;0;0;0;0;10000;396;-2952.80;3289.61;0.76;-7.4566;0.5076;12;2;0.1667;-962.10;-178.42;1.0000;0.0070;0.17;8;0.0000
XAUUSDm;M15;25;2.0;3.00;1;0.80;1.25;2;0;200;0;40;60;0;0;0;0;10000;370;-3673.27;4170.92;0.75;-9.9278;0.5162;12;4;0.3333;-1144.09;-211.73;1.0000;0.0059;0.24;8;0.0000
XAUUSDm;M15;25;2.0;3.00;1;0.80;1.25;3;0;200;0;40;60;0;0;0;0;10000;367;-4106.64;4680.93;0.73;-11.1898;0.5041;12;2;0.1667;-1255.85;-236.01;1.0000;0.0058;0.29;8;0.0000
XAUUSDm;M15;25;2.0;3.00;1;0.80;1.25;4;0;200;0;40;60;0;0;0;0;10000;367;-4285.42;4860.81;0.73;-11.6769;0.5204;12;2;0.1667;-1158.71;-262.43;1.0000;0.0056;0.31;8;0.0000
XAUUSDm;M15;25;2.0;3.00;1;0.80;1.50;1;0;200;0;40;60;0;0;0;0;10000;396;-2612.59;2878.44;0.74;-6.5974;0.5126;12;2;0.1667;-852.59;-129.28;1.0000;0.0070;0.18;8;0.0000
XAUUSDm;M15;25;2.0;3.00;1;0.80;1.50;2;0;200;0;40;60;0;0;0;0;10000;357;-2989.36;3316.61;0.75;-8.3736;0.5350;12;4;0.3333;-905.58;-122.74;1.0000;0.0060;0.27;5;0.0000
XAUUSDm;M15;25;2.0;3.00;1;0.80;1.50;3;0;200;0;40;60;0;0;0;0;10000;354;-3150.94;3446.41;0.75;-8.9010;0.5367;12;1;0.0833;-909.71;-161.33;1.0000;0.0057;0.33;7;0.0000
XAUUSDm;M15;25;2.0;3.00;1;0.80;1.50;4;0;200;0;40;60;0;0;0;0;10000;354;-3126.30;3370.91;0.76;-8.8314;0.5621;12;2;0.1667;-795.23;-238.40;1.0000;0.0054;0.37;7;0.0000
XAUUSDm;M15;25;2.0;3.00;1;0.80;1.75;1;0;200;0;40;60;0;0;0;0;10000;396;-2061.27;2283.29;0.76;-5.2052;0.5152;12;2;0.1667;-726.07;-97.94;1.0000;0.0070;0.19;8;0.0000
XAUUSDm;M15;25;2.0;3.00;1;0.80;1.75;2;0;200;0;40;60;0;0;0;0;10000;341;-2510.81;2729.55;0.74;-7.3631;0.5484;12;3;0.2500;-812.36;-165.16;1.0000;0.0063;0.29;5;0.0000
XAUUSDm;M15;25;2.0;3.00;1;0.80;1.75;3;0;200;0;40;60;0;0;0;0;10000;335;-2737.65;3018.22;0.74;-8.1721;0.5522;12;5;0.4167;-888.30;-170.08;1.0000;0.0059;0.36;7;0.0000
XAUUSDm;M15;25;2.0;3.00;1;0.80;1.75;4;0;200;0;40;60;0;0;0;0;10000;335;-2562.89;2765.22;0.76;-7.6504;0.5791;12;4;0.3333;-791.94;-129.47;1.0000;0.0056;0.41;6;0.0000
XAUUSDm;M15;25;2.0;3.00;1;0.80;2.00;1;0;200;0;40;60;0;0;0;0;10000;396;-2002.28;2175.76;0.74;-5.0563;0.5152;12;3;0.2500;-690.59;-100.53;1.0000;0.0071;0.19;8;0.0000
XAUUSDm;M15;25;2.0;3.00;1;0.80;2.00;2;0;200;0;40;60;0;0;0;0;10000;336;-2349.48;2518.55;0.73;-6.9925;0.5506;12;3;0.2500;-624.59;-118.66;1.0000;0.0064;0.30;5;0.0000
XAUUSDm;M15;25;2.0;3.00;1;0.80;2.00;3;0;200;0;40;60;0;0;0;0;10000;329;-2322.03;2579.35;0.74;-7.0578;0.5653;12;5;0.4167;-756.80;-122.50;1.0000;0.0060;0.38;6;0.0000
XAUUSDm;M15;25;2.0;3.00;1;0.80;2.00;4;0;200;0;40;60;0;0;0;0;10000;328;-2354.01;2501.78;0.75;-7.1769;0.5945;12;3;0.2500;-727.27;-83.97;1.0000;0.0056;0.44;6;0.0000
XAUUSDm;M15;25;2.0;3.00;1;0.80;2.25;1;0;200;0;40;60;0;0;0;0;10000;396;-1493.05;1633.21;0.77;-3.7703;0.5177;12;4;0.3333;-658.81;-62.24;1.0000;0.0071;0.20;8;0.0000
XAUUSDm;M15;25;2.0;3.00;1;0.80;2.25;2;0;200;0;40;60;0;0;0;0;10000;326;-1739.41;1875.65;0.76;-5.3356;0.5583;12;3;0.2500;-560.82;-113.72;1.0000;0.0065;0.32;5;0.0000
XAUUSDm;M15;25;2.0;3.00;1;0.80;2.25;3;0;200;0;40;60;0;0;0;0;10000;316;-2014.23;2302.51;0.74;-6.3741;0.5759;12;4;0.3333;-740.67;-78.55;1.0000;0.0061;0.41;6;0.0000
XAUUSDm;M15;25;2.0;3.00;1;0.80;2.25;4;0;200;0;40;60;0;0;0;0;10000;315;-2057.52;2283.65;0.75;-6.5318;0.6095;12;3;0.2500;-722.69;-126.80;1.0000;0.0057;0.47;6;0.0000
XAUUSDm;M15;25;2.0;3.00;1;0.80;2.50;1;0;200;0;40;60;0;0;0;0;10000;396;-1259.64;1374.55;0.78;-3.1809;0.5177;12;4;0.3333;-612.90;-47.78;1.0000;0.0071;0.20;8;0.0000
XAUUSDm;M15;25;2.0;3.00;1;0.80;2.50;2;0;200;0;40;60;0;0;0;0;10000;321;-1428.56;1539.53;0.77;-4.4503;0.5576;12;4;0.3333;-549.03;-94.71;1.0000;0.0066;0.32;6;0.0000
XAUUSDm;M15;25;2.0;3.00;1;0.80;2.50;3;0;200;0;40;60;0;0;0;0;10000;310;-1625.88;1839.09;0.76;-5.2448;0.5774;12;5;0.4167;-705.05;-62.72;1.0000;0.0063;0.43;6;0.0000
XAUUSDm;M15;25;2.0;3.00;1;0.80;2.50;4;0;200;0;40;60;0;0;0;0;10000;308;-1743.14;1920.52;0.76;-5.6595;0.6136;12;2;0.1667;-668.49;-98.14;1.0000;0.0058;0.50;6;0.0000
XAUUSDm;M15;25;2.0;3.00;1;1.00;1.00;1;0;200;0;40;60;0;0;0;0;10000;396;-3349.05;3962.94;0.78;-8.4572;0.4672;12;1;0.0833;-1061.89;-254.72;1.0000;0.0086;0.17;8;0.0000
XAUUSDm;M15;25;2.0;3.00;1;1.00;1.00;2;0;200;0;40;60;0;0;0;0;10000;381;-4077.16;4834.26;0.77;-10.7012;0.4462;12;2;0.1667;-1431.02;-311.41;1.0000;0.0072;0.25;12;0.0000
XAUUSDm;M15;25;2.0;3.00;1;1.00;1.00;3;0;200;0;40;60;0;0;0;0;10000;380;-4381.97;5393.58;0.77;-11.5315;0.4342;12;2;0.1667;-1461.30;-372.06;1.0000;0.0069;0.29;9;0.0000
XAUUSDm;M15;25;2.0;3.00;1;1.00;1.00;4;0;200;0;40;60;0;0;0;0;10000;380;-3809.35;4913.88;0.80;-10.0246;0.4526;12;2;0.1667;-1339.63;-311.50;1.0000;0.0065;0.32;12;0.0000
XAUUSDm;M15;25;2.0;3.00;1;1.00;1.25;1;0;200;0;40;60;0;0;0;0;10000;396;-2808.08;3253.90;0.77;-7.0911;0.4949;12;2;0.1667;-983.26;-137.94;1.0000;0.0084;0.19;8;0.0000
XAUUSDm;M15;25;2.0;3.00;1;1.00;1.25;2;0;200;0;40;60;0;0;0;0;10000;367;-4112.57;4641.73;0.73;-11.2059;0.4714;12;4;0.3333;-1333.35;-249.88;1.0000;0.0072;0.28;12;0.0000
XAUUSDm;M15;25;2.0;3.00;1;1.00;1.25;3;0;200;0;40;60;0;0;0;0;10000;364;-4536.35;5198.80;0.72;-12.4625;0.4588;12;3;0.2500;-1486.49;-221.78;1.0000;0.0069;0.35;9;0.0000
XAUUSDm;M15;25;2.0;3.00;1;1.00;1.25;4;0;200;0;40;60;0;0;0;0;10000;364;-4542.59;5311.79;0.73;-12.4796;0.4725;12;3;0.2500;-1384.44;-319.26;1.0000;0.0065;0.39;12;0.0000
XAUUSDm;M15;25;2.0;3.00;1;1.00;1.50;1;0;200;0;40;60;0;0;0;0;10000;396;-2418.79;2775.54;0.77;-6.1081;0.5025;12;3;0.2500;-871.11;-146.35;1.0000;0.0084;0.20;8;0.0000
XAUUSDm;M15;25;2.0;3.00;1;1.00;1.50;2;0;200;0;40;60;0;0;0;0;10000;354;-3345.34;3730.76;0.73;-9.4501;0.4887;12;4;0.3333;-964.94;-183.79;1.0000;0.0073;0.31;8;0.0000
XAUUSDm;M15;25;2.0;3.00;1;1.00;1.50;3;0;200;0;40;60;0;0;0;0;10000;351;-3443.62;3836.48;0.74;-9.8109;0.4929;12;2;0.1667;-1068.36;-161.88;1.0000;0.0068;0.39;8;0.0000
XAUUSDm;M15;25;2.0;3.00;1;1.00;1.50;4;0;200;0;40;60;0;0;0;0;10000;351;-3261.73;3726.88;0.77;-9.2927;0.5157;12;2;0.1667;-991.02;-231.07;1.0000;0.0063;0.44;8;0.0000
XAUUSDm;M15;25;2.0;3.00;1;1.00;1.75;1;0;200;0;40;60;0;0;0;0;10000;396;-1910.61;2211.00;0.78;-4.8248;0.5051;12;3;0.2500;-743.45;-112.20;1.0000;0.0084;0.21;8;0.0000
XAUUSDm;M15;25;2.0;3.00;1;1.00;1.75;2;0;200;0;40;60;0;0;0;0;10000;338;-2725.80;2996.71;0.73;-8.0645;0.5030;12;3;0.2500;-806.32;-200.79;1.0000;0.0076;0.33;7;0.0000
XAUUSDm;M15;25;2.0;3.00;1;1.00;1.75;3;0;200;0;40;60;0;0;0;0;10000;331;-2834.78;3187.38;0.74;-8.5643;0.5106;12;5;0.4167;-922.38;-285.28;1.0000;0.0070;0.43;7;0.0000
XAUUSDm;M15;25;2.0;3.00;1;1.00;1.75;4;0;200;0;40;60;0;0;0;0;10000;331;-2540.66;2921.62;0.78;-7.6757;0.5347;12;3;0.2500;-861.85;-203.09;1.0000;0.0065;0.49;7;0.0000
XAUUSDm;M15;25;2.0;3.00;1;1.00;2.00;1;0;200;0;40;60;0;0;0;0;10000;396;-1848.61;2090.13;0.76;-4.6682;0.5051;12;3;0.2500;-705.88;-104.02;1.0000;0.0085;0.21;8;0.0000
XAUUSDm;M15;25;2.0;3.00;1;1.00;2.00;2;0;200;0;40;60;0;0;0;0;10000;332;-2664.83;2871.39;0.70;-8.0266;0.5030;12;3;0.2500;-746.35;-197.80;1.0000;0.0079;0.34;7;0.0000
XAUUSDm;M15;25;2.0;3.00;1;1.00;2.00;3;0;200;0;40;60;0;0;0;0;10000;324;-2573.09;2870.91;0.73;-7.9416;0.5185;12;4;0.3333;-928.97;-183.45;1.0000;0.0071;0.45;7;0.0000
XAUUSDm;M15;25;2.0;3.00;1;1.00;2.00;4;0;200;0;40;60;0;0;0;0;10000;323;-2458.12;2751.81;0.76;-7.6103;0.5480;12;3;0.2500;-890.71;-195.33;1.0000;0.0066;0.52;7;0.0000
XAUUSDm;M15;25;2.0;3.00;1;1.00;2.25;1;0;200;0;40;60;0;0;0;0;10000;396;-1351.19;1558.11;0.79;-3.4121;0.5076;12;4;0.3333;-672.30;-80.70;1.0000;0.0085;0.21;8;0.0000
XAUUSDm;M15;25;2.0;3.00;1;1.00;2.25;2;0;200;0;40;60;0;0;0;0;10000;322;-2006.08;2175.11;0.73;-6.2301;0.5124;12;4;0.3333;-720.24;-174.28;1.0000;0.0081;0.36;7;0.0000
XAUUSDm;M15;25;2.0;3.00;1;1.00;2.25;3;0;200;0;40;60;0;0;0;0;10000;311;-2221.81;2561.88;0.73;-7.1441;0.5305;12;4;0.3333;-916.60;-162.24;1.0000;0.0073;0.48;7;0.0000
XAUUSDm;M15;25;2.0;3.00;1;1.00;2.25;4;0;200;0;40;60;0;0;0;0;10000;310;-2103.11;2466.05;0.76;-6.7842;0.5645;12;4;0.3333;-889.63;-162.92;1.0000;0.0066;0.56;7;0.0000
XAUUSDm;M15;25;2.0;3.00;1;1.00;2.50;1;0;200;0;40;60;0;0;0;0;10000;396;-1136.60;1313.21;0.80;-2.8702;0.5076;12;4;0.3333;-624.28;-52.38;1.0000;0.0085;0.21;8;0.0000
XAUUSDm;M15;25;2.0;3.00;1;1.00;2.50;2;0;200;0;40;60;0;0;0;0;10000;317;-1687.48;1824.32;0.74;-5.3233;0.5110;12;4;0.3333;-687.47;-115.89;1.0000;0.0082;0.37;9;0.0000
XAUUSDm;M15;25;2.0;3.00;1;1.00;2.50;3;0;200;0;40;60;0;0;0;0;10000;305;-1810.25;2065.25;0.75;-5.9352;0.5311;12;5;0.4167;-863.59;-128.22;1.0000;0.0075;0.50;7;0.0000
XAUUSDm;M15;25;2.0;3.00;1;1.00;2.50;4;0;200;0;40;60;0;0;0;0;10000;303;-1805.89;2105.58;0.77;-5.9600;0.5677;12;3;0.2500;-820.06;-160.13;1.0000;0.0068;0.59;9;0.0000
XAUUSDm;M15;25;2.0;3.00;1;1.20;1.00;1;0;200;0;40;60;0;0;0;0;10000;396;-2771.04;3786.99;0.82;-6.9976;0.4621;12;3;0.2500;-965.89;-172.03;1.0000;0.0097;0.18;8;0.0000
XAUUSDm;M15;25;2.0;3.00;1;1.20;1.00;2;0;200;0;40;60;0;0;0;0;10000;381;-3875.78;4775.77;0.79;-10.1727;0.4304;12;2;0.1667;-1342.29;-298.47;1.0000;0.0083;0.27;12;0.0000
XAUUSDm;M15;25;2.0;3.00;1;1.20;1.00;3;0;200;0;40;60;0;0;0;0;10000;380;-4764.05;5735.12;0.76;-12.5370;0.4026;12;2;0.1667;-1363.59;-400.49;1.0000;0.0080;0.32;9;0.0000
XAUUSDm;M15;25;2.0;3.00;1;1.20;1.00;4;0;200;0;40;60;0;0;0;0;10000;380;-4114.77;5139.40;0.80;-10.8283;0.4184;12;3;0.2500;-1147.83;-369.64;1.0000;0.0074;0.36;12;0.0000
XAUUSDm;M15;25;2.0;3.00;1;1.20;1.25;1;0;200;0;40;60;0;0;0;0;10000;396;-2223.32;2739.55;0.82;-5.6144;0.4924;12;2;0.1667;-907.39;-73.45;1.0000;0.0094;0.20;8;0.0000
XAUUSDm;M15;25;2.0;3.00;1;1.20;1.25;2;0;200;0;40;60;0;0;0;0;10000;366;-3739.76;4460.39;0.76;-10.2179;0.4590;12;4;0.3333;-1211.50;-170.48;1.0000;0.0082;0.30;12;0.0000
XAUUSDm;M15;25;2.0;3.00;1;1.20;1.25;3;0;200;0;40;60;0;0;0;0;10000;363;-4496.73;5344.28;0.73;-12.3877;0.4298;12;2;0.1667;-1364.64;-326.94;1.0000;0.0079;0.38;9;0.0000
XAUUSDm;M15;25;2.0;3.00;1;1.20;1.25;4;0;200;0;40;60;0;0;0;0;10000;363;-4625.24;5636.48;0.74;-12.7417;0.4408;12;2;0.1667;-1246.72;-396.70;1.0000;0.0073;0.43;12;0.0000
XAUUSDm;M15;25;2.0;3.00;1;1.20;1.50;1;0;200;0;40;60;0;0;0;0;10000;396;-1937.88;2353.50;0.81;-4.8936;0.5000;12;3;0.2500;-809.06;-97.30;1.0000;0.0094;0.21;8;0.0000
XAUUSDm;M15;25;2.0;3.00;1;1.20;1.50;2;0;200;0;40;60;0;0;0;0;10000;353;-3109.87;3691.77;0.75;-8.8098;0.4759;12;4;0.3333;-865.39;-161.92;1.0000;0.0083;0.33;8;0.0000
XAUUSDm;M15;25;2.0;3.00;1;1.20;1.50;3;0;200;0;40;60;0;0;0;0;10000;350;-3382.53;3917.39;0.75;-9.6644;0.4629;12;3;0.2500;-996.41;-245.87;1.0000;0.0078;0.43;8;0.0000
XAUUSDm;M15;25;2.0;3.00;1;1.20;1.50;4;0;200;0;40;60;0;0;0;0;10000;350;-3178.84;3833.11;0.78;-9.0824;0.4857;12;3;0.2500;-866.67;-317.92;1.0000;0.0071;0.49;8;0.0000
XAUUSDm;M15;25;2.0;3.00;1;1.20;1.75;1;0;200;0;40;60;0;0;0;0;10000;396;-1495.12;1846.36;0.83;-3.7756;0.5025;12;4;0.3333;-690.25;-74.32;1.0000;0.0094;0.22;8;0.0000
XAUUSDm;M15;25;2.0;3.00;1;1.20;1.75;2;0;200;0;40;60;0;0;0;0;10000;337;-2513.39;2893.92;0.76;-7.4581;0.4896;12;3;0.2500;-706.70;-208.04;1.0000;0.0087;0.36;7;0.0000
XAUUSDm;M15;25;2.0;3.00;1;1.20;1.75;3;0;200;0;40;60;0;0;0;0;10000;330;-2681.18;3144.31;0.76;-8.1248;0.4818;12;4;0.3333;-861.85;-284.25;1.0000;0.0080;0.47;7;0.0000
XAUUSDm;M15;25;2.0;3.00;1;1.20;1.75;4;0;200;0;40;60;0;0;0;0;10000;330;-2260.75;2793.16;0.81;-6.8508;0.5121;12;5;0.4167;-755.69;-286.44;1.0000;0.0072;0.55;7;0.0000
XAUUSDm;M15;25;2.0;3.00;1;1.20;2.00;1;0;200;0;40;60;0;0;0;0;10000;396;-1493.60;1779.34;0.81;-3.7717;0.5025;12;3;0.2500;-659.36;-85.62;1.0000;0.0095;0.22;8;0.0000
XAUUSDm;M15;25;2.0;3.00;1;1.20;2.00;2;0;200;0;40;60;0;0;0;0;10000;331;-2493.60;2795.55;0.73;-7.5335;0.4894;12;3;0.2500;-672.12;-170.10;1.0000;0.0090;0.36;7;0.0000
XAUUSDm;M15;25;2.0;3.00;1;1.20;2.00;3;0;200;0;40;60;0;0;0;0;10000;323;-2420.80;2805.66;0.75;-7.4947;0.4892;12;4;0.3333;-875.44;-185.45;1.0000;0.0082;0.49;7;0.0000
XAUUSDm;M15;25;2.0;3.00;1;1.20;2.00;4;0;200;0;40;60;0;0;0;0;10000;322;-2250.24;2666.83;0.78;-6.9883;0.5248;12;4;0.3333;-798.31;-204.72;1.0000;0.0073;0.58;7;0.0000
XAUUSDm;M15;25;2.0;3.00;1;1.20;2.25;1;0;200;0;40;60;0;0;0;0;10000;396;-1037.63;1369.85;0.84;-2.6203;0.5051;12;4;0.3333;-631.64;-61.37;1.0000;0.0096;0.22;8;0.0000
XAUUSDm;M15;25;2.0;3.00;1;1.20;2.25;2;0;200;0;40;60;0;0;0;0;10000;321;-1883.37;2116.38;0.75;-5.8672;0.4984;12;3;0.2500;-655.60;-140.54;1.0000;0.0093;0.38;7;0.0000
XAUUSDm;M15;25;2.0;3.00;1;1.20;2.25;3;0;200;0;40;60;0;0;0;0;10000;310;-2120.60;2505.44;0.75;-6.8406;0.5000;12;5;0.4167;-869.21;-200.28;1.0000;0.0084;0.52;7;0.0000
XAUUSDm;M15;25;2.0;3.00;1;1.20;2.25;4;0;200;0;40;60;0;0;0;0;10000;309;-1978.61;2457.42;0.78;-6.4033;0.5405;12;4;0.3333;-808.38;-227.34;1.0000;0.0074;0.62;7;0.0000
XAUUSDm;M15;25;2.0;3.00;1;1.20;2.50;1;0;200;0;40;60;0;0;0;0;10000;396;-854.66;1222.58;0.85;-2.1582;0.5051;12;4;0.3333;-589.03;-22.36;1.0000;0.0096;0.22;8;0.0000
XAUUSDm;M15;25;2.0;3.00;1;1.20;2.50;2;0;200;0;40;60;0;0;0;0;10000;317;-1534.05;1730.30;0.77;-4.8393;0.4984;12;4;0.3333;-629.21;-81.56;1.0000;0.0094;0.39;9;0.0000
XAUUSDm;M15;25;2.0;3.00;1;1.20;2.50;3;0;200;0;40;60;0;0;0;0;10000;305;-1638.26;1960.87;0.78;-5.3713;0.5049;12;5;0.4167;-805.33;-164.07;1.0000;0.0085;0.54;7;0.0000
XAUUSDm;M15;25;2.0;3.00;1;1.20;2.50;4;0;200;0;40;60;0;0;0;0;10000;303;-1601.91;2005.04;0.80;-5.2868;0.5446;12;4;0.3333;-754.74;-145.78;1.0000;0.0075;0.65;9;0.0000
XAUUSDm;M15;25;2.0;3.00;1;1.40;1.00;1;0;200;0;40;60;0;0;0;0;10000;396;-2810.69;3787.38;0.82;-7.0977;0.4596;12;2;0.1667;-1010.62;-173.77;1.0000;0.0113;0.19;8;0.0000
XAUUSDm;M15;25;2.0;3.00;1;1.40;1.00;2;0;200;0;40;60;0;0;0;0;10000;380;-3844.12;4453.66;0.80;-10.1161;0.4158;12;4;0.3333;-1324.21;-249.38;1.0000;0.0094;0.29;12;0.0000
XAUUSDm;M15;25;2.0;3.00;1;1.40;1.00;3;0;200;0;40;60;0;0;0;0;10000;379;-4239.83;4755.70;0.79;-11.1869;0.3905;12;3;0.2500;-1338.62;-349.27;1.0000;0.0088;0.35;9;0.0000
XAUUSDm;M15;25;2.0;3.00;1;1.40;1.00;4;0;200;0;40;60;0;0;0;0;10000;379;-3632.20;4317.59;0.82;-9.5836;0.4011;12;3;0.2500;-1056.25;-298.88;1.0000;0.0082;0.40;12;0.0000
XAUUSDm;M15;25;2.0;3.00;1;1.40;1.25;1;0;200;0;40;60;0;0;0;0;10000;396;-2226.92;2735.82;0.82;-5.6235;0.4899;12;3;0.2500;-941.82;-115.01;1.0000;0.0110;0.21;8;0.0000
XAUUSDm;M15;25;2.0;3.00;1;1.40;1.25;2;0;200;0;40;60;0;0;0;0;10000;365;-3796.47;4268.88;0.76;-10.4013;0.4438;12;3;0.2500;-1196.14;-112.04;1.0000;0.0094;0.32;12;0.0000
XAUUSDm;M15;25;2.0;3.00;1;1.40;1.25;3;0;200;0;40;60;0;0;0;0;10000;362;-4123.31;4572.12;0.76;-11.3904;0.4171;12;3;0.2500;-1340.92;-222.84;1.0000;0.0087;0.41;9;0.0000
XAUUSDm;M15;25;2.0;3.00;1;1.40;1.25;4;0;200;0;40;60;0;0;0;0;10000;362;-4417.51;4947.03;0.76;-12.2031;0.4199;12;2;0.1667;-1172.42;-276.54;1.0000;0.0081;0.47;12;0.0000
XAUUSDm;M15;25;2.0;3.00;1;1.40;1.50;1;0;200;0;40;60;0;0;0;0;10000;396;-1948.70;2320.86;0.81;-4.9210;0.4975;12;3;0.2500;-838.74;-109.08;1.0000;0.0110;0.22;8;0.0000
XAUUSDm;M15;25;2.0;3.00;1;1.40;1.50;2;0;200;0;40;60;0;0;0;0;10000;352;-3071.70;3438.56;0.76;-8.7264;0.4631;12;3;0.2500;-855.61;-119.25;1.0000;0.0095;0.35;9;0.0000
XAUUSDm;M15;25;2.0;3.00;1;1.40;1.50;3;0;200;0;40;60;0;0;0;0;10000;349;-3091.80;3313.90;0.78;-8.8590;0.4499;12;2;0.1667;-982.50;-152.60;1.0000;0.0085;0.46;8;0.0000
XAUUSDm;M15;25;2.0;3.00;1;1.40;1.50;4;0;200;0;40;60;0;0;0;0;10000;349;-2960.72;3238.72;0.80;-8.4834;0.4642;12;2;0.1667;-797.09;-207.12;1.0000;0.0077;0.53;8;0.0000
XAUUSDm;M15;25;2.0;3.00;1;1.40;1.75;1;0;200;0;40;60;0;0;0;0;10000;396;-1503.93;1813.12;0.83;-3.7978;0.5000;12;3;0.2500;-716.53;-81.06;1.0000;0.0110;0.22;8;0.0000
XAUUSDm;M15;25;2.0;3.00;1;1.40;1.75;2;0;200;0;40;60;0;0;0;0;10000;337;-2377.44;2574.68;0.77;-7.0547;0.4807;12;3;0.2500;-664.86;-204.47;1.0000;0.0098;0.38;9;0.0000
XAUUSDm;M15;25;2.0;3.00;1;1.40;1.75;3;0;200;0;40;60;0;0;0;0;10000;330;-2377.94;2574.89;0.80;-7.2059;0.4697;12;4;0.3333;-851.95;-197.31;1.0000;0.0087;0.50;7;0.0000
XAUUSDm;M15;25;2.0;3.00;1;1.40;1.75;4;0;200;0;40;60;0;0;0;0;10000;330;-2066.94;2225.97;0.83;-6.2635;0.4909;12;4;0.3333;-697.29;-229.24;1.0000;0.0078;0.59;7;0.0000
XAUUSDm;M15;25;2.0;3.00;1;1.40;2.00;1;0;200;0;40;60;0;0;0;0;10000;396;-1499.38;1752.49;0.81;-3.7863;0.5000;12;3;0.2500;-680.04;-86.50;1.0000;0.0111;0.23;8;0.0000
XAUUSDm;M15;25;2.0;3.00;1;1.40;2.00;2;0;200;0;40;60;0;0;0;0;10000;331;-2374.17;2528.34;0.74;-7.1727;0.4804;12;3;0.2500;-663.94;-200.93;1.0000;0.0102;0.39;9;0.0000
XAUUSDm;M15;25;2.0;3.00;1;1.40;2.00;3;0;200;0;40;60;0;0;0;0;10000;323;-2020.95;2160.46;0.80;-6.2568;0.4799;12;4;0.3333;-865.02;-145.65;1.0000;0.0088;0.52;7;0.0000
XAUUSDm;M15;25;2.0;3.00;1;1.40;2.00;4;0;200;0;40;60;0;0;0;0;10000;322;-2080.65;2178.02;0.81;-6.4616;0.5062;12;4;0.3333;-746.58;-234.69;1.0000;0.0079;0.62;7;0.0000
XAUUSDm;M15;25;2.0;3.00;1;1.40;2.25;1;0;200;0;40;60;0;0;0;0;10000;396;-1039.97;1369.60;0.84;-2.6262;0.5025;12;4;0.3333;-652.30;-67.17;1.0000;0.0111;0.23;8;0.0000
XAUUSDm;M15;25;2.0;3.00;1;1.40;2.25;2;0;200;0;40;60;0;0;0;0;10000;321;-1830.44;1943.61;0.76;-5.7023;0.4891;12;3;0.2500;-648.74;-182.95;1.0000;0.0105;0.41;9;0.0000
XAUUSDm;M15;25;2.0;3.00;1;1.40;2.25;3;0;200;0;40;60;0;0;0;0;10000;309;-1892.97;2058.02;0.78;-6.1261;0.4887;12;4;0.3333;-859.15;-142.51;1.0000;0.0091;0.55;7;0.0000
XAUUSDm;M15;25;2.0;3.00;1;1.40;2.25;4;0;200;0;40;60;0;0;0;0;10000;308;-1931.56;2081.67;0.80;-6.2713;0.5227;12;4;0.3333;-762.43;-212.62;1.0000;0.0081;0.65;7;0.0000
XAUUSDm;M15;25;2.0;3.00;1;1.40;2.50;1;0;200;0;40;60;0;0;0;0;10000;396;-848.63;1221.93;0.86;-2.1430;0.5025;12;5;0.4167;-602.81;-30.93;1.0000;0.0112;0.23;8;0.0000
XAUUSDm;M15;25;2.0;3.00;1;1.40;2.50;2;0;200;0;40;60;0;0;0;0;10000;317;-1504.52;1602.35;0.78;-4.7461;0.4890;12;4;0.3333;-621.15;-134.23;1.0000;0.0106;0.42;9;0.0000
XAUUSDm;M15;25;2.0;3.00;1;1.40;2.50;3;0;200;0;40;60;0;0;0;0;10000;304;-1534.62;1724.41;0.80;-5.0481;0.4901;12;4;0.3333;-790.72;-103.00;1.0000;0.0092;0.57;7;0.0000
XAUUSDm;M15;25;2.0;3.00;1;1.40;2.50;4;0;200;0;40;60;0;0;0;0;10000;302;-1654.91;1761.16;0.80;-5.4798;0.5232;12;3;0.2500;-717.65;-165.64;1.0000;0.0083;0.69;9;0.0000
