XAUUSDm;M15;1;4.00;0;2.0;3.0;5.0;0;10;0;10;0;0;10000;126;411.95;1385.64;1.07;3.2694;0.2941;12;6;0.5000;-524.09;-14.93;0.9386;0.0726;83.95;9;0.0025
XAUUSDm;M15;1;4.00;0;2.0;3.0;5.0;0;10;0;10;1;0;10000;520;3124.63;1451.12;1.20;6.0089;0.3643;12;7;0.5833;-787.60;494.14;0.1279;0.0218;18.74;11;0.5339
XAUUSDm;M15;1;4.00;0;2.0;3.0;5.0;0;10;1;10;0;0;10000;128;301.32;1807.11;1.05;2.3541;0.2333;12;5;0.4167;-576.73;-61.98;1.5224;0.0790;66.55;15;0.0005
XAUUSDm;M15;1;4.00;0;2.0;3.0;5.0;0;10;1;10;1;0;10000;521;5295.88;1375.33;1.38;10.1648;0.2990;12;9;0.7500;-917.71;477.93;0.0909;0.0254;19.69;16;1.2952
XAUUSDm;M15;1;4.00;0;2.0;3.0;5.0;0;10;2;10;0;0;10000;57;1704.51;703.43;1.77;29.9037;0.3947;12;6;0.5000;-77.74;42.62;0.2572;0.1245;151.97;5;0.0000
XAUUSDm;M15;1;4.00;0;2.0;3.0;5.0;0;10;2;10;1;0;10000;258;3031.28;954.32;1.36;11.7491;0.3407;12;8;0.6667;-552.43;315.78;0.1445;0.0393;33.91;9;0.7294
XAUUSDm;M15;1;4.00;0;2.0;3.0;5.0;0;10;3;10;0;0;10000;111;1908.36;1974.66;1.38;17.1924;0.2857;12;10;0.8333;-1021.32;279.03;0.2455;0.0707;95.66;14;0.0752
XAUUSDm;M15;1;4.00;0;2.0;3.0;5.0;0;10;3;10;1;0;10000;678;4272.96;1708.70;1.23;6.3023;0.3480;12;7;0.5833;-886.73;392.19;0.1008;0.0193;14.44;15;0.5922
XAUUSDm;M15;1;4.00;0;2.0;3.0;5.0;0;15;0;10;0;0;10000;146;502.68;1525.75;1.08;3.4430;0.2727;12;5;0.4167;-692.43;-26.17;0.9009;0.0708;65.74;9;0.0021
XAUUSDm;M15;1;4.00;0;2.0;3.0;5.0;0;15;0;10;1;0;10000;479;3182.87;1318.16;1.22;6.6448;0.3542;12;7;0.5833;-715.91;220.09;0.1246;0.0230;20.28;11;0.5821
XAUUSDm;M15;1;4.00;0;2.0;3.0;5.0;0;15;1;10;0;0;10000;129;1256.95;1381.26;1.22;9.7438;0.2674;12;9;0.7500;-636.10;134.97;0.3322;0.0645;75.03;8;0.0443
XAUUSDm;M15;1;4.00;0;2.0;3.0;5.0;0;15;1;10;1;0;10000;443;3308.89;1362.40;1.25;7.4693;0.2904;12;8;0.6667;-938.82;415.24;0.1442;0.0288;21.43;12;0.6270
XAUUSDm;M15;1;4.00;0;2.0;3.0;5.0;0;15;2;10;0;0;10000;84;2060.74;868.11;1.62;24.5326;0.3636;12;8;0.6667;-243.89;142.71;0.1924;0.0780;95.34;5;0.0000
XAUUSDm;M15;1;4.00;0;2.0;3.0;5.0;0;15;2;10;1;0;10000;205;1365.62;1155.37;1.18;6.6616;0.3087;12;7;0.5833;-579.07;278.49;0.3213;0.0485;39.54;9;0.0720
XAUUSDm;M15;1;4.00;0;2.0;3.0;5.0;0;15;3;10;0;0;10000;140;788.26;2356.40;1.12;5.6304;0.2737;12;7;0.5833;-987.94;219.68;0.5019;0.0605;76.87;13;0.0074
XAUUSDm;M15;1;4.00;0;2.0;3.0;5.0;0;15;3;10;1;0;10000;603;3879.79;2329.30;1.23;6.4341;0.3424;12;7;0.5833;-1256.17;490.65;0.1051;0.0198;16.50;19;0.3882
XAUUSDm;M15;1;4.00;0;2.0;3.0;5.0;0;5;0;10;0;0;10000;132;1393.41;1934.97;1.24;10.5561;0.2809;12;7;0.5833;-924.95;254.15;0.2848;0.0594;81.45;14;0.0269
XAUUSDm;M15;1;4.00;0;2.0;3.0;5.0;0;5;0;10;1;0;10000;585;4189.43;1956.83;1.25;7.1614;0.3660;12;7;0.5833;-1116.61;668.35;0.0971;0.0199;17.02;14;0.5333
XAUUSDm;M15;1;4.00;0;2.0;3.0;5.0;0;5;1;10;0;0;10000;119;749.83;1677.20;1.14;6.3011;0.2500;12;5;0.4167;-476.53;-106.07;0.5362;0.0674;75.94;17;0.0038
XAUUSDm;M15;1;4.00;0;2.0;3.0;5.0;0;5;1;10;1;0;10000;639;4480.82;1260.90;1.28;7.0122;0.2832;12;7;0.5833;-618.98;131.50;0.0895;0.0199;15.61;12;0.6848
XAUUSDm;M15;1;4.00;0;2.0;3.0;5.0;0;5;2;10;0;0;10000;63;205.10;780.66;1.07;3.2556;0.2609;12;4;0.3333;-204.62;0.00;1.8169;0.1166;140.05;7;0.0000
XAUUSDm;M15;1;4.00;0;2.0;3.0;5.0;0;5;2;10;1;0;10000;348;3121.63;1180.53;1.28;8.9702;0.2913;12;10;0.8333;-664.08;388.40;0.1414;0.0314;27.86;9;1.0700
XAUUSDm;M15;1;4.00;0;2.0;3.0;5.0;0;5;3;10;0;0;10000;116;1571.94;1469.31;1.29;13.5512;0.3000;12;7;0.5833;-950.05;88.63;0.3053;0.0761;93.01;13;0.0358
XAUUSDm;M15;1;4.00;0;2.0;3.0;5.0;0;5;3;10;1;0;10000;791;4376.94;1506.36;1.22;5.5334;0.3405;12;6;0.5000;-663.53;187.02;0.0951;0.0173;12.61;13;0.4947
XAUUSDm;M15;1;4.50;0;2.0;3.0;5.0;0;10;0;10;0;0;10000;102;106.61;996.73;1.02;1.0452;0.2500;12;5;0.4167;-570.01;-64.27;4.3837;0.1045;102.26;8;0.0001
XAUUSDm;M15;1;4.50;0;2.0;3.0;5.0;0;10;0;10;1;0;10000;496;2811.44;1213.46;1.20;5.6682;0.3627;12;8;0.6667;-598.63;317.49;0.1425;0.0240;19.43;11;0.7471
XAUUSDm;M15;1;4.50;0;2.0;3.0;5.0;0;10;1;10;0;0;10000;63;-400.47;1038.91;0.88;-6.3567;0.2245;12;3;0.2500;-694.21;0.00;1.0000;0.1793;143.41;10;0.0000
XAUUSDm;M15;1;4.50;0;2.0;3.0;5.0;0;10;1;10;1;0;10000;509;4461.87;1250.48;1.36;8.7660;0.3015;12;10;0.8333;-772.24;479.59;0.1002;0.0268;20.32;16;1.4942
XAUUSDm;M15;1;4.50;0;2.0;3.0;5.0;0;10;2;10;0;0;10000;42;582.96;707.31;1.32;13.8800;0.2414;12;4;0.3333;-209.58;0.00;0.7676;0.1985;212.72;6;0.0000
XAUUSDm;M15;1;4.50;0;2.0;3.0;5.0;0;10;2;10;1;0;10000;244;2373.65;1065.11;1.30;9.7281;0.3352;12;9;0.7500;-599.05;178.95;0.1890;0.0449;35.72;9;0.5058
XAUUSDm;M15;1;4.50;0;2.0;3.0;5.0;0;10;3;10;0;0;10000;93;1732.24;1445.38;1.45;18.6262;0.3065;12;8;0.6667;-684.99;223.14;0.2777;0.0934;122.64;9;0.0000
XAUUSDm;M15;1;4.50;0;2.0;3.0;5.0;0;10;3;10;1;0;10000;657;3673.90;1521.51;1.22;5.5919;0.3443;12;7;0.5833;-782.78;272.48;0.1319;0.0241;14.75;15;0.5658
XAUUSDm;M15;1;4.50;0;2.0;3.0;5.0;0;15;0;10;0;0;10000;108;-238.14;1255.74;0.95;-2.2050;0.2208;12;5;0.4167;-431.69;-109.63;1.0000;0.0823;92.03;12;0.0000
XAUUSDm;M15;1;4.50;0;2.0;3.0;5.0;0;15;0;10;1;0;10000;453;2897.51;1261.01;1.23;6.3963;0.3597;12;7;0.5833;-638.94;196.96;0.1398;0.0260;21.59;11;0.5624
XAUUSDm;M15;1;4.50;0;2.0;3.0;5.0;0;15;1;10;0;0;10000;60;-678.09;1579.35;0.79;-11.3015;0.2174;12;3;0.2500;-713.43;0.00;1.0000;0.2080;152.70;9;0.0000
XAUUSDm;M15;1;4.50;0;2.0;3.0;5.0;0;15;1;10;1;0;10000;430;3082.61;1065.64;1.25;7.1689;0.2814;12;10;0.8333;-675.32;465.11;0.1336;0.0273;22.53;12;1.1307
XAUUSDm;M15;1;4.50;0;2.0;3.0;5.0;0;15;2;10;0;0;10000;47;667.56;856.16;1.35;14.2034;0.3125;12;7;0.5833;-189.37;16.56;0.5719;0.1653;189.83;5;0.0000
XAUUSDm;M15;1;4.50;0;2.0;3.0;5.0;0;15;2;10;1;0;10000;198;2137.84;1077.15;1.32;10.7972;0.3154;12;9;0.7500;-569.18;284.87;0.2043;0.0497;42.60;9;0.3211
XAUUSDm;M15;1;4.50;0;2.0;3.0;5.0;0;15;3;10;0;0;10000;99;1474.52;1704.47;1.35;14.8941;0.3088;12;9;0.7500;-879.35;255.34;0.2989;0.0853;109.20;12;0.0000
XAUUSDm;M15;1;4.50;0;2.0;3.0;5.0;0;15;3;10;1;0;10000;580;3929.54;1957.86;1.26;6.7751;0.3516;12;7;0.5833;-636.40;410.74;0.1167;0.0247;17.31;15;0.4802
XAUUSDm;M15;1;4.50;0;2.0;3.0;5.0;0;5;0;10;0;0;10000;72;806.59;1531.78;1.23;11.2026;0.2963;12;6;0.5000;-902.19;69.82;0.5540;0.1134;143.10;13;0.0000
XAUUSDm;M15;1;4.50;0;2.0;3.0;5.0;0;5;0;10;1;0;10000;561;4423.15;1497.71;1.31;7.8844;0.3690;12;7;0.5833;-519.58;606.28;0.1035;0.0248;17.87;10;0.7416
XAUUSDm;M15;1;4.50;0;2.0;3.0;5.0;0;5;1;10;0;0;10000;66;-288.05;1348.22;0.91;-4.3644;0.2245;12;4;0.3333;-584.80;-36.09;1.0000;0.1758;145.61;13;0.0000
XAUUSDm;M15;1;4.50;0;2.0;3.0;5.0;0;5;1;10;1;0;10000;611;3786.40;1373.40;1.27;6.1971;0.2812;12;9;0.7500;-451.61;184.01;0.1193;0.0254;16.21;12;0.8721
XAUUSDm;M15;1;4.50;0;2.0;3.0;5.0;0;5;2;10;0;0;10000;60;579.65;830.64;1.20;9.6608;0.2273;12;5;0.4167;-321.23;0.00;0.6537;0.1146;146.53;8;0.0000
XAUUSDm;M15;1;4.50;0;2.0;3.0;5.0;0;5;2;10;1;0;10000;334;2624.46;1151.97;1.27;7.8577;0.2913;12;9;0.7500;-602.35;278.30;0.1503;0.0319;28.81;9;0.7455
XAUUSDm;M15;1;4.50;0;2.0;3.0;5.0;0;5;3;10;0;0;10000;95;156.08;1564.72;1.03;1.6429;0.2535;12;6;0.5000;-722.60;0.35;2.9364;0.0984;107.82;11;0.0000
XAUUSDm;M15;1;4.50;0;2.0;3.0;5.0;0;5;3;10;1;0;10000;768;4345.24;1362.10;1.25;5.6579;0.3380;12;6;0.5000;-503.23;74.65;0.1077;0.0216;12.91;13;0.5391
XAUUSDm;M15;1;5.00;0;2.0;3.0;5.0;0;10;0;10;0;0;10000;54;339.06;978.16;1.13;6.2789;0.2381;12;5;0.4167;-478.23;0.00;1.2857;0.1648;183.45;7;0.0000
XAUUSDm;M15;1;5.00;0;2.0;3.0;5.0;0;10;0;10;1;0;10000;484;3033.74;1024.24;1.25;6.2681;0.3701;12;7;0.5833;-580.74;277.08;0.1423;0.0285;19.98;11;0.7460
XAUUSDm;M15;1;5.00;0;2.0;3.0;5.0;0;10;1;10;0;0;10000;52;-1613.54;2001.74;0.48;-31.0296;0.1591;12;1;0.0833;-621.48;-113.96;1.0000;0.2674;161.90;14;0.0000
XAUUSDm;M15;1;5.00;0;2.0;3.0;5.0;0;10;1;10;1;0;10000;489;3988.14;1242.49;1.36;8.1557;0.3040;12;9;0.7500;-828.42;522.40;0.0898;0.0240;20.87;16;1.0978
XAUUSDm;M15;1;5.00;0;2.0;3.0;5.0;0;10;2;10;0;0;10000;35;-419.01;1019.50;0.75;-11.9717;0.2000;12;3;0.2500;-270.56;0.00;1.0000;0.2796;257.96;6;0.0000
XAUUSDm;M15;1;5.00;0;2.0;3.0;5.0;0;10;2;10;1;0;10000;240;3128.20;1012.42;1.46;13.0342;0.3297;12;10;0.8333;-629.96;297.16;0.1279;0.0405;38.20;10;1.0729
XAUUSDm;M15;1;5.00;0;2.0;3.0;5.0;0;10;3;10;0;0;10000;84;1543.20;993.63;1.43;18.3714;0.3158;12;7;0.5833;-426.59;82.84;0.2703;0.0883;134.03;7;0.0000
XAUUSDm;M15;1;5.00;0;2.0;3.0;5.0;0;10;3;10;1;0;10000;628;2416.37;1513.42;1.16;3.8477;0.3468;12;6;0.5000;-553.77;22.48;0.1654;0.0229;15.38;15;0.2510
XAUUSDm;M15;1;5.00;0;2.0;3.0;5.0;0;15;0;10;0;0;10000;89;-684.50;1207.01;0.85;-7.6910;0.1970;12;3;0.2500;-505.27;-127.75;1.0000;0.1219;108.30;9;0.0000
XAUUSDm;M15;1;5.00;0;2.0;3.0;5.0;0;15;0;10;1;0;10000;441;3440.42;1203.67;1.30;7.8014;0.3597;12;8;0.6667;-606.02;182.63;0.1310;0.0301;21.97;11;0.9138
XAUUSDm;M15;1;5.00;0;2.0;3.0;5.0;0;15;1;10;0;0;10000;39;-1405.39;2253.69;0.43;-36.0356;0.1176;12;2;0.1667;-564.13;0.00;1.0000;0.4333;210.45;19;0.0000
XAUUSDm;M15;1;5.00;0;2.0;3.0;5.0;0;15;1;10;1;0;10000;416;3671.33;984.03;1.34;8.8253;0.2844;12;10;0.8333;-638.58;368.56;0.1248;0.0318;23.68;12;1.4739
XAUUSDm;M15;1;5.00;0;2.0;3.0;5.0;0;15;2;10;0;0;10000;44;563.61;625.92;1.30;12.8093;0.3000;12;7;0.5833;-210.35;22.72;0.7445;0.1953;211.78;5;0.0000
XAUUSDm;M15;1;5.00;0;2.0;3.0;5.0;0;15;2;10;1;0;10000;190;2246.88;905.62;1.36;11.8257;0.2973;12;9;0.7500;-563.37;323.48;0.2163;0.0577;45.08;9;0.3549
XAUUSDm;M15;1;5.00;0;2.0;3.0;5.0;0;15;3;10;0;0;10000;87;2312.22;1513.50;1.77;26.5772;0.3704;12;9;0.7500;-699.26;252.60;0.1914;0.0880;138.40;10;0.0000
XAUUSDm;M15;1;5.00;0;2.0;3.0;5.0;0;15;3;10;1;0;10000;561;3506.52;1832.10;1.26;6.2505;0.3481;12;7;0.5833;-592.75;366.08;0.1202;0.0248;17.48;15;0.4534
XAUUSDm;M15;1;5.00;0;2.0;3.0;5.0;0;5;0;10;0;0;10000;66;2228.96;864.68;1.89;33.7721;0.3556;12;6;0.5000;-257.59;66.44;0.2024;0.1012;171.76;7;0.0000
XAUUSDm;M15;1;5.00;0;2.0;3.0;5.0;0;5;0;10;1;0;10000;541;3427.02;1446.91;1.26;6.3346;0.3632;12;7;0.5833;-472.40;472.18;0.1154;0.0242;18.09;10;0.5855
XAUUSDm;M15;1;5.00;0;2.0;3.0;5.0;0;5;1;10;0;0;10000;87;931.38;1080.35;1.23;10.7055;0.2540;12;6;0.5000;-499.28;61.26;0.4452;0.0907;109.76;12;0.0000
XAUUSDm;M15;1;5.00;0;2.0;3.0;5.0;0;5;1;10;1;0;10000;596;3386.55;1159.33;1.27;5.6821;0.2812;12;9;0.7500;-410.22;117.87;0.1224;0.0262;16.50;12;0.9241
XAUUSDm;M15;1;5.00;0;2.0;3.0;5.0;0;5;2;10;0;0;10000;46;132.41;922.79;1.06;2.8785;0.2000;12;4;0.3333;-462.55;0.00;2.9736;0.1667;190.13;8;0.0000
XAUUSDm;M15;1;5.00;0;2.0;3.0;5.0;0;5;2;10;1;0;10000;325;2889.51;1082.11;1.33;8.8908;0.2874;12;10;0.8333;-570.52;333.74;0.1383;0.0346;29.79;9;1.0659
XAUUSDm;M15;1;5.00;0;2.0;3.0;5.0;0;5;3;10;0;0;10000;85;184.54;1461.36;1.04;2.1711;0.2419;12;5;0.4167;-394.57;-120.50;2.4863;0.1113;122.17;8;0.0000
XAUUSDm;M15;1;5.00;0;2.0;3.0;5.0;0;5;3;10;1;0;10000;745;3261.86;1315.72;1.21;4.3783;0.3390;12;6;0.5000;-537.55;37.36;0.1031;0.0178;13.19;13;0.4202
XAUUSDm;M15;1;5.50;0;2.0;3.0;5.0;0;10;0;10;0;0;10000;50;339.62;1406.14;1.13;6.7924;0.2619;12;3;0.2500;-600.62;0.00;1.4091;0.1685;181.05;13;0.0000
XAUUSDm;M15;1;5.50;0;2.0;3.0;5.0;0;10;0;10;1;0;10000;469;2871.64;993.51;1.25;6.1229;0.3759;12;8;0.6667;-581.88;218.44;0.1655;0.0338;20.25;11;0.8754
XAUUSDm;M15;1;5.50;0;2.0;3.0;5.0;0;10;1;10;0;0;10000;46;-549.04;1694.99;0.79;-11.9357;0.2051;12;4;0.3333;-611.76;0.00;1.0000;0.2016;186.75;13;0.0000
XAUUSDm;M15;1;5.50;0;2.0;3.0;5.0;0;10;1;10;1;0;10000;476;3724.80;1134.68;1.37;7.8252;0.3048;12;9;0.7500;-797.83;448.21;0.0997;0.0272;21.21;16;1.1256
XAUUSDm;M15;1;5.50;0;2.0;3.0;5.0;0;10;2;10;0;0;10000;31;-504.99;1009.60;0.70;-16.2900;0.2083;12;3;0.2500;-251.02;0.00;1.0000;0.3165;275.30;8;0.0000
XAUUSDm;M15;1;5.50;0;2.0;3.0;5.0;0;10;2;10;1;0;10000;222;2675.50;871.53;1.42;12.0518;0.3204;12;10;0.8333;-565.90;256.88;0.1518;0.0454;40.29;10;1.0181
XAUUSDm;M15;1;5.50;0;2.0;3.0;5.0;0;10;3;10;0;0;10000;72;1435.51;1251.51;1.49;19.9376;0.2800;12;7;0.5833;-572.74;134.84;0.3202;0.1106;153.49;8;0.0000
XAUUSDm;M15;1;5.50;0;2.0;3.0;5.0;0;10;3;10;1;0;10000;619;3049.16;1174.76;1.23;4.9259;0.3506;12;8;0.6667;-567.00;85.49;0.1219;0.0229;15.58;15;0.8088
XAUUSDm;M15;1;5.50;0;2.0;3.0;5.0;0;15;0;10;0;0;10000;54;-783.72;1625.15;0.75;-14.5133;0.1556;12;2;0.1667;-496.43;-65.08;1.0000;0.2335;168.55;13;0.0000
XAUUSDm;M15;1;5.50;0;2.0;3.0;5.0;0;15;0;10;1;0;10000;429;2655.61;1191.56;1.25;6.1902;0.3678;12;8;0.6667;-592.76;226.37;0.1717;0.0347;22.77;11;0.6366
XAUUSDm;M15;1;5.50;0;2.0;3.0;5.0;0;15;1;10;0;0;10000;35;-2164.43;2542.47;0.15;-61.8409;0.0625;12;1;0.0833;-519.38;-116.86;1.0000;0.5755;226.99;26;0.0000
XAUUSDm;M15;1;5.50;0;2.0;3.0;5.0;0;15;1;10;1;0;10000;408;3213.23;919.13;1.33;7.8756;0.2844;12;9;0.7500;-604.06;407.01;0.1397;0.0350;24.97;12;1.1187
XAUUSDm;M15;1;5.50;0;2.0;3.0;5.0;0;15;2;10;0;0;10000;35;-1304.97;1683.02;0.38;-37.2849;0.1429;12;2;0.1667;-398.18;-43.63;1.0000;0.5213;223.55;17;0.0000
XAUUSDm;M15;1;5.50;0;2.0;3.0;5.0;0;15;2;10;1;0;10000;184;1844.29;806.74;1.33;10.0233;0.3108;12;9;0.7500;-490.90;188.76;0.2539;0.0632;47.52;9;0.2913
XAUUSDm;M15;1;5.50;0;2.0;3.0;5.0;0;15;3;10;0;0;10000;69;2060.29;1434.50;1.74;29.8593;0.3125;12;8;0.6667;-466.84;146.28;0.2362;0.1060;157.68;8;0.0000
XAUUSDm;M15;1;5.50;0;2.0;3.0;5.0;0;15;3;10;1;0;10000;541;2885.31;1630.24;1.23;5.3333;0.3502;12;7;0.5833;-468.46;305.98;0.1380;0.0262;17.79;15;0.4218
XAUUSDm;M15;1;5.50;0;2.0;3.0;5.0;0;5;0;10;0;0;10000;53;669.75;1411.56;1.24;12.6368;0.2093;12;4;0.3333;-451.44;0.00;0.7266;0.1534;178.76;11;0.0000
XAUUSDm;M15;1;5.50;0;2.0;3.0;5.0;0;5;0;10;1;0;10000;525;3197.04;1175.58;1.27;6.0896;0.3662;12;8;0.6667;-334.47;450.45;0.1174;0.0251;18.45;10;0.8853
XAUUSDm;M15;1;5.50;0;2.0;3.0;5.0;0;5;1;10;0;0;10000;68;1304.93;1196.81;1.43;19.1901;0.3077;12;6;0.5000;-465.07;92.13;0.3495;0.1112;134.22;13;0.0000
XAUUSDm;M15;1;5.50;0;2.0;3.0;5.0;0;5;1;10;1;0;10000;574;3189.69;974.13;1.29;5.5570;0.2798;12;9;0.7500;-339.89;144.44;0.1430;0.0318;16.67;12;1.0306
XAUUSDm;M15;1;5.50;0;2.0;3.0;5.0;0;5;2;10;0;0;10000;41;314.57;940.14;1.15;7.6724;0.2121;12;4;0.3333;-449.79;0.00;1.2755;0.1667;204.86;8;0.0000
XAUUSDm;M15;1;5.50;0;2.0;3.0;5.0;0;5;2;10;1;0;10000;313;2682.36;1177.78;1.34;8.5698;0.2835;12;9;0.7500;-518.75;331.01;0.1496;0.0376;31.00;9;0.7263
XAUUSDm;M15;1;5.50;0;2.0;3.0;5.0;0;5;3;10;0;0;10000;73;-19.43;1224.13;0.99;-0.2662;0.2308;12;4;0.3333;-480.09;-71.20;1.0000;0.1193;149.57;11;0.0000
XAUUSDm;M15;1;5.50;0;2.0;3.0;5.0;0;5;3;10;1;0;10000;727;3480.66;1201.99;1.25;4.7877;0.3375;12;7;0.5833;-486.11;9.58;0.1051;0.0209;13.23;13;0.6650
