2026-01;14500.74;25
2026-02;-13125.88;21
2026-03;-3525.66;23
2026-04;5835.39;26
2026-05;8218.23;18
2026-06;21598.26;16
2026-07;8689.24;25
2026-08;19798.30;24
2026-09;-17593.22;11
2026-01;3433.97;25
2026-02;-2282.40;21
2026-03;-391.09;23
2026-04;1714.96;26
2026-05;1892.45;18
2026-06;2942.38;16
2026-07;512.77;25
2026-08;4870.75;24
2026-09;-1788.97;11
2026-01;3381.99;29
2026-02;-1334.67;22
2026-03;-2198.84;27
2026-04;-493.82;36
2026-05;1994.42;29
2026-06;14209.22;29
2026-07;6456.62;37
2026-08;33959.00;28
2026-09;5063.84;13
2026-01;2357.05;28
2026-02;-1209.57;20
2026-03;-5985.38;26
2026-04;-2170.69;35
2026-05;913.23;28
2026-06;11671.81;29
2026-07;2268.00;37
2026-08;28282.66;27
2026-09;7159.55;12
2026-01;2158.78;28
2026-02;552.71;20
2026-03;-1483.61;26
2026-04;248.90;35
2026-05;2295.16;28
2026-06;7591.80;29
2026-07;3573.42;37
2026-08;8809.11;27
2026-09;1991.11;12
2026-01;-731.87;524
2026-02;491.41;505
2026-03;1024.68;575
2026-04;-2985.27;535
2026-05;-1813.26;542
2026-06;-216.62;552
2026-07;-1918.14;576
2026-08;1085.56;507
2026-09;33.28;223
2026-01;-1712.50;524
2026-02;623.11;505
2026-03;1523.82;575
2026-04;-5204.98;535
2026-05;-2255.87;542
2026-06;-306.56;552
2026-07;-1525.72;576
2026-08;681.54;507
2026-09;1.03;223
2026-01;-9886.74;358
2025-01;1945.52;22
2025-02;1961.94;29
2025-03;-2934.66;30
2025-04;12531.55;29
2025-05;50804.15;22
2025-06;-7310.61;31
2025-07;-79.52;25
2025-08;-4783.42;29
2025-09;45684.92;24
2025-10;63267.11;26
2025-11;-40590.68;18
2025-12;14250.04;27
2026-01;163600.19;16
2026-02;166915.68;17
2026-03;127265.49;24
2026-04;45270.36;25
2026-05;36604.50;20
2026-06;132261.26;17
2026-07;-3478.82;23
2026-08;30356.08;22
2026-09;27288.10;12
2026-01;1124.46;435
2026-02;5132.28;397
2026-03;62141.83;413
2026-04;-59318.30;426
2026-05;-3741.00;416
2026-06;24374.04;402
2026-07;-22966.52;445
2026-08;-5957.11;405
2026-09;-6614.08;192
2026-01;-1967.30;38
2026-02;132.90;45
2026-03;-2714.01;57
2026-04;7176.55;40
2026-05;2453.69;42
2026-06;4382.62;42
2026-07;19110.56;39
2026-08;27141.83;49
2026-09;12808.40;22
2026-08;40.87;1
2026-01;-1635.32;20
2026-02;4117.36;20
2026-03;-1570.28;27
2026-04;9893.13;24
2026-05;17173.58;19
2026-06;737.47;24
2026-07;4448.63;26
2026-08;68931.60;23
2026-09;15096.98;8
2026-01;-446.94;21
2026-02;2165.94;20
2026-03;-472.21;27
2026-04;4696.87;24
2026-05;5955.48;19
2026-06;370.94;24
2026-07;1535.02;26
2026-08;16217.07;23
2026-09;4810.18;8
2026-01;2928.54;25
2026-02;4730.83;22
2026-03;4069.61;32
2026-04;-1940.89;33
2026-05;3576.30;26
2026-06;7873.31;28
2026-07;6396.39;32
2026-08;33253.08;28
2026-09;17305.01;10
2026-01;6815.55;15
2026-02;2786.33;13
2026-03;2395.81;20
2026-04;-7441.72;30
2026-05;8218.86;16
2026-06;13414.62;22
2026-07;4083.57;25
2026-08;2900.99;22
2026-09;1111.27;10
2026-01;4719.51;20
2026-02;4136.49;17
2026-03;1951.56;36
2026-04;-3430.58;32
2026-05;7865.13;27
2026-06;17106.35;26
2026-07;2468.33;36
2026-08;27046.30;28
2026-09;11877.23;12
