XAUUSDc;M1;1;14;7.00;0.20;0.50;1.50;4.00;1.0;3.0;6.0;1080;1;10;0.60;0.40;1.00;5.00;10000;0;0.00;0.00;0.00;0.0000;0.0000;0;0;0.0000;0.00;0.00;0.0000;0.0000;0.00;0;0.0000
XAUUSDc;M1;1;14;7.00;0.20;0.50;1.50;4.00;1.0;3.0;6.0;1080;1;10;0.60;0.50;0.50;5.00;10000;0;0.00;0.00;0.00;0.0000;0.0000;0;0;0.0000;0.00;0.00;0.0000;0.0000;0.00;0;0.0000
XAUUSDc;M1;1;14;7.00;0.20;0.50;1.50;4.00;1.0;3.0;6.0;1080;1;10;0.60;0.50;2.00;5.00;10000;0;0.00;0.00;0.00;0.0000;0.0000;0;0;0.0000;0.00;0.00;0.0000;0.0000;0.00;0;0.0000
XAUUSDc;M1;1;14;7.00;0.20;0.50;1.50;4.00;1.0;3.0;6.0;1080;1;10;0.60;0.60;0.50;5.00;10000;0;0.00;0.00;0.00;0.0000;0.0000;0;0;0.0000;0.00;0.00;0.0000;0.0000;0.00;0;0.0000
XAUUSDc;M1;1;14;7.00;0.20;0.50;1.50;4.00;1.0;3.0;6.0;1080;1;10;0.80;0.30;0.50;5.00;10000;0;0.00;0.00;0.00;0.0000;0.0000;0;0;0.0000;0.00;0.00;0.0000;0.0000;0.00;0;0.0000
XAUUSDc;M1;1;14;7.00;0.20;0.50;1.50;4.00;1.0;3.0;6.0;1080;1;10;0.80;0.60;0.50;5.00;10000;0;0.00;0.00;0.00;0.0000;0.0000;0;0;0.0000;0.00;0.00;0.0000;0.0000;0.00;0;0.0000
XAUUSDc;M1;1;14;7.00;0.20;0.50;1.50;4.00;1.0;3.0;6.0;1080;1;10;0.80;0.60;2.00;5.00;10000;0;0.00;0.00;0.00;0.0000;0.0000;0;0;0.0000;0.00;0.00;0.0000;0.0000;0.00;0;0.0000
XAUUSDc;M1;1;14;7.00;0.20;0.50;1.50;4.00;1.0;3.0;6.0;1080;1;10;0.90;0.30;0.50;5.00;10000;0;0.00;0.00;0.00;0.0000;0.0000;0;0;0.0000;0.00;0.00;0.0000;0.0000;0.00;0;0.0000
XAUUSDc;M1;1;14;7.00;0.20;0.50;1.50;4.00;1.0;3.0;6.0;1080;1;10;0.90;0.30;1.00;5.00;10000;0;0.00;0.00;0.00;0.0000;0.0000;0;0;0.0000;0.00;0.00;0.0000;0.0000;0.00;0;0.0000
XAUUSDc;M1;1;14;7.00;0.20;0.50;1.50;4.00;1.0;3.0;6.0;1080;1;10;0.90;0.40;2.00;5.00;10000;0;0.00;0.00;0.00;0.0000;0.0000;0;0;0.0000;0.00;0.00;0.0000;0.0000;0.00;0;0.0000
XAUUSDc;M1;1;14;7.00;0.20;0.50;1.50;4.00;1.0;3.0;6.0;1080;1;10;0.90;0.50;0.50;5.00;10000;0;0.00;0.00;0.00;0.0000;0.0000;0;0;0.0000;0.00;0.00;0.0000;0.0000;0.00;0;0.0000
XAUUSDc;M1;1;14;7.00;0.20;0.50;1.50;4.00;1.0;3.0;6.0;1080;1;10;0.90;0.50;1.00;5.00;10000;0;0.00;0.00;0.00;0.0000;0.0000;0;0;0.0000;0.00;0.00;0.0000;0.0000;0.00;0;0.0000
XAUUSDc;M1;1;14;7.00;0.20;0.50;1.50;4.00;1.0;3.0;6.0;1080;1;10;0.90;0.50;2.00;5.00;10000;0;0.00;0.00;0.00;0.0000;0.0000;0;0;0.0000;0.00;0.00;0.0000;0.0000;0.00;0;0.0000
XAUUSDc;M1;1;14;7.00;0.20;0.50;1.50;4.00;1.0;3.0;6.0;1080;1;15;0.60;0.30;0.50;5.00;10000;0;0.00;0.00;0.00;0.0000;0.0000;0;0;0.0000;0.00;0.00;0.0000;0.0000;0.00;0;0.0000
XAUUSDc;M1;1;14;7.00;0.20;0.50;1.50;4.00;1.0;3.0;6.0;1080;1;15;0.60;0.30;1.50;5.00;10000;0;0.00;0.00;0.00;0.0000;0.0000;0;0;0.0000;0.00;0.00;0.0000;0.0000;0.00;0;0.0000
XAUUSDc;M1;1;14;7.00;0.20;0.50;1.50;4.00;1.0;3.0;6.0;1080;1;15;0.70;0.60;0.50;5.00;10000;0;0.00;0.00;0.00;0.0000;0.0000;0;0;0.0000;0.00;0.00;0.0000;0.0000;0.00;0;0.0000
XAUUSDc;M1;1;14;7.00;0.20;0.50;1.50;4.00;1.0;3.0;6.0;1080;1;15;0.70;0.60;2.00;5.00;10000;0;0.00;0.00;0.00;0.0000;0.0000;0;0;0.0000;0.00;0.00;0.0000;0.0000;0.00;0;0.0000
XAUUSDc;M1;1;14;7.00;0.20;0.50;1.50;4.00;1.0;3.0;6.0;1080;1;15;0.80;0.30;1.50;5.00;10000;0;0.00;0.00;0.00;0.0000;0.0000;0;0;0.0000;0.00;0.00;0.0000;0.0000;0.00;0;0.0000
XAUUSDc;M1;1;14;7.00;0.20;0.50;1.50;4.00;1.0;3.0;6.0;1080;1;15;0.80;0.30;2.00;5.00;10000;0;0.00;0.00;0.00;0.0000;0.0000;0;0;0.0000;0.00;0.00;0.0000;0.0000;0.00;0;0.0000
XAUUSDc;M1;1;14;7.00;0.20;0.50;1.50;4.00;1.0;3.0;6.0;1080;1;15;0.80;0.50;0.50;5.00;10000;0;0.00;0.00;0.00;0.0000;0.0000;0;0;0.0000;0.00;0.00;0.0000;0.0000;0.00;0;0.0000
XAUUSDc;M1;1;14;7.00;0.20;0.50;1.50;4.00;1.0;3.0;6.0;1080;1;15;0.90;0.30;1.50;5.00;10000;0;0.00;0.00;0.00;0.0000;0.0000;0;0;0.0000;0.00;0.00;0.0000;0.0000;0.00;0;0.0000
XAUUSDc;M1;1;14;7.00;0.20;0.50;1.50;4.00;1.0;3.0;6.0;1080;1;15;0.90;0.30;2.00;5.00;10000;0;0.00;0.00;0.00;0.0000;0.0000;0;0;0.0000;0.00;0.00;0.0000;0.0000;0.00;0;0.0000
XAUUSDc;M1;1;14;7.00;0.20;0.50;1.50;4.00;1.0;3.0;6.0;1080;1;20;0.60;0.30;0.50;5.00;10000;0;0.00;0.00;0.00;0.0000;0.0000;0;0;0.0000;0.00;0.00;0.0000;0.0000;0.00;0;0.0000
XAUUSDc;M1;1;14;7.00;0.20;0.50;1.50;4.00;1.0;3.0;6.0;1080;1;20;0.60;0.30;2.00;5.00;10000;0;0.00;0.00;0.00;0.0000;0.0000;0;0;0.0000;0.00;0.00;0.0000;0.0000;0.00;0;0.0000
XAUUSDc;M1;1;14;7.00;0.20;0.50;1.50;4.00;1.0;3.0;6.0;1080;1;20;0.60;0.40;2.00;5.00;10000;0;0.00;0.00;0.00;0.0000;0.0000;0;0;0.0000;0.00;0.00;0.0000;0.0000;0.00;0;0.0000
XAUUSDc;M1;1;14;7.00;0.20;0.50;1.50;4.00;1.0;3.0;6.0;1080;1;20;0.60;0.60;0.50;5.00;10000;0;0.00;0.00;0.00;0.0000;0.0000;0;0;0.0000;0.00;0.00;0.0000;0.0000;0.00;0;0.0000
XAUUSDc;M1;1;14;7.00;0.20;0.50;1.50;4.00;1.0;3.0;6.0;1080;1;20;0.70;0.30;0.50;5.00;10000;0;0.00;0.00;0.00;0.0000;0.0000;0;0;0.0000;0.00;0.00;0.0000;0.0000;0.00;0;0.0000
XAUUSDc;M1;1;14;7.00;0.20;0.50;1.50;4.00;1.0;3.0;6.0;1080;1;20;0.70;0.50;0.50;5.00;10000;0;0.00;0.00;0.00;0.0000;0.0000;0;0;0.0000;0.00;0.00;0.0000;0.0000;0.00;0;0.0000
XAUUSDc;M1;1;14;7.00;0.20;0.50;1.50;4.00;1.0;3.0;6.0;1080;1;20;0.70;0.50;1.00;5.00;10000;0;0.00;0.00;0.00;0.0000;0.0000;0;0;0.0000;0.00;0.00;0.0000;0.0000;0.00;0;0.0000
XAUUSDc;M1;1;14;7.00;0.20;0.50;1.50;4.00;1.0;3.0;6.0;1080;1;20;0.70;0.60;0.50;5.00;10000;0;0.00;0.00;0.00;0.0000;0.0000;0;0;0.0000;0.00;0.00;0.0000;0.0000;0.00;0;0.0000
XAUUSDc;M1;1;14;7.00;0.20;0.50;1.50;4.00;1.0;3.0;6.0;1080;1;20;0.80;0.30;0.50;5.00;10000;0;0.00;0.00;0.00;0.0000;0.0000;0;0;0.0000;0.00;0.00;0.0000;0.0000;0.00;0;0.0000
XAUUSDc;M1;1;14;7.00;0.20;0.50;1.50;4.00;1.0;3.0;6.0;1080;1;20;0.80;0.30;2.00;5.00;10000;0;0.00;0.00;0.00;0.0000;0.0000;0;0;0.0000;0.00;0.00;0.0000;0.0000;0.00;0;0.0000
XAUUSDc;M1;1;14;7.00;0.20;0.50;1.50;4.00;1.0;3.0;6.0;1080;1;20;0.80;0.60;0.50;5.00;10000;0;0.00;0.00;0.00;0.0000;0.0000;0;0;0.0000;0.00;0.00;0.0000;0.0000;0.00;0;0.0000
XAUUSDc;M1;1;14;7.00;0.20;0.50;1.50;4.00;1.0;3.0;6.0;1080;1;20;0.90;0.40;0.50;5.00;10000;0;0.00;0.00;0.00;0.0000;0.0000;0;0;0.0000;0.00;0.00;0.0000;0.0000;0.00;0;0.0000
XAUUSDc;M1;1;14;7.00;0.20;0.50;1.50;4.00;1.0;3.0;6.0;1080;1;20;0.90;0.50;0.50;5.00;10000;0;0.00;0.00;0.00;0.0000;0.0000;0;0;0.0000;0.00;0.00;0.0000;0.0000;0.00;0;0.0000
XAUUSDc;M1;1;14;7.00;0.20;0.50;1.50;4.00;1.0;3.0;6.0;1080;1;20;0.90;0.50;2.00;5.00;10000;0;0.00;0.00;0.00;0.0000;0.0000;0;0;0.0000;0.00;0.00;0.0000;0.0000;0.00;0;0.0000
XAUUSDc;M1;1;14;7.00;0.20;0.50;1.50;4.00;1.0;3.0;6.0;1080;1;5;0.60;0.30;0.50;5.00;10000;0;0.00;0.00;0.00;0.0000;0.0000;0;0;0.0000;0.00;0.00;0.0000;0.0000;0.00;0;0.0000
XAUUSDc;M1;1;14;7.00;0.20;0.50;1.50;4.00;1.0;3.0;6.0;1080;1;5;0.60;0.40;1.00;5.00;10000;0;0.00;0.00;0.00;0.0000;0.0000;0;0;0.0000;0.00;0.00;0.0000;0.0000;0.00;0;0.0000
XAUUSDc;M1;1;14;7.00;0.20;0.50;1.50;4.00;1.0;3.0;6.0;1080;1;5;0.60;0.50;0.50;5.00;10000;0;0.00;0.00;0.00;0.0000;0.0000;0;0;0.0000;0.00;0.00;0.0000;0.0000;0.00;0;0.0000
XAUUSDc;M1;1;14;7.00;0.20;0.50;1.50;4.00;1.0;3.0;6.0;1080;1;5;0.60;0.60;0.50;5.00;10000;0;0.00;0.00;0.00;0.0000;0.0000;0;0;0.0000;0.00;0.00;0.0000;0.0000;0.00;0;0.0000
XAUUSDc;M1;1;14;7.00;0.20;0.50;1.50;4.00;1.0;3.0;6.0;1080;1;5;0.60;0.60;1.50;5.00;10000;0;0.00;0.00;0.00;0.0000;0.0000;0;0;0.0000;0.00;0.00;0.0000;0.0000;0.00;0;0.0000
XAUUSDc;M1;1;14;7.00;0.20;0.50;1.50;4.00;1.0;3.0;6.0;1080;1;5;0.60;0.60;2.00;5.00;10000;0;0.00;0.00;0.00;0.0000;0.0000;0;0;0.0000;0.00;0.00;0.0000;0.0000;0.00;0;0.0000
XAUUSDc;M1;1;14;7.00;0.20;0.50;1.50;4.00;1.0;3.0;6.0;1080;1;5;0.70;0.40;0.50;5.00;10000;0;0.00;0.00;0.00;0.0000;0.0000;0;0;0.0000;0.00;0.00;0.0000;0.0000;0.00;0;0.0000
XAUUSDc;M1;1;14;7.00;0.20;0.50;1.50;4.00;1.0;3.0;6.0;1080;1;5;0.70;0.50;0.50;5.00;10000;0;0.00;0.00;0.00;0.0000;0.0000;0;0;0.0000;0.00;0.00;0.0000;0.0000;0.00;0;0.0000
XAUUSDc;M1;1;14;7.00;0.20;0.50;1.50;4.00;1.0;3.0;6.0;1080;1;5;0.70;0.60;0.50;5.00;10000;0;0.00;0.00;0.00;0.0000;0.0000;0;0;0.0000;0.00;0.00;0.0000;0.0000;0.00;0;0.0000
XAUUSDc;M1;1;14;7.00;0.20;0.50;1.50;4.00;1.0;3.0;6.0;1080;1;5;0.70;0.60;1.50;5.00;10000;0;0.00;0.00;0.00;0.0000;0.0000;0;0;0.0000;0.00;0.00;0.0000;0.0000;0.00;0;0.0000
XAUUSDc;M1;1;14;7.00;0.20;0.50;1.50;4.00;1.0;3.0;6.0;1080;1;5;0.80;0.30;0.50;5.00;10000;0;0.00;0.00;0.00;0.0000;0.0000;0;0;0.0000;0.00;0.00;0.0000;0.0000;0.00;0;0.0000
XAUUSDc;M1;1;14;7.00;0.20;0.50;1.50;4.00;1.0;3.0;6.0;1080;1;5;0.80;0.50;2.00;5.00;10000;0;0.00;0.00;0.00;0.0000;0.0000;0;0;0.0000;0.00;0.00;0.0000;0.0000;0.00;0;0.0000
XAUUSDc;M1;1;14;7.00;0.20;0.50;1.50;4.00;1.0;3.0;6.0;1080;1;5;0.80;0.60;1.00;5.00;10000;0;0.00;0.00;0.00;0.0000;0.0000;0;0;0.0000;0.00;0.00;0.0000;0.0000;0.00;0;0.0000
XAUUSDc;M1;1;14;7.00;0.20;0.50;1.50;4.00;1.0;3.0;6.0;1080;1;5;0.90;0.30;0.50;5.00;10000;0;0.00;0.00;0.00;0.0000;0.0000;0;0;0.0000;0.00;0.00;0.0000;0.0000;0.00;0;0.0000
XAUUSDc;M1;1;14;7.00;0.20;0.50;1.50;4.00;1.0;3.0;6.0;1080;1;5;0.90;0.30;1.50;5.00;10000;0;0.00;0.00;0.00;0.0000;0.0000;0;0;0.0000;0.00;0.00;0.0000;0.0000;0.00;0;0.0000
XAUUSDc;M1;1;14;7.00;0.20;0.50;1.50;4.00;1.0;3.0;6.0;1080;1;5;0.90;0.40;0.50;5.00;10000;0;0.00;0.00;0.00;0.0000;0.0000;0;0;0.0000;0.00;0.00;0.0000;0.0000;0.00;0;0.0000
XAUUSDc;M1;1;14;7.00;0.20;0.50;1.50;4.00;1.0;3.0;6.0;1080;1;5;0.90;0.50;0.50;5.00;10000;0;0.00;0.00;0.00;0.0000;0.0000;0;0;0.0000;0.00;0.00;0.0000;0.0000;0.00;0;0.0000
XAUUSDc;M1;1;14;7.00;0.20;0.50;1.50;4.00;1.0;3.0;6.0;1080;1;5;0.90;0.50;1.00;5.00;10000;0;0.00;0.00;0.00;0.0000;0.0000;0;0;0.0000;0.00;0.00;0.0000;0.0000;0.00;0;0.0000
XAUUSDc;M1;1;14;7.00;0.20;0.50;1.50;4.00;1.0;3.0;6.0;1080;1;5;0.90;0.50;2.00;5.00;10000;0;0.00;0.00;0.00;0.0000;0.0000;0;0;0.0000;0.00;0.00;0.0000;0.0000;0.00;0;0.0000
XAUUSDc;M1;1;14;7.00;0.20;0.50;1.50;4.00;1.0;3.0;6.0;1080;1;5;0.90;0.60;0.50;5.00;10000;0;0.00;0.00;0.00;0.0000;0.0000;0;0;0.0000;0.00;0.00;0.0000;0.0000;0.00;0;0.0000
XAUUSDc;M1;1;14;7.00;0.20;1.50;1.50;4.00;1.0;3.0;6.0;1080;1;10;0.60;0.40;0.50;5.00;10000;0;0.00;0.00;0.00;0.0000;0.0000;0;0;0.0000;0.00;0.00;0.0000;0.0000;0.00;0;0.0000
XAUUSDc;M1;1;14;7.00;0.20;1.50;1.50;4.00;1.0;3.0;6.0;1080;1;10;0.60;0.50;2.00;5.00;10000;0;0.00;0.00;0.00;0.0000;0.0000;0;0;0.0000;0.00;0.00;0.0000;0.0000;0.00;0;0.0000
XAUUSDc;M1;1;14;7.00;0.20;1.50;1.50;4.00;1.0;3.0;6.0;1080;1;10;0.70;0.30;1.50;5.00;10000;0;0.00;0.00;0.00;0.0000;0.0000;0;0;0.0000;0.00;0.00;0.0000;0.0000;0.00;0;0.0000
XAUUSDc;M1;1;14;7.00;0.20;1.50;1.50;4.00;1.0;3.0;6.0;1080;1;10;0.70;0.60;0.50;5.00;10000;0;0.00;0.00;0.00;0.0000;0.0000;0;0;0.0000;0.00;0.00;0.0000;0.0000;0.00;0;0.0000
XAUUSDc;M1;1;14;7.00;0.20;1.50;1.50;4.00;1.0;3.0;6.0;1080;1;10;0.80;0.60;2.00;5.00;10000;0;0.00;0.00;0.00;0.0000;0.0000;0;0;0.0000;0.00;0.00;0.0000;0.0000;0.00;0;0.0000
XAUUSDc;M1;1;14;7.00;0.20;1.50;1.50;4.00;1.0;3.0;6.0;1080;1;10;0.90;0.30;0.50;5.00;10000;0;0.00;0.00;0.00;0.0000;0.0000;0;0;0.0000;0.00;0.00;0.0000;0.0000;0.00;0;0.0000
XAUUSDc;M1;1;14;7.00;0.20;1.50;1.50;4.00;1.0;3.0;6.0;1080;1;10;0.90;0.40;1.00;5.00;10000;0;0.00;0.00;0.00;0.0000;0.0000;0;0;0.0000;0.00;0.00;0.0000;0.0000;0.00;0;0.0000
XAUUSDc;M1;1;14;7.00;0.20;1.50;1.50;4.00;1.0;3.0;6.0;1080;1;15;0.60;0.60;0.50;5.00;10000;0;0.00;0.00;0.00;0.0000;0.0000;0;0;0.0000;0.00;0.00;0.0000;0.0000;0.00;0;0.0000
XAUUSDc;M1;1;14;7.00;0.20;1.50;1.50;4.00;1.0;3.0;6.0;1080;1;15;0.70;0.40;1.00;5.00;10000;0;0.00;0.00;0.00;0.0000;0.0000;0;0;0.0000;0.00;0.00;0.0000;0.0000;0.00;0;0.0000
XAUUSDc;M1;1;14;7.00;0.20;1.50;1.50;4.00;1.0;3.0;6.0;1080;1;15;0.80;0.60;1.00;5.00;10000;0;0.00;0.00;0.00;0.0000;0.0000;0;0;0.0000;0.00;0.00;0.0000;0.0000;0.00;0;0.0000
XAUUSDc;M1;1;14;7.00;0.20;1.50;1.50;4.00;1.0;3.0;6.0;1080;1;20;0.60;0.40;1.00;5.00;10000;0;0.00;0.00;0.00;0.0000;0.0000;0;0;0.0000;0.00;0.00;0.0000;0.0000;0.00;0;0.0000
XAUUSDc;M1;1;14;7.00;0.20;1.50;1.50;4.00;1.0;3.0;6.0;1080;1;20;0.70;0.30;0.50;5.00;10000;0;0.00;0.00;0.00;0.0000;0.0000;0;0;0.0000;0.00;0.00;0.0000;0.0000;0.00;0;0.0000
XAUUSDc;M1;1;14;7.00;0.20;1.50;1.50;4.00;1.0;3.0;6.0;1080;1;20;0.70;0.40;2.00;5.00;10000;0;0.00;0.00;0.00;0.0000;0.0000;0;0;0.0000;0.00;0.00;0.0000;0.0000;0.00;0;0.0000
XAUUSDc;M1;1;14;7.00;0.20;1.50;1.50;4.00;1.0;3.0;6.0;1080;1;20;0.70;0.50;1.00;5.00;10000;0;0.00;0.00;0.00;0.0000;0.0000;0;0;0.0000;0.00;0.00;0.0000;0.0000;0.00;0;0.0000
XAUUSDc;M1;1;14;7.00;0.20;1.50;1.50;4.00;1.0;3.0;6.0;1080;1;20;0.90;0.40;0.50;5.00;10000;0;0.00;0.00;0.00;0.0000;0.0000;0;0;0.0000;0.00;0.00;0.0000;0.0000;0.00;0;0.0000
XAUUSDc;M1;1;14;7.00;0.20;1.50;1.50;4.00;1.0;3.0;6.0;1080;1;20;0.90;0.40;1.50;5.00;10000;0;0.00;0.00;0.00;0.0000;0.0000;0;0;0.0000;0.00;0.00;0.0000;0.0000;0.00;0;0.0000
XAUUSDc;M1;1;14;7.00;0.20;1.50;1.50;4.00;1.0;3.0;6.0;1080;1;20;0.90;0.50;2.00;5.00;10000;0;0.00;0.00;0.00;0.0000;0.0000;0;0;0.0000;0.00;0.00;0.0000;0.0000;0.00;0;0.0000
XAUUSDc;M1;1;14;7.00;0.20;1.50;1.50;4.00;1.0;3.0;6.0;1080;1;5;0.60;0.40;1.50;5.00;10000;0;0.00;0.00;0.00;0.0000;0.0000;0;0;0.0000;0.00;0.00;0.0000;0.0000;0.00;0;0.0000
XAUUSDc;M1;1;14;7.00;0.20;1.50;1.50;4.00;1.0;3.0;6.0;1080;1;5;0.70;0.50;0.50;5.00;10000;0;0.00;0.00;0.00;0.0000;0.0000;0;0;0.0000;0.00;0.00;0.0000;0.0000;0.00;0;0.0000
XAUUSDc;M1;1;14;7.00;0.20;1.50;1.50;4.00;1.0;3.0;6.0;1080;1;5;0.70;0.60;2.00;5.00;10000;0;0.00;0.00;0.00;0.0000;0.0000;0;0;0.0000;0.00;0.00;0.0000;0.0000;0.00;0;0.0000
XAUUSDc;M1;1;14;7.00;0.20;1.50;1.50;4.00;1.0;3.0;6.0;1080;1;5;0.80;0.40;1.00;5.00;10000;0;0.00;0.00;0.00;0.0000;0.0000;0;0;0.0000;0.00;0.00;0.0000;0.0000;0.00;0;0.0000
XAUUSDc;M1;1;14;7.00;0.20;1.50;1.50;4.00;1.0;3.0;6.0;1080;1;5;0.90;0.30;0.50;5.00;10000;0;0.00;0.00;0.00;0.0000;0.0000;0;0;0.0000;0.00;0.00;0.0000;0.0000;0.00;0;0.0000
XAUUSDc;M1;1;14;7.00;0.20;2.50;1.50;4.00;1.0;3.0;6.0;1080;1;10;0.70;0.50;2.00;5.00;10000;0;0.00;0.00;0.00;0.0000;0.0000;0;0;0.0000;0.00;0.00;0.0000;0.0000;0.00;0;0.0000
XAUUSDc;M1;1;14;7.00;0.20;2.50;1.50;4.00;1.0;3.0;6.0;1080;1;10;0.70;0.60;1.50;5.00;10000;0;0.00;0.00;0.00;0.0000;0.0000;0;0;0.0000;0.00;0.00;0.0000;0.0000;0.00;0;0.0000
XAUUSDc;M1;1;14;7.00;0.20;2.50;1.50;4.00;1.0;3.0;6.0;1080;1;15;0.60;0.40;0.50;5.00;10000;0;0.00;0.00;0.00;0.0000;0.0000;0;0;0.0000;0.00;0.00;0.0000;0.0000;0.00;0;0.0000
XAUUSDc;M1;1;14;7.00;0.20;2.50;1.50;4.00;1.0;3.0;6.0;1080;1;15;0.60;0.50;1.00;5.00;10000;0;0.00;0.00;0.00;0.0000;0.0000;0;0;0.0000;0.00;0.00;0.0000;0.0000;0.00;0;0.0000
XAUUSDc;M1;1;14;7.00;0.20;2.50;1.50;4.00;1.0;3.0;6.0;1080;1;15;0.80;0.60;1.50;5.00;10000;0;0.00;0.00;0.00;0.0000;0.0000;0;0;0.0000;0.00;0.00;0.0000;0.0000;0.00;0;0.0000
XAUUSDc;M1;1;14;7.00;0.20;2.50;1.50;4.00;1.0;3.0;6.0;1080;1;20;0.60;0.50;1.50;5.00;10000;0;0.00;0.00;0.00;0.0000;0.0000;0;0;0.0000;0.00;0.00;0.0000;0.0000;0.00;0;0.0000
XAUUSDc;M1;1;14;7.00;0.20;2.50;1.50;4.00;1.0;3.0;6.0;1080;1;20;0.80;0.40;2.00;5.00;10000;0;0.00;0.00;0.00;0.0000;0.0000;0;0;0.0000;0.00;0.00;0.0000;0.0000;0.00;0;0.0000
XAUUSDc;M1;1;14;7.00;0.20;2.50;1.50;4.00;1.0;3.0;6.0;1080;1;20;0.90;0.40;2.00;5.00;10000;0;0.00;0.00;0.00;0.0000;0.0000;0;0;0.0000;0.00;0.00;0.0000;0.0000;0.00;0;0.0000
XAUUSDc;M1;1;14;7.00;0.20;2.50;1.50;4.00;1.0;3.0;6.0;1080;1;5;0.70;0.40;1.00;5.00;10000;0;0.00;0.00;0.00;0.0000;0.0000;0;0;0.0000;0.00;0.00;0.0000;0.0000;0.00;0;0.0000
XAUUSDc;M1;1;14;7.00;0.20;2.50;1.50;4.00;1.0;3.0;6.0;1080;1;5;0.90;0.60;1.00;5.00;10000;0;0.00;0.00;0.00;0.0000;0.0000;0;0;0.0000;0.00;0.00;0.0000;0.0000;0.00;0;0.0000
XAUUSDc;M1;1;14;7.00;0.20;2.50;1.50;4.00;1.0;3.0;6.0;1080;1;5;0.90;0.60;1.50;5.00;10000;0;0.00;0.00;0.00;0.0000;0.0000;0;0;0.0000;0.00;0.00;0.0000;0.0000;0.00;0;0.0000
XAUUSDc;M1;1;14;7.00;0.40;0.50;1.50;4.00;1.0;3.0;6.0;1080;1;10;0.60;0.30;2.00;5.00;10000;0;0.00;0.00;0.00;0.0000;0.0000;0;0;0.0000;0.00;0.00;0.0000;0.0000;0.00;0;0.0000
XAUUSDc;M1;1;14;7.00;0.40;0.50;1.50;4.00;1.0;3.0;6.0;1080;1;10;0.60;0.40;0.50;5.00;10000;0;0.00;0.00;0.00;0.0000;0.0000;0;0;0.0000;0.00;0.00;0.0000;0.0000;0.00;0;0.0000
XAUUSDc;M1;1;14;7.00;0.40;0.50;1.50;4.00;1.0;3.0;6.0;1080;1;10;0.70;0.30;1.00;5.00;10000;0;0.00;0.00;0.00;0.0000;0.0000;0;0;0.0000;0.00;0.00;0.0000;0.0000;0.00;0;0.0000
XAUUSDc;M1;1;14;7.00;0.40;0.50;1.50;4.00;1.0;3.0;6.0;1080;1;10;0.70;0.40;0.50;5.00;10000;0;0.00;0.00;0.00;0.0000;0.0000;0;0;0.0000;0.00;0.00;0.0000;0.0000;0.00;0;0.0000
XAUUSDc;M1;1;14;7.00;0.40;0.50;1.50;4.00;1.0;3.0;6.0;1080;1;15;0.60;0.50;1.50;5.00;10000;0;0.00;0.00;0.00;0.0000;0.0000;0;0;0.0000;0.00;0.00;0.0000;0.0000;0.00;0;0.0000
XAUUSDc;M1;1;14;7.00;0.40;0.50;1.50;4.00;1.0;3.0;6.0;1080;1;20;0.60;0.40;1.50;5.00;10000;0;0.00;0.00;0.00;0.0000;0.0000;0;0;0.0000;0.00;0.00;0.0000;0.0000;0.00;0;0.0000
XAUUSDc;M1;1;14;7.00;0.40;0.50;1.50;4.00;1.0;3.0;6.0;1080;1;20;0.90;0.30;0.50;5.00;10000;0;0.00;0.00;0.00;0.0000;0.0000;0;0;0.0000;0.00;0.00;0.0000;0.0000;0.00;0;0.0000
XAUUSDc;M1;1;14;7.00;0.40;0.50;1.50;4.00;1.0;3.0;6.0;1080;1;5;0.60;0.60;1.00;5.00;10000;0;0.00;0.00;0.00;0.0000;0.0000;0;0;0.0000;0.00;0.00;0.0000;0.0000;0.00;0;0.0000
XAUUSDc;M1;1;14;7.00;0.40;0.50;1.50;4.00;1.0;3.0;6.0;1080;1;5;0.80;0.30;1.50;5.00;10000;0;0.00;0.00;0.00;0.0000;0.0000;0;0;0.0000;0.00;0.00;0.0000;0.0000;0.00;0;0.0000
XAUUSDc;M1;1;14;7.00;0.40;0.50;1.50;4.00;1.0;3.0;6.0;1080;1;5;0.80;0.60;2.00;5.00;10000;0;0.00;0.00;0.00;0.0000;0.0000;0;0;0.0000;0.00;0.00;0.0000;0.0000;0.00;0;0.0000
XAUUSDc;M1;1;14;7.00;0.40;1.50;1.50;4.00;1.0;3.0;6.0;1080;1;10;0.60;0.50;1.00;5.00;10000;0;0.00;0.00;0.00;0.0000;0.0000;0;0;0.0000;0.00;0.00;0.0000;0.0000;0.00;0;0.0000
XAUUSDc;M1;1;14;7.00;0.40;1.50;1.50;4.00;1.0;3.0;6.0;1080;1;10;0.60;0.50;1.50;5.00;10000;0;0.00;0.00;0.00;0.0000;0.0000;0;0;0.0000;0.00;0.00;0.0000;0.0000;0.00;0;0.0000
XAUUSDc;M1;1;14;7.00;0.40;1.50;1.50;4.00;1.0;3.0;6.0;1080;1;10;0.70;0.40;1.50;5.00;10000;0;0.00;0.00;0.00;0.0000;0.0000;0;0;0.0000;0.00;0.00;0.0000;0.0000;0.00;0;0.0000
XAUUSDc;M1;1;14;7.00;0.40;1.50;1.50;4.00;1.0;3.0;6.0;1080;1;10;0.80;0.50;0.50;5.00;10000;0;0.00;0.00;0.00;0.0000;0.0000;0;0;0.0000;0.00;0.00;0.0000;0.0000;0.00;0;0.0000
XAUUSDc;M1;1;14;7.00;0.40;1.50;1.50;4.00;1.0;3.0;6.0;1080;1;10;0.90;0.40;1.00;5.00;10000;0;0.00;0.00;0.00;0.0000;0.0000;0;0;0.0000;0.00;0.00;0.0000;0.0000;0.00;0;0.0000
XAUUSDc;M1;1;14;7.00;0.40;1.50;1.50;4.00;1.0;3.0;6.0;1080;1;15;0.60;0.30;0.50;5.00;10000;0;0.00;0.00;0.00;0.0000;0.0000;0;0;0.0000;0.00;0.00;0.0000;0.0000;0.00;0;0.0000
XAUUSDc;M1;1;14;7.00;0.40;1.50;1.50;4.00;1.0;3.0;6.0;1080;1;15;0.60;0.30;1.00;5.00;10000;0;0.00;0.00;0.00;0.0000;0.0000;0;0;0.0000;0.00;0.00;0.0000;0.0000;0.00;0;0.0000
XAUUSDc;M1;1;14;7.00;0.40;1.50;1.50;4.00;1.0;3.0;6.0;1080;1;15;0.70;0.50;1.00;5.00;10000;0;0.00;0.00;0.00;0.0000;0.0000;0;0;0.0000;0.00;0.00;0.0000;0.0000;0.00;0;0.0000
XAUUSDc;M1;1;14;7.00;0.40;1.50;1.50;4.00;1.0;3.0;6.0;1080;1;15;0.80;0.60;1.00;5.00;10000;0;0.00;0.00;0.00;0.0000;0.0000;0;0;0.0000;0.00;0.00;0.0000;0.0000;0.00;0;0.0000
XAUUSDc;M1;1;14;7.00;0.40;1.50;1.50;4.00;1.0;3.0;6.0;1080;1;15;0.90;0.60;2.00;5.00;10000;0;0.00;0.00;0.00;0.0000;0.0000;0;0;0.0000;0.00;0.00;0.0000;0.0000;0.00;0;0.0000
XAUUSDc;M1;1;14;7.00;0.40;1.50;1.50;4.00;1.0;3.0;6.0;1080;1;20;0.60;0.30;0.50;5.00;10000;0;0.00;0.00;0.00;0.0000;0.0000;0;0;0.0000;0.00;0.00;0.0000;0.0000;0.00;0;0.0000
XAUUSDc;M1;1;14;7.00;0.40;1.50;1.50;4.00;1.0;3.0;6.0;1080;1;20;0.60;0.40;1.50;5.00;10000;0;0.00;0.00;0.00;0.0000;0.0000;0;0;0.0000;0.00;0.00;0.0000;0.0000;0.00;0;0.0000
XAUUSDc;M1;1;14;7.00;0.40;1.50;1.50;4.00;1.0;3.0;6.0;1080;1;20;0.70;0.40;0.50;5.00;10000;0;0.00;0.00;0.00;0.0000;0.0000;0;0;0.0000;0.00;0.00;0.0000;0.0000;0.00;0;0.0000
XAUUSDc;M1;1;14;7.00;0.40;1.50;1.50;4.00;1.0;3.0;6.0;1080;1;20;0.70;0.40;1.50;5.00;10000;0;0.00;0.00;0.00;0.0000;0.0000;0;0;0.0000;0.00;0.00;0.0000;0.0000;0.00;0;0.0000
XAUUSDc;M1;1;14;7.00;0.40;1.50;1.50;4.00;1.0;3.0;6.0;1080;1;20;0.90;0.40;0.50;5.00;10000;0;0.00;0.00;0.00;0.0000;0.0000;0;0;0.0000;0.00;0.00;0.0000;0.0000;0.00;0;0.0000
XAUUSDc;M1;1;14;7.00;0.40;1.50;1.50;4.00;1.0;3.0;6.0;1080;1;20;0.90;0.60;1.00;5.00;10000;0;0.00;0.00;0.00;0.0000;0.0000;0;0;0.0000;0.00;0.00;0.0000;0.0000;0.00;0;0.0000
XAUUSDc;M1;1;14;7.00;0.40;1.50;1.50;4.00;1.0;3.0;6.0;1080;1;5;0.60;0.30;1.50;5.00;10000;0;0.00;0.00;0.00;0.0000;0.0000;0;0;0.0000;0.00;0.00;0.0000;0.0000;0.00;0;0.0000
XAUUSDc;M1;1;14;7.00;0.40;1.50;1.50;4.00;1.0;3.0;6.0;1080;1;5;0.60;0.50;1.50;5.00;10000;0;0.00;0.00;0.00;0.0000;0.0000;0;0;0.0000;0.00;0.00;0.0000;0.0000;0.00;0;0.0000
XAUUSDc;M1;1;14;7.00;0.40;1.50;1.50;4.00;1.0;3.0;6.0;1080;1;5;0.80;0.50;1.00;5.00;10000;0;0.00;0.00;0.00;0.0000;0.0000;0;0;0.0000;0.00;0.00;0.0000;0.0000;0.00;0;0.0000
XAUUSDc;M1;1;14;7.00;0.40;1.50;1.50;4.00;1.0;3.0;6.0;1080;1;5;0.90;0.60;1.00;5.00;10000;0;0.00;0.00;0.00;0.0000;0.0000;0;0;0.0000;0.00;0.00;0.0000;0.0000;0.00;0;0.0000
XAUUSDc;M1;1;14;7.00;0.40;2.50;1.50;4.00;1.0;3.0;6.0;1080;1;10;0.60;0.40;0.50;5.00;10000;0;0.00;0.00;0.00;0.0000;0.0000;0;0;0.0000;0.00;0.00;0.0000;0.0000;0.00;0;0.0000
XAUUSDc;M1;1;14;7.00;0.40;2.50;1.50;4.00;1.0;3.0;6.0;1080;1;10;0.90;0.30;1.50;5.00;10000;0;0.00;0.00;0.00;0.0000;0.0000;0;0;0.0000;0.00;0.00;0.0000;0.0000;0.00;0;0.0000
XAUUSDc;M1;1;14;7.00;0.40;2.50;1.50;4.00;1.0;3.0;6.0;1080;1;15;0.80;0.30;1.00;5.00;10000;0;0.00;0.00;0.00;0.0000;0.0000;0;0;0.0000;0.00;0.00;0.0000;0.0000;0.00;0;0.0000
XAUUSDc;M1;1;14;7.00;0.40;2.50;1.50;4.00;1.0;3.0;6.0;1080;1;15;0.90;0.30;1.50;5.00;10000;0;0.00;0.00;0.00;0.0000;0.0000;0;0;0.0000;0.00;0.00;0.0000;0.0000;0.00;0;0.0000
XAUUSDc;M1;1;14;7.00;0.40;2.50;1.50;4.00;1.0;3.0;6.0;1080;1;15;0.90;0.30;2.00;5.00;10000;0;0.00;0.00;0.00;0.0000;0.0000;0;0;0.0000;0.00;0.00;0.0000;0.0000;0.00;0;0.0000
XAUUSDc;M1;1;14;7.00;0.40;2.50;1.50;4.00;1.0;3.0;6.0;1080;1;20;0.70;0.50;1.50;5.00;10000;0;0.00;0.00;0.00;0.0000;0.0000;0;0;0.0000;0.00;0.00;0.0000;0.0000;0.00;0;0.0000
XAUUSDc;M1;1;14;7.00;0.40;2.50;1.50;4.00;1.0;3.0;6.0;1080;1;20;0.70;0.60;0.50;5.00;10000;0;0.00;0.00;0.00;0.0000;0.0000;0;0;0.0000;0.00;0.00;0.0000;0.0000;0.00;0;0.0000
XAUUSDc;M1;1;14;7.00;0.40;2.50;1.50;4.00;1.0;3.0;6.0;1080;1;20;0.80;0.40;2.00;5.00;10000;0;0.00;0.00;0.00;0.0000;0.0000;0;0;0.0000;0.00;0.00;0.0000;0.0000;0.00;0;0.0000
XAUUSDc;M1;1;14;7.00;0.40;2.50;1.50;4.00;1.0;3.0;6.0;1080;1;20;0.90;0.30;2.00;5.00;10000;0;0.00;0.00;0.00;0.0000;0.0000;0;0;0.0000;0.00;0.00;0.0000;0.0000;0.00;0;0.0000
XAUUSDc;M1;1;14;7.00;0.40;2.50;1.50;4.00;1.0;3.0;6.0;1080;1;5;0.90;0.30;1.50;5.00;10000;0;0.00;0.00;0.00;0.0000;0.0000;0;0;0.0000;0.00;0.00;0.0000;0.0000;0.00;0;0.0000
XAUUSDc;M1;1;14;7.00;0.60;0.50;1.50;4.00;1.0;3.0;6.0;1080;1;10;0.60;0.40;1.50;5.00;10000;0;0.00;0.00;0.00;0.0000;0.0000;0;0;0.0000;0.00;0.00;0.0000;0.0000;0.00;0;0.0000
XAUUSDc;M1;1;14;7.00;0.60;0.50;1.50;4.00;1.0;3.0;6.0;1080;1;10;0.90;0.40;1.00;5.00;10000;0;0.00;0.00;0.00;0.0000;0.0000;0;0;0.0000;0.00;0.00;0.0000;0.0000;0.00;0;0.0000
XAUUSDc;M1;1;14;7.00;0.60;0.50;1.50;4.00;1.0;3.0;6.0;1080;1;15;0.90;0.40;1.50;5.00;10000;0;0.00;0.00;0.00;0.0000;0.0000;0;0;0.0000;0.00;0.00;0.0000;0.0000;0.00;0;0.0000
XAUUSDc;M1;1;14;7.00;0.60;0.50;1.50;4.00;1.0;3.0;6.0;1080;1;15;0.90;0.60;1.50;5.00;10000;0;0.00;0.00;0.00;0.0000;0.0000;0;0;0.0000;0.00;0.00;0.0000;0.0000;0.00;0;0.0000
XAUUSDc;M1;1;14;7.00;0.60;0.50;1.50;4.00;1.0;3.0;6.0;1080;1;20;0.80;0.30;0.50;5.00;10000;0;0.00;0.00;0.00;0.0000;0.0000;0;0;0.0000;0.00;0.00;0.0000;0.0000;0.00;0;0.0000
XAUUSDc;M1;1;14;7.00;0.60;0.50;1.50;4.00;1.0;3.0;6.0;1080;1;20;0.80;0.40;0.50;5.00;10000;0;0.00;0.00;0.00;0.0000;0.0000;0;0;0.0000;0.00;0.00;0.0000;0.0000;0.00;0;0.0000
XAUUSDc;M1;1;14;7.00;0.60;0.50;1.50;4.00;1.0;3.0;6.0;1080;1;20;0.80;0.60;2.00;5.00;10000;0;0.00;0.00;0.00;0.0000;0.0000;0;0;0.0000;0.00;0.00;0.0000;0.0000;0.00;0;0.0000
XAUUSDc;M1;1;14;7.00;0.60;0.50;1.50;4.00;1.0;3.0;6.0;1080;1;20;0.90;0.60;1.50;5.00;10000;0;0.00;0.00;0.00;0.0000;0.0000;0;0;0.0000;0.00;0.00;0.0000;0.0000;0.00;0;0.0000
XAUUSDc;M1;1;14;7.00;0.60;0.50;1.50;4.00;1.0;3.0;6.0;1080;1;5;0.60;0.60;1.00;5.00;10000;0;0.00;0.00;0.00;0.0000;0.0000;0;0;0.0000;0.00;0.00;0.0000;0.0000;0.00;0;0.0000
XAUUSDc;M1;1;14;7.00;0.60;1.50;1.50;4.00;1.0;3.0;6.0;1080;1;10;0.70;0.30;1.00;5.00;10000;0;0.00;0.00;0.00;0.0000;0.0000;0;0;0.0000;0.00;0.00;0.0000;0.0000;0.00;0;0.0000
XAUUSDc;M1;1;14;7.00;0.60;1.50;1.50;4.00;1.0;3.0;6.0;1080;1;10;0.70;0.50;2.00;5.00;10000;0;0.00;0.00;0.00;0.0000;0.0000;0;0;0.0000;0.00;0.00;0.0000;0.0000;0.00;0;0.0000
XAUUSDc;M1;1;14;7.00;0.60;1.50;1.50;4.00;1.0;3.0;6.0;1080;1;15;0.70;0.50;0.50;5.00;10000;0;0.00;0.00;0.00;0.0000;0.0000;0;0;0.0000;0.00;0.00;0.0000;0.0000;0.00;0;0.0000
XAUUSDc;M1;1;14;7.00;0.60;1.50;1.50;4.00;1.0;3.0;6.0;1080;1;15;0.90;0.30;1.50;5.00;10000;0;0.00;0.00;0.00;0.0000;0.0000;0;0;0.0000;0.00;0.00;0.0000;0.0000;0.00;0;0.0000
XAUUSDc;M1;1;14;7.00;0.60;1.50;1.50;4.00;1.0;3.0;6.0;1080;1;15;0.90;0.40;1.50;5.00;10000;0;0.00;0.00;0.00;0.0000;0.0000;0;0;0.0000;0.00;0.00;0.0000;0.0000;0.00;0;0.0000
XAUUSDc;M1;1;14;7.00;0.60;1.50;1.50;4.00;1.0;3.0;6.0;1080;1;15;0.90;0.50;1.50;5.00;10000;0;0.00;0.00;0.00;0.0000;0.0000;0;0;0.0000;0.00;0.00;0.0000;0.0000;0.00;0;0.0000
XAUUSDc;M1;1;14;7.00;0.60;1.50;1.50;4.00;1.0;3.0;6.0;1080;1;20;0.60;0.50;0.50;5.00;10000;0;0.00;0.00;0.00;0.0000;0.0000;0;0;0.0000;0.00;0.00;0.0000;0.0000;0.00;0;0.0000
XAUUSDc;M1;1;14;7.00;0.60;1.50;1.50;4.00;1.0;3.0;6.0;1080;1;20;0.90;0.30;1.00;5.00;10000;0;0.00;0.00;0.00;0.0000;0.0000;0;0;0.0000;0.00;0.00;0.0000;0.0000;0.00;0;0.0000
XAUUSDc;M1;1;14;7.00;0.60;1.50;1.50;4.00;1.0;3.0;6.0;1080;1;20;0.90;0.40;0.50;5.00;10000;0;0.00;0.00;0.00;0.0000;0.0000;0;0;0.0000;0.00;0.00;0.0000;0.0000;0.00;0;0.0000
XAUUSDc;M1;1;14;7.00;0.60;1.50;1.50;4.00;1.0;3.0;6.0;1080;1;5;0.70;0.40;2.00;5.00;10000;0;0.00;0.00;0.00;0.0000;0.0000;0;0;0.0000;0.00;0.00;0.0000;0.0000;0.00;0;0.0000
XAUUSDc;M1;1;14;7.00;0.60;1.50;1.50;4.00;1.0;3.0;6.0;1080;1;5;0.80;0.40;0.50;5.00;10000;0;0.00;0.00;0.00;0.0000;0.0000;0;0;0.0000;0.00;0.00;0.0000;0.0000;0.00;0;0.0000
XAUUSDc;M1;1;14;7.00;0.60;1.50;1.50;4.00;1.0;3.0;6.0;1080;1;5;0.90;0.50;1.50;5.00;10000;0;0.00;0.00;0.00;0.0000;0.0000;0;0;0.0000;0.00;0.00;0.0000;0.0000;0.00;0;0.0000
XAUUSDc;M1;1;14;7.00;0.60;2.50;1.50;4.00;1.0;3.0;6.0;1080;1;15;0.70;0.50;1.00;5.00;10000;0;0.00;0.00;0.00;0.0000;0.0000;0;0;0.0000;0.00;0.00;0.0000;0.0000;0.00;0;0.0000
XAUUSDc;M1;1;14;7.00;0.60;2.50;1.50;4.00;1.0;3.0;6.0;1080;1;15;0.90;0.40;1.50;5.00;10000;0;0.00;0.00;0.00;0.0000;0.0000;0;0;0.0000;0.00;0.00;0.0000;0.0000;0.00;0;0.0000
XAUUSDc;M1;1;14;7.00;0.60;2.50;1.50;4.00;1.0;3.0;6.0;1080;1;15;0.90;0.50;0.50;5.00;10000;0;0.00;0.00;0.00;0.0000;0.0000;0;0;0.0000;0.00;0.00;0.0000;0.0000;0.00;0;0.0000
XAUUSDc;M1;1;14;7.00;0.60;2.50;1.50;4.00;1.0;3.0;6.0;1080;1;15;0.90;0.50;1.00;5.00;10000;0;0.00;0.00;0.00;0.0000;0.0000;0;0;0.0000;0.00;0.00;0.0000;0.0000;0.00;0;0.0000
XAUUSDc;M1;1;14;7.00;0.60;2.50;1.50;4.00;1.0;3.0;6.0;1080;1;15;0.90;0.60;0.50;5.00;10000;0;0.00;0.00;0.00;0.0000;0.0000;0;0;0.0000;0.00;0.00;0.0000;0.0000;0.00;0;0.0000
XAUUSDc;M1;1;14;7.00;0.60;2.50;1.50;4.00;1.0;3.0;6.0;1080;1;15;0.90;0.60;1.50;5.00;10000;0;0.00;0.00;0.00;0.0000;0.0000;0;0;0.0000;0.00;0.00;0.0000;0.0000;0.00;0;0.0000
XAUUSDc;M1;1;14;7.00;0.60;2.50;1.50;4.00;1.0;3.0;6.0;1080;1;20;0.70;0.30;1.50;5.00;10000;0;0.00;0.00;0.00;0.0000;0.0000;0;0;0.0000;0.00;0.00;0.0000;0.0000;0.00;0;0.0000
XAUUSDc;M1;1;14;7.00;0.60;2.50;1.50;4.00;1.0;3.0;6.0;1080;1;5;0.70;0.40;2.00;5.00;10000;0;0.00;0.00;0.00;0.0000;0.0000;0;0;0.0000;0.00;0.00;0.0000;0.0000;0.00;0;0.0000
XAUUSDc;M1;1;14;7.00;0.60;2.50;1.50;4.00;1.0;3.0;6.0;1080;1;5;0.80;0.40;2.00;5.00;10000;0;0.00;0.00;0.00;0.0000;0.0000;0;0;0.0000;0.00;0.00;0.0000;0.0000;0.00;0;0.0000
XAUUSDc;M1;1;14;7.00;0.80;0.50;1.50;4.00;1.0;3.0;6.0;1080;1;10;0.70;0.30;1.50;5.00;10000;0;0.00;0.00;0.00;0.0000;0.0000;0;0;0.0000;0.00;0.00;0.0000;0.0000;0.00;0;0.0000
XAUUSDc;M1;1;14;7.00;0.80;0.50;1.50;4.00;1.0;3.0;6.0;1080;1;10;0.70;0.40;1.00;5.00;10000;0;0.00;0.00;0.00;0.0000;0.0000;0;0;0.0000;0.00;0.00;0.0000;0.0000;0.00;0;0.0000
XAUUSDc;M1;1;14;7.00;0.80;0.50;1.50;4.00;1.0;3.0;6.0;1080;1;10;0.70;0.60;1.50;5.00;10000;0;0.00;0.00;0.00;0.0000;0.0000;0;0;0.0000;0.00;0.00;0.0000;0.0000;0.00;0;0.0000
XAUUSDc;M1;1;14;7.00;0.80;0.50;1.50;4.00;1.0;3.0;6.0;1080;1;10;0.80;0.30;1.00;5.00;10000;0;0.00;0.00;0.00;0.0000;0.0000;0;0;0.0000;0.00;0.00;0.0000;0.0000;0.00;0;0.0000
XAUUSDc;M1;1;14;7.00;0.80;0.50;1.50;4.00;1.0;3.0;6.0;1080;1;10;0.90;0.30;1.50;5.00;10000;0;0.00;0.00;0.00;0.0000;0.0000;0;0;0.0000;0.00;0.00;0.0000;0.0000;0.00;0;0.0000
XAUUSDc;M1;1;14;7.00;0.80;0.50;1.50;4.00;1.0;3.0;6.0;1080;1;15;0.70;0.30;0.50;5.00;10000;0;0.00;0.00;0.00;0.0000;0.0000;0;0;0.0000;0.00;0.00;0.0000;0.0000;0.00;0;0.0000
XAUUSDc;M1;1;14;7.00;0.80;0.50;1.50;4.00;1.0;3.0;6.0;1080;1;20;0.80;0.30;0.50;5.00;10000;0;0.00;0.00;0.00;0.0000;0.0000;0;0;0.0000;0.00;0.00;0.0000;0.0000;0.00;0;0.0000
XAUUSDc;M1;1;14;7.00;0.80;0.50;1.50;4.00;1.0;3.0;6.0;1080;1;5;0.70;0.60;1.50;5.00;10000;0;0.00;0.00;0.00;0.0000;0.0000;0;0;0.0000;0.00;0.00;0.0000;0.0000;0.00;0;0.0000
XAUUSDc;M1;1;14;7.00;0.80;1.50;1.50;4.00;1.0;3.0;6.0;1080;1;10;0.70;0.50;1.50;5.00;10000;0;0.00;0.00;0.00;0.0000;0.0000;0;0;0.0000;0.00;0.00;0.0000;0.0000;0.00;0;0.0000
XAUUSDc;M1;1;14;7.00;0.80;1.50;1.50;4.00;1.0;3.0;6.0;1080;1;10;0.90;0.30;2.00;5.00;10000;0;0.00;0.00;0.00;0.0000;0.0000;0;0;0.0000;0.00;0.00;0.0000;0.0000;0.00;0;0.0000
XAUUSDc;M1;1;14;7.00;0.80;1.50;1.50;4.00;1.0;3.0;6.0;1080;1;10;0.90;0.50;1.50;5.00;10000;0;0.00;0.00;0.00;0.0000;0.0000;0;0;0.0000;0.00;0.00;0.0000;0.0000;0.00;0;0.0000
XAUUSDc;M1;1;14;7.00;0.80;1.50;1.50;4.00;1.0;3.0;6.0;1080;1;15;0.60;0.50;2.00;5.00;10000;0;0.00;0.00;0.00;0.0000;0.0000;0;0;0.0000;0.00;0.00;0.0000;0.0000;0.00;0;0.0000
XAUUSDc;M1;1;14;7.00;0.80;1.50;1.50;4.00;1.0;3.0;6.0;1080;1;15;0.70;0.40;2.00;5.00;10000;0;0.00;0.00;0.00;0.0000;0.0000;0;0;0.0000;0.00;0.00;0.0000;0.0000;0.00;0;0.0000
XAUUSDc;M1;1;14;7.00;0.80;1.50;1.50;4.00;1.0;3.0;6.0;1080;1;15;0.80;0.30;2.00;5.00;10000;0;0.00;0.00;0.00;0.0000;0.0000;0;0;0.0000;0.00;0.00;0.0000;0.0000;0.00;0;0.0000
XAUUSDc;M1;1;14;7.00;0.80;1.50;1.50;4.00;1.0;3.0;6.0;1080;1;15;0.90;0.40;2.00;5.00;10000;0;0.00;0.00;0.00;0.0000;0.0000;0;0;0.0000;0.00;0.00;0.0000;0.0000;0.00;0;0.0000
XAUUSDc;M1;1;14;7.00;0.80;1.50;1.50;4.00;1.0;3.0;6.0;1080;1;20;0.60;0.30;0.50;5.00;10000;0;0.00;0.00;0.00;0.0000;0.0000;0;0;0.0000;0.00;0.00;0.0000;0.0000;0.00;0;0.0000
XAUUSDc;M1;1;14;7.00;0.80;1.50;1.50;4.00;1.0;3.0;6.0;1080;1;20;0.60;0.30;1.00;5.00;10000;0;0.00;0.00;0.00;0.0000;0.0000;0;0;0.0000;0.00;0.00;0.0000;0.0000;0.00;0;0.0000
XAUUSDc;M1;1;14;7.00;0.80;1.50;1.50;4.00;1.0;3.0;6.0;1080;1;20;0.80;0.40;2.00;5.00;10000;0;0.00;0.00;0.00;0.0000;0.0000;0;0;0.0000;0.00;0.00;0.0000;0.0000;0.00;0;0.0000
XAUUSDc;M1;1;14;7.00;0.80;1.50;1.50;4.00;1.0;3.0;6.0;1080;1;20;0.90;0.50;0.50;5.00;10000;0;0.00;0.00;0.00;0.0000;0.0000;0;0;0.0000;0.00;0.00;0.0000;0.0000;0.00;0;0.0000
XAUUSDc;M1;1;14;7.00;0.80;1.50;1.50;4.00;1.0;3.0;6.0;1080;1;5;0.70;0.30;1.00;5.00;10000;0;0.00;0.00;0.00;0.0000;0.0000;0;0;0.0000;0.00;0.00;0.0000;0.0000;0.00;0;0.0000
XAUUSDc;M1;1;14;7.00;0.80;1.50;1.50;4.00;1.0;3.0;6.0;1080;1;5;0.70;0.30;2.00;5.00;10000;0;0.00;0.00;0.00;0.0000;0.0000;0;0;0.0000;0.00;0.00;0.0000;0.0000;0.00;0;0.0000
XAUUSDc;M1;1;14;7.00;0.80;1.50;1.50;4.00;1.0;3.0;6.0;1080;1;5;0.80;0.40;0.50;5.00;10000;0;0.00;0.00;0.00;0.0000;0.0000;0;0;0.0000;0.00;0.00;0.0000;0.0000;0.00;0;0.0000
XAUUSDc;M1;1;14;7.00;0.80;1.50;1.50;4.00;1.0;3.0;6.0;1080;1;5;0.90;0.60;0.50;5.00;10000;0;0.00;0.00;0.00;0.0000;0.0000;0;0;0.0000;0.00;0.00;0.0000;0.0000;0.00;0;0.0000
XAUUSDc;M1;1;14;7.00;0.80;2.50;1.50;4.00;1.0;3.0;6.0;1080;1;10;0.70;0.30;1.00;5.00;10000;0;0.00;0.00;0.00;0.0000;0.0000;0;0;0.0000;0.00;0.00;0.0000;0.0000;0.00;0;0.0000
XAUUSDc;M1;1;14;7.00;0.80;2.50;1.50;4.00;1.0;3.0;6.0;1080;1;10;0.70;0.60;0.50;5.00;10000;0;0.00;0.00;0.00;0.0000;0.0000;0;0;0.0000;0.00;0.00;0.0000;0.0000;0.00;0;0.0000
XAUUSDc;M1;1;14;7.00;0.80;2.50;1.50;4.00;1.0;3.0;6.0;1080;1;10;0.90;0.30;1.50;5.00;10000;0;0.00;0.00;0.00;0.0000;0.0000;0;0;0.0000;0.00;0.00;0.0000;0.0000;0.00;0;0.0000
XAUUSDc;M1;1;14;7.00;0.80;2.50;1.50;4.00;1.0;3.0;6.0;1080;1;10;0.90;0.60;1.00;5.00;10000;0;0.00;0.00;0.00;0.0000;0.0000;0;0;0.0000;0.00;0.00;0.0000;0.0000;0.00;0;0.0000
XAUUSDc;M1;1;14;7.00;0.80;2.50;1.50;4.00;1.0;3.0;6.0;1080;1;15;0.60;0.30;1.00;5.00;10000;0;0.00;0.00;0.00;0.0000;0.0000;0;0;0.0000;0.00;0.00;0.0000;0.0000;0.00;0;0.0000
XAUUSDc;M1;1;14;7.00;0.80;2.50;1.50;4.00;1.0;3.0;6.0;1080;1;15;0.60;0.50;1.50;5.00;10000;0;0.00;0.00;0.00;0.0000;0.0000;0;0;0.0000;0.00;0.00;0.0000;0.0000;0.00;0;0.0000
XAUUSDc;M1;1;14;7.00;0.80;2.50;1.50;4.00;1.0;3.0;6.0;1080;1;15;0.60;0.50;2.00;5.00;10000;0;0.00;0.00;0.00;0.0000;0.0000;0;0;0.0000;0.00;0.00;0.0000;0.0000;0.00;0;0.0000
XAUUSDc;M1;1;14;7.00;0.80;2.50;1.50;4.00;1.0;3.0;6.0;1080;1;15;0.70;0.30;2.00;5.00;10000;0;0.00;0.00;0.00;0.0000;0.0000;0;0;0.0000;0.00;0.00;0.0000;0.0000;0.00;0;0.0000
XAUUSDc;M1;1;14;7.00;0.80;2.50;1.50;4.00;1.0;3.0;6.0;1080;1;15;0.70;0.40;1.50;5.00;10000;0;0.00;0.00;0.00;0.0000;0.0000;0;0;0.0000;0.00;0.00;0.0000;0.0000;0.00;0;0.0000
XAUUSDc;M1;1;14;7.00;0.80;2.50;1.50;4.00;1.0;3.0;6.0;1080;1;15;0.80;0.30;0.50;5.00;10000;0;0.00;0.00;0.00;0.0000;0.0000;0;0;0.0000;0.00;0.00;0.0000;0.0000;0.00;0;0.0000
XAUUSDc;M1;1;14;7.00;0.80;2.50;1.50;4.00;1.0;3.0;6.0;1080;1;20;0.70;0.40;0.50;5.00;10000;0;0.00;0.00;0.00;0.0000;0.0000;0;0;0.0000;0.00;0.00;0.0000;0.0000;0.00;0;0.0000
XAUUSDc;M1;1;14;7.00;0.80;2.50;1.50;4.00;1.0;3.0;6.0;1080;1;20;0.80;0.50;1.50;5.00;10000;0;0.00;0.00;0.00;0.0000;0.0000;0;0;0.0000;0.00;0.00;0.0000;0.0000;0.00;0;0.0000
