XAUUSDm;M5;1;14;6.00;0.40;1.50;1.50;4.00;1.0;2.0;3.0;100;0;10;0.55;0.25;0.50;2.00;10000;3173;-2037.79;7305.43;0.98;-0.6422;0.3902;12;5;0.4167;-2695.98;-339.41;1.0000;0.0032;2.95;17;0.0000
XAUUSDm;M5;1;14;6.00;0.40;1.50;1.50;4.00;1.0;2.0;3.0;100;0;15;0.55;0.25;0.50;2.00;10000;3290;-3876.50;8361.63;0.96;-1.1783;0.3901;12;6;0.5000;-3128.57;-170.20;1.0000;0.0033;2.83;15;0.0000
XAUUSDm;M5;1;14;6.00;0.40;1.50;1.50;4.00;1.0;2.0;3.0;100;0;20;0.55;0.25;0.50;2.00;10000;3111;759.32;4907.39;1.01;0.2441;0.3849;12;6;0.5000;-2094.34;-241.43;0.4029;0.0034;2.99;13;0.0111
XAUUSDm;M5;1;14;6.00;0.40;1.50;1.50;4.00;1.0;2.0;3.0;100;0;5;0.55;0.25;0.50;2.00;10000;2644;-1030.45;4483.35;0.99;-0.3897;0.3859;12;7;0.5833;-2675.99;549.61;1.0000;0.0038;3.39;15;0.0000
XAUUSDm;M5;1;14;6.00;0.40;1.50;2.50;4.00;1.0;2.0;3.0;100;0;10;0.55;0.25;0.50;2.00;10000;3172;-615.15;5961.00;0.99;-0.1939;0.3936;12;6;0.5000;-2735.29;-197.42;1.0000;0.0032;3.05;17;0.0000
XAUUSDm;M5;1;14;6.00;0.40;1.50;2.50;4.00;1.0;2.0;3.0;100;0;15;0.55;0.25;0.50;2.00;10000;3289;-3590.05;7623.51;0.97;-1.0915;0.3941;12;7;0.5833;-3174.98;139.79;1.0000;0.0033;2.95;15;0.0000
XAUUSDm;M5;1;14;6.00;0.40;1.50;2.50;4.00;1.0;2.0;3.0;100;0;20;0.55;0.25;0.50;2.00;10000;3101;105.98;5296.90;1.00;0.0342;0.3850;12;5;0.4167;-2083.81;-29.64;2.8868;0.0034;3.11;13;0.0001
XAUUSDm;M5;1;14;6.00;0.40;1.50;2.50;4.00;1.0;2.0;3.0;100;0;5;0.55;0.25;0.50;2.00;10000;2642;-771.61;4559.28;0.99;-0.2921;0.3872;12;7;0.5833;-2731.06;534.26;1.0000;0.0038;3.45;15;0.0000
XAUUSDm;M5;1;14;6.00;0.40;1.50;3.50;4.00;1.0;2.0;3.0;100;0;10;0.55;0.25;0.50;2.00;10000;3172;-621.96;5902.35;0.99;-0.1961;0.3936;12;6;0.5000;-2743.84;-156.59;1.0000;0.0032;3.05;17;0.0000
XAUUSDm;M5;1;14;6.00;0.40;1.50;3.50;4.00;1.0;2.0;3.0;100;0;15;0.55;0.25;0.50;2.00;10000;3280;-4005.79;7919.84;0.96;-1.2213;0.3936;12;7;0.5833;-3151.96;126.56;1.0000;0.0033;2.95;15;0.0000
XAUUSDm;M5;1;14;6.00;0.40;1.50;3.50;4.00;1.0;2.0;3.0;100;0;20;0.55;0.25;0.50;2.00;10000;3093;-603.33;5178.79;0.99;-0.1951;0.3855;12;5;0.4167;-2206.94;-123.31;1.0000;0.0034;3.13;13;0.0000
XAUUSDm;M5;1;14;6.00;0.40;1.50;3.50;4.00;1.0;2.0;3.0;100;0;5;0.55;0.25;0.50;2.00;10000;2642;-584.37;4269.89;0.99;-0.2212;0.3878;12;7;0.5833;-2719.10;511.61;1.0000;0.0038;3.46;15;0.0000
XAUUSDm;M5;1;14;6.00;0.40;1.50;4.50;4.00;1.0;2.0;3.0;100;0;10;0.55;0.25;0.50;2.00;10000;3084;167.13;5774.59;1.00;0.0542;0.4023;12;6;0.5000;-2290.76;-33.87;1.6549;0.0032;3.37;17;0.0005
XAUUSDm;M5;1;14;6.00;0.40;1.50;4.50;4.00;1.0;2.0;3.0;100;0;15;0.55;0.25;0.50;2.00;10000;3216;-1260.43;6561.92;0.99;-0.3919;0.4047;12;6;0.5000;-3097.14;29.63;1.0000;0.0034;3.28;12;0.0000
XAUUSDm;M5;1;14;6.00;0.40;1.50;4.50;4.00;1.0;2.0;3.0;100;0;20;0.55;0.25;0.50;2.00;10000;3015;-399.41;5510.86;1.00;-0.1325;0.3942;12;7;0.5833;-2580.70;228.80;1.0000;0.0036;3.40;13;0.0000
XAUUSDm;M5;1;14;6.00;0.40;1.50;4.50;4.00;1.0;2.0;3.0;100;0;5;0.55;0.25;0.50;2.00;10000;2576;194.05;4202.49;1.00;0.0753;0.3912;12;8;0.6667;-2859.48;390.38;1.3999;0.0037;3.73;15;0.0017
XAUUSDm;M5;1;14;6.50;0.40;1.50;1.50;4.00;1.0;2.0;3.0;100;0;10;0.55;0.25;0.50;2.00;10000;3023;-971.73;6687.42;0.99;-0.3214;0.3993;12;5;0.4167;-2949.22;-39.23;1.0000;0.0033;3.12;17;0.0000
XAUUSDm;M5;1;14;6.50;0.40;1.50;1.50;4.00;1.0;2.0;3.0;100;0;15;0.55;0.25;0.50;2.00;10000;3126;-1669.47;6831.42;0.98;-0.5341;0.3974;12;5;0.4167;-2170.56;-170.99;1.0000;0.0034;2.95;18;0.0000
XAUUSDm;M5;1;14;6.50;0.40;1.50;1.50;4.00;1.0;2.0;3.0;100;0;20;0.55;0.25;0.50;2.00;10000;2953;3494.53;4146.62;1.04;1.1834;0.3981;12;7;0.5833;-2182.16;427.60;0.0875;0.0035;3.07;14;0.2284
XAUUSDm;M5;1;14;6.50;0.40;1.50;1.50;4.00;1.0;2.0;3.0;100;0;5;0.55;0.25;0.50;2.00;10000;2472;3558.11;3925.60;1.05;1.4394;0.3935;12;8;0.6667;-1469.34;505.56;0.0815;0.0039;3.63;13;0.3171
XAUUSDm;M5;1;14;6.50;0.40;1.50;2.50;4.00;1.0;2.0;3.0;100;0;10;0.55;0.25;0.50;2.00;10000;3022;671.58;5808.03;1.01;0.2222;0.4050;12;6;0.5000;-2711.72;45.26;0.4380;0.0033;3.23;17;0.0080
XAUUSDm;M5;1;14;6.50;0.40;1.50;2.50;4.00;1.0;2.0;3.0;100;0;15;0.55;0.25;0.50;2.00;10000;3126;-1358.70;6281.55;0.99;-0.4346;0.4016;12;6;0.5000;-2318.40;-208.03;1.0000;0.0034;3.11;18;0.0000
XAUUSDm;M5;1;14;6.50;0.40;1.50;2.50;4.00;1.0;2.0;3.0;100;0;20;0.55;0.25;0.50;2.00;10000;2941;3308.66;4752.37;1.04;1.1250;0.4001;12;8;0.6667;-2129.17;442.55;0.0925;0.0035;3.29;14;0.2476
XAUUSDm;M5;1;14;6.50;0.40;1.50;2.50;4.00;1.0;2.0;3.0;100;0;5;0.55;0.25;0.50;2.00;10000;2467;3673.43;4004.07;1.05;1.4890;0.3942;12;8;0.6667;-1685.68;474.70;0.0789;0.0039;3.71;13;0.3215
XAUUSDm;M5;1;14;6.50;0.40;1.50;3.50;4.00;1.0;2.0;3.0;100;0;10;0.55;0.25;0.50;2.00;10000;3023;986.55;5794.48;1.01;0.3263;0.4056;12;7;0.5833;-2719.00;216.35;0.2939;0.0033;3.27;17;0.0240
XAUUSDm;M5;1;14;6.50;0.40;1.50;3.50;4.00;1.0;2.0;3.0;100;0;15;0.55;0.25;0.50;2.00;10000;3119;-1394.66;6318.11;0.99;-0.4471;0.4026;12;5;0.4167;-2160.61;-265.59;1.0000;0.0034;3.12;18;0.0000
XAUUSDm;M5;1;14;6.50;0.40;1.50;3.50;4.00;1.0;2.0;3.0;100;0;20;0.55;0.25;0.50;2.00;10000;2933;2550.39;4763.27;1.03;0.8695;0.4007;12;8;0.6667;-2334.07;347.62;0.1200;0.0036;3.32;14;0.1907
XAUUSDm;M5;1;14;6.50;0.40;1.50;3.50;4.00;1.0;2.0;3.0;100;0;5;0.55;0.25;0.50;2.00;10000;2464;3684.25;3736.30;1.05;1.4952;0.3949;12;8;0.6667;-1704.30;416.81;0.0787;0.0039;3.72;13;0.3461
XAUUSDm;M5;1;14;6.50;0.40;1.50;4.50;4.00;1.0;2.0;3.0;100;0;10;0.55;0.25;0.50;2.00;10000;2942;914.05;4117.92;1.01;0.3107;0.4122;12;7;0.5833;-2310.67;213.92;0.3260;0.0036;3.62;13;0.0287
XAUUSDm;M5;1;14;6.50;0.40;1.50;4.50;4.00;1.0;2.0;3.0;100;0;15;0.55;0.25;0.50;2.00;10000;3064;1838.13;4712.84;1.02;0.5999;0.4167;12;6;0.5000;-2154.38;-24.09;0.1654;0.0035;3.48;11;0.0737
XAUUSDm;M5;1;14;6.50;0.40;1.50;4.50;4.00;1.0;2.0;3.0;100;0;20;0.55;0.25;0.50;2.00;10000;2857;2546.81;5055.75;1.03;0.8914;0.4109;12;7;0.5833;-2309.17;394.41;0.1193;0.0037;3.62;14;0.1409
XAUUSDm;M5;1;14;6.50;0.40;1.50;4.50;4.00;1.0;2.0;3.0;100;0;5;0.55;0.25;0.50;2.00;10000;2390;2337.42;3016.89;1.03;0.9780;0.3945;12;6;0.5000;-1572.65;1.24;0.1275;0.0043;4.01;13;0.1528
XAUUSDm;M5;1;14;7.00;0.40;1.50;1.50;4.00;1.0;2.0;3.0;100;0;10;0.55;0.25;0.50;2.00;10000;2858;445.91;5842.74;1.01;0.1560;0.4058;12;6;0.5000;-2514.36;402.38;0.6503;0.0035;3.26;15;0.0036
XAUUSDm;M5;1;14;7.00;0.40;1.50;1.50;4.00;1.0;2.0;3.0;100;0;15;0.55;0.25;0.50;2.00;10000;3015;1561.27;5216.06;1.02;0.5178;0.4014;12;8;0.6667;-2157.37;56.83;0.1960;0.0034;3.09;11;0.0818
XAUUSDm;M5;1;14;7.00;0.40;1.50;1.50;4.00;1.0;2.0;3.0;100;0;20;0.55;0.25;0.50;2.00;10000;2835;5007.19;4329.76;1.06;1.7662;0.4039;12;8;0.6667;-1783.67;777.02;0.0605;0.0036;3.19;14;0.4152
XAUUSDm;M5;1;14;7.00;0.40;1.50;1.50;4.00;1.0;2.0;3.0;100;0;5;0.55;0.25;0.50;2.00;10000;2253;6432.11;3057.99;1.10;2.8549;0.4055;12;8;0.6667;-1725.95;610.43;0.0451;0.0042;3.88;10;0.7581
XAUUSDm;M5;1;14;7.00;0.40;1.50;2.50;4.00;1.0;2.0;3.0;100;0;10;0.55;0.25;0.50;2.00;10000;2863;2530.31;4860.73;1.03;0.8838;0.4130;12;7;0.5833;-2232.73;601.24;0.1163;0.0035;3.39;15;0.1463
XAUUSDm;M5;1;14;7.00;0.40;1.50;2.50;4.00;1.0;2.0;3.0;100;0;15;0.55;0.25;0.50;2.00;10000;3005;526.92;5208.54;1.01;0.1753;0.4036;12;6;0.5000;-2409.45;-24.89;0.5806;0.0035;3.25;11;0.0053
XAUUSDm;M5;1;14;7.00;0.40;1.50;2.50;4.00;1.0;2.0;3.0;100;0;20;0.55;0.25;0.50;2.00;10000;2818;3825.04;5350.52;1.04;1.3574;0.4027;12;9;0.7500;-1819.62;605.32;0.0792;0.0036;3.38;14;0.3238
XAUUSDm;M5;1;14;7.00;0.40;1.50;2.50;4.00;1.0;2.0;3.0;100;0;5;0.55;0.25;0.50;2.00;10000;2246;6136.04;3047.20;1.09;2.7320;0.4055;12;8;0.6667;-1640.06;645.67;0.0473;0.0042;3.97;10;0.7258
XAUUSDm;M5;1;14;7.00;0.40;1.50;3.50;4.00;1.0;2.0;3.0;100;0;10;0.55;0.25;0.50;2.00;10000;2863;2847.25;4859.42;1.03;0.9945;0.4136;12;8;0.6667;-2240.01;637.45;0.1018;0.0034;3.43;15;0.2154
XAUUSDm;M5;1;14;7.00;0.40;1.50;3.50;4.00;1.0;2.0;3.0;100;0;15;0.55;0.25;0.50;2.00;10000;2995;419.74;5294.97;1.00;0.1401;0.4047;12;6;0.5000;-2281.86;-84.67;0.7289;0.0035;3.26;11;0.0033
XAUUSDm;M5;1;14;7.00;0.40;1.50;3.50;4.00;1.0;2.0;3.0;100;0;20;0.55;0.25;0.50;2.00;10000;2809;3326.14;5356.47;1.04;1.1841;0.4041;12;8;0.6667;-2021.27;638.33;0.0911;0.0037;3.41;14;0.2230
XAUUSDm;M5;1;14;7.00;0.40;1.50;3.50;4.00;1.0;2.0;3.0;100;0;5;0.55;0.25;0.50;2.00;10000;2243;6169.93;2761.30;1.09;2.7507;0.4055;12;8;0.6667;-1354.73;608.02;0.0470;0.0042;3.98;10;0.8054
XAUUSDm;M5;1;14;7.00;0.40;1.50;4.50;4.00;1.0;2.0;3.0;100;0;10;0.55;0.25;0.50;2.00;10000;2800;4354.99;3635.80;1.05;1.5554;0.4239;12;8;0.6667;-2232.95;660.31;0.0684;0.0037;3.83;15;0.4514
XAUUSDm;M5;1;14;7.00;0.40;1.50;4.50;4.00;1.0;2.0;3.0;100;0;15;0.55;0.25;0.50;2.00;10000;2951;2925.27;4411.26;1.03;0.9913;0.4211;12;7;0.5833;-2227.51;484.32;0.1039;0.0036;3.63;11;0.1900
XAUUSDm;M5;1;14;7.00;0.40;1.50;4.50;4.00;1.0;2.0;3.0;100;0;20;0.55;0.25;0.50;2.00;10000;2756;4161.90;4544.80;1.05;1.5101;0.4182;12;7;0.5833;-1901.79;532.70;0.0721;0.0038;3.69;14;0.2606
XAUUSDm;M5;1;14;7.00;0.40;1.50;4.50;4.00;1.0;2.0;3.0;100;0;5;0.55;0.25;0.50;2.00;10000;2177;4731.48;2738.61;1.07;2.1734;0.4032;12;6;0.5000;-1384.87;278.26;0.0630;0.0046;4.26;10;0.3483
XAUUSDm;M5;1;14;7.50;0.40;1.50;1.50;4.00;1.0;2.0;3.0;100;0;10;0.55;0.25;0.50;2.00;10000;2775;1100.69;3931.03;1.01;0.3966;0.4065;12;6;0.5000;-2347.32;177.13;0.2635;0.0036;3.38;15;0.0324
XAUUSDm;M5;1;14;7.50;0.40;1.50;1.50;4.00;1.0;2.0;3.0;100;0;15;0.55;0.25;0.50;2.00;10000;2955;5037.82;3506.34;1.06;1.7048;0.4143;12;9;0.7500;-2057.47;495.20;0.0601;0.0035;3.15;11;0.6697
XAUUSDm;M5;1;14;7.50;0.40;1.50;1.50;4.00;1.0;2.0;3.0;100;0;20;0.55;0.25;0.50;2.00;10000;2754;6528.35;3491.42;1.08;2.3705;0.4069;12;10;0.8333;-1870.60;841.76;0.0539;0.0042;3.21;11;1.0566
XAUUSDm;M5;1;14;7.50;0.40;1.50;1.50;4.00;1.0;2.0;3.0;100;0;5;0.55;0.25;0.50;2.00;10000;2123;6362.65;1981.69;1.10;2.9970;0.4140;12;8;0.6667;-592.39;304.11;0.0456;0.0045;3.96;17;1.1814
XAUUSDm;M5;1;14;7.50;0.40;1.50;2.50;4.00;1.0;2.0;3.0;100;0;10;0.55;0.25;0.50;2.00;10000;2774;2703.22;3102.59;1.03;0.9745;0.4128;12;7;0.5833;-2063.98;571.34;0.1088;0.0036;3.51;15;0.2447
XAUUSDm;M5;1;14;7.50;0.40;1.50;2.50;4.00;1.0;2.0;3.0;100;0;15;0.55;0.25;0.50;2.00;10000;2946;3878.18;3247.89;1.04;1.3164;0.4143;12;8;0.6667;-1644.81;621.54;0.0781;0.0035;3.29;11;0.4397
XAUUSDm;M5;1;14;7.50;0.40;1.50;2.50;4.00;1.0;2.0;3.0;100;0;20;0.55;0.25;0.50;2.00;10000;2735;5378.17;3961.27;1.06;1.9664;0.4052;12;9;0.7500;-1917.31;669.55;0.0612;0.0040;3.37;11;0.6190
XAUUSDm;M5;1;14;7.50;0.40;1.50;2.50;4.00;1.0;2.0;3.0;100;0;5;0.55;0.25;0.50;2.00;10000;2121;6293.03;2011.11;1.10;2.9670;0.4148;12;8;0.6667;-566.36;172.79;0.0461;0.0045;4.02;17;1.1537
XAUUSDm;M5;1;14;7.50;0.40;1.50;3.50;4.00;1.0;2.0;3.0;100;0;10;0.55;0.25;0.50;2.00;10000;2776;3223.24;3047.88;1.04;1.1611;0.4140;12;7;0.5833;-2061.80;578.11;0.0900;0.0036;3.55;15;0.2979
XAUUSDm;M5;1;14;7.50;0.40;1.50;3.50;4.00;1.0;2.0;3.0;100;0;15;0.55;0.25;0.50;2.00;10000;2937;4235.79;3227.20;1.05;1.4422;0.4160;12;8;0.6667;-1760.30;511.10;0.0715;0.0035;3.31;11;0.4853
XAUUSDm;M5;1;14;7.50;0.40;1.50;3.50;4.00;1.0;2.0;3.0;100;0;20;0.55;0.25;0.50;2.00;10000;2729;4923.64;3928.68;1.06;1.8042;0.4065;12;9;0.7500;-2115.95;695.08;0.0625;0.0038;3.41;11;0.5731
XAUUSDm;M5;1;14;7.50;0.40;1.50;3.50;4.00;1.0;2.0;3.0;100;0;5;0.55;0.25;0.50;2.00;10000;2117;6049.99;2171.79;1.10;2.8578;0.4131;12;8;0.6667;-593.00;153.59;0.0479;0.0045;4.03;17;1.0230
XAUUSDm;M5;1;14;7.50;0.40;1.50;4.50;4.00;1.0;2.0;3.0;100;0;10;0.55;0.25;0.50;2.00;10000;2705;4091.88;3069.97;1.05;1.5127;0.4214;12;7;0.5833;-2156.10;559.29;0.0728;0.0039;3.94;15;0.3823
XAUUSDm;M5;1;14;7.50;0.40;1.50;4.50;4.00;1.0;2.0;3.0;100;0;15;0.55;0.25;0.50;2.00;10000;2883;6228.12;3022.60;1.08;2.1603;0.4304;12;8;0.6667;-1545.42;676.30;0.0482;0.0036;3.67;12;0.7884
XAUUSDm;M5;1;14;7.50;0.40;1.50;4.50;4.00;1.0;2.0;3.0;100;0;20;0.55;0.25;0.50;2.00;10000;2673;6097.93;3051.83;1.08;2.2813;0.4195;12;10;0.8333;-1504.80;649.56;0.0492;0.0038;3.69;11;1.1641
XAUUSDm;M5;1;14;7.50;0.40;1.50;4.50;4.00;1.0;2.0;3.0;100;0;5;0.55;0.25;0.50;2.00;10000;2048;5310.04;2365.69;1.09;2.5928;0.4131;12;7;0.5833;-853.12;345.82;0.0561;0.0049;4.37;14;0.6311
XAUUSDm;M5;1;14;8.00;0.40;1.50;1.50;4.00;1.0;2.0;3.0;100;0;10;0.55;0.25;0.50;2.00;10000;2642;-191.36;4178.98;1.00;-0.0724;0.4013;12;5;0.4167;-2074.23;-26.61;1.0000;0.0038;3.35;14;0.0000
XAUUSDm;M5;1;14;8.00;0.40;1.50;1.50;4.00;1.0;2.0;3.0;100;0;15;0.55;0.25;0.50;2.00;10000;2883;4970.12;4389.80;1.06;1.7239;0.4072;12;9;0.7500;-1937.86;366.43;0.0610;0.0035;3.12;13;0.5187
XAUUSDm;M5;1;14;8.00;0.40;1.50;1.50;4.00;1.0;2.0;3.0;100;0;20;0.55;0.25;0.50;2.00;10000;2666;4582.15;2988.02;1.06;1.7187;0.3978;12;8;0.6667;-642.84;349.90;0.0768;0.0044;3.07;14;0.5423
XAUUSDm;M5;1;14;8.00;0.40;1.50;1.50;4.00;1.0;2.0;3.0;100;0;5;0.55;0.25;0.50;2.00;10000;1967;3673.37;2487.48;1.06;1.8675;0.4019;12;7;0.5833;-1113.18;207.53;0.0789;0.0050;3.90;17;0.4039
XAUUSDm;M5;1;14;8.00;0.40;1.50;2.50;4.00;1.0;2.0;3.0;100;0;10;0.55;0.25;0.50;2.00;10000;2639;1218.09;3269.77;1.02;0.4616;0.4065;12;7;0.5833;-1790.77;341.08;0.2415;0.0038;3.42;14;0.0640
XAUUSDm;M5;1;14;8.00;0.40;1.50;2.50;4.00;1.0;2.0;3.0;100;0;15;0.55;0.25;0.50;2.00;10000;2882;5017.55;3704.40;1.06;1.7410;0.4095;12;7;0.5833;-1805.36;427.26;0.0604;0.0035;3.27;13;0.3775
XAUUSDm;M5;1;14;8.00;0.40;1.50;2.50;4.00;1.0;2.0;3.0;100;0;20;0.55;0.25;0.50;2.00;10000;2650;3832.70;3362.69;1.05;1.4463;0.3981;12;8;0.6667;-1004.84;410.67;0.0859;0.0042;3.25;14;0.4033
XAUUSDm;M5;1;14;8.00;0.40;1.50;2.50;4.00;1.0;2.0;3.0;100;0;5;0.55;0.25;0.50;2.00;10000;1968;3925.80;2734.27;1.07;1.9948;0.4037;12;7;0.5833;-1036.90;195.99;0.0739;0.0050;3.96;17;0.3944
XAUUSDm;M5;1;14;8.00;0.40;1.50;3.50;4.00;1.0;2.0;3.0;100;0;10;0.55;0.25;0.50;2.00;10000;2641;1687.27;3340.39;1.02;0.6389;0.4078;12;7;0.5833;-1788.07;431.93;0.1719;0.0037;3.47;14;0.1224
XAUUSDm;M5;1;14;8.00;0.40;1.50;3.50;4.00;1.0;2.0;3.0;100;0;15;0.55;0.25;0.50;2.00;10000;2877;5457.13;3579.87;1.06;1.8968;0.4119;12;8;0.6667;-1593.60;428.40;0.0555;0.0035;3.29;13;0.5581
XAUUSDm;M5;1;14;8.00;0.40;1.50;3.50;4.00;1.0;2.0;3.0;100;0;20;0.55;0.25;0.50;2.00;10000;2652;4397.01;2633.45;1.05;1.6580;0.4019;12;9;0.7500;-899.34;401.92;0.0700;0.0039;3.29;14;0.7550
XAUUSDm;M5;1;14;8.00;0.40;1.50;3.50;4.00;1.0;2.0;3.0;100;0;5;0.55;0.25;0.50;2.00;10000;1965;3804.44;2943.42;1.06;1.9361;0.4028;12;7;0.5833;-995.92;173.46;0.0762;0.0050;3.98;17;0.3543
XAUUSDm;M5;1;14;8.00;0.40;1.50;4.50;4.00;1.0;2.0;3.0;100;0;10;0.55;0.25;0.50;2.00;10000;2570;2023.34;2959.78;1.03;0.7873;0.4166;12;6;0.5000;-1996.07;31.47;0.1473;0.0040;3.90;13;0.1424
XAUUSDm;M5;1;14;8.00;0.40;1.50;4.50;4.00;1.0;2.0;3.0;100;0;15;0.55;0.25;0.50;2.00;10000;2815;6073.66;3511.47;1.08;2.1576;0.4222;12;6;0.5000;-1501.42;489.58;0.0494;0.0037;3.68;13;0.3652
XAUUSDm;M5;1;14;8.00;0.40;1.50;4.50;4.00;1.0;2.0;3.0;100;0;20;0.55;0.25;0.50;2.00;10000;2592;5952.86;2761.02;1.08;2.2966;0.4175;12;10;0.8333;-859.74;472.03;0.0504;0.0040;3.63;9;1.2501
XAUUSDm;M5;1;14;8.00;0.40;1.50;4.50;4.00;1.0;2.0;3.0;100;0;5;0.55;0.25;0.50;2.00;10000;1906;4141.08;3138.00;1.07;2.1727;0.4084;12;6;0.5000;-982.01;60.68;0.0719;0.0053;4.32;17;0.2695
XAUUSDm;M5;1;14;8.50;0.40;1.50;1.50;4.00;1.0;2.0;3.0;100;0;10;0.55;0.25;0.50;2.00;10000;2534;-1376.25;4366.90;0.98;-0.5431;0.3940;12;6;0.5000;-2052.90;-15.32;1.0000;0.0040;3.42;13;0.0000
XAUUSDm;M5;1;14;8.50;0.40;1.50;1.50;4.00;1.0;2.0;3.0;100;0;15;0.55;0.25;0.50;2.00;10000;2810;4703.54;4086.59;1.05;1.6739;0.4086;12;8;0.6667;-1575.13;340.31;0.0644;0.0036;3.12;11;0.4181
XAUUSDm;M5;1;14;8.50;0.40;1.50;1.50;4.00;1.0;2.0;3.0;100;0;20;0.55;0.25;0.50;2.00;10000;2587;364.30;3457.54;1.00;0.1408;0.3839;12;4;0.3333;-976.57;-137.99;0.8317;0.0040;3.03;18;0.0016
XAUUSDm;M5;1;14;8.50;0.40;1.50;1.50;4.00;1.0;2.0;3.0;100;0;5;0.55;0.25;0.50;2.00;10000;1837;2852.36;1675.27;1.05;1.5527;0.3933;12;7;0.5833;-812.94;254.52;0.1017;0.0053;3.90;14;0.4557
XAUUSDm;M5;1;14;8.50;0.40;1.50;2.50;4.00;1.0;2.0;3.0;100;0;10;0.55;0.25;0.50;2.00;10000;2529;-68.42;3838.43;1.00;-0.0271;0.4001;12;7;0.5833;-1818.45;239.02;1.0000;0.0040;3.50;13;0.0000
XAUUSDm;M5;1;14;8.50;0.40;1.50;2.50;4.00;1.0;2.0;3.0;100;0;15;0.55;0.25;0.50;2.00;10000;2810;5129.22;2926.77;1.06;1.8253;0.4116;12;7;0.5833;-1540.50;16.60;0.0591;0.0036;3.25;11;0.4909
XAUUSDm;M5;1;14;8.50;0.40;1.50;2.50;4.00;1.0;2.0;3.0;100;0;20;0.55;0.25;0.50;2.00;10000;2572;151.14;3650.31;1.00;0.0588;0.3846;12;3;0.2500;-1338.47;-207.64;2.0047;0.0040;3.21;18;0.0001
XAUUSDm;M5;1;14;8.50;0.40;1.50;2.50;4.00;1.0;2.0;3.0;100;0;5;0.55;0.25;0.50;2.00;10000;1841;3518.53;1798.47;1.06;1.9112;0.3961;12;7;0.5833;-787.30;290.74;0.0824;0.0053;3.98;14;0.5274
XAUUSDm;M5;1;14;8.50;0.40;1.50;3.50;4.00;1.0;2.0;3.0;100;0;10;0.55;0.25;0.50;2.00;10000;2531;401.48;3478.22;1.01;0.1586;0.4014;12;8;0.6667;-1815.75;240.76;0.7223;0.0040;3.55;13;0.0086
XAUUSDm;M5;1;14;8.50;0.40;1.50;3.50;4.00;1.0;2.0;3.0;100;0;15;0.55;0.25;0.50;2.00;10000;2803;5476.03;2889.33;1.07;1.9536;0.4146;12;6;0.5000;-1330.88;226.17;0.0553;0.0036;3.27;11;0.3929
XAUUSDm;M5;1;14;8.50;0.40;1.50;3.50;4.00;1.0;2.0;3.0;100;0;20;0.55;0.25;0.50;2.00;10000;2573;626.03;3304.12;1.01;0.2433;0.3885;12;4;0.3333;-607.19;-268.83;0.4840;0.0040;3.25;18;0.0051
XAUUSDm;M5;1;14;8.50;0.40;1.50;3.50;4.00;1.0;2.0;3.0;100;0;5;0.55;0.25;0.50;2.00;10000;1838;3373.81;2034.56;1.06;1.8356;0.3952;12;7;0.5833;-824.41;263.11;0.0860;0.0053;4.00;14;0.4459
XAUUSDm;M5;1;14;8.50;0.40;1.50;4.50;4.00;1.0;2.0;3.0;100;0;10;0.55;0.25;0.50;2.00;10000;2460;1184.84;2849.56;1.02;0.4816;0.4133;12;8;0.6667;-1783.29;158.85;0.2334;0.0039;4.00;13;0.0981
XAUUSDm;M5;1;14;8.50;0.40;1.50;4.50;4.00;1.0;2.0;3.0;100;0;15;0.55;0.25;0.50;2.00;10000;2751;5750.38;2912.58;1.07;2.0903;0.4245;12;6;0.5000;-1101.61;328.37;0.0522;0.0037;3.70;11;0.4190
XAUUSDm;M5;1;14;8.50;0.40;1.50;4.50;4.00;1.0;2.0;3.0;100;0;20;0.55;0.25;0.50;2.00;10000;2528;2609.71;2599.02;1.03;1.0323;0.4034;12;6;0.5000;-442.20;-6.48;0.1150;0.0041;3.60;16;0.2025
XAUUSDm;M5;1;14;8.50;0.40;1.50;4.50;4.00;1.0;2.0;3.0;100;0;5;0.55;0.25;0.50;2.00;10000;1790;3195.91;3023.60;1.06;1.7854;0.4026;12;8;0.6667;-1118.97;282.50;0.0883;0.0054;4.35;14;0.3783
XAUUSDm;M5;1;14;9.00;0.40;1.50;1.50;4.00;1.0;2.0;3.0;100;0;10;0.55;0.25;0.50;2.00;10000;2458;-1447.30;4333.34;0.98;-0.5888;0.3900;12;5;0.4167;-1963.31;-250.14;1.0000;0.0041;3.43;12;0.0000
XAUUSDm;M5;1;14;9.00;0.40;1.50;1.50;4.00;1.0;2.0;3.0;100;0;15;0.55;0.25;0.50;2.00;10000;2747;4382.59;4472.23;1.05;1.5954;0.4135;12;7;0.5833;-2021.79;316.08;0.0691;0.0037;3.16;13;0.2757
XAUUSDm;M5;1;14;9.00;0.40;1.50;1.50;4.00;1.0;2.0;3.0;100;0;20;0.55;0.25;0.50;2.00;10000;2544;374.16;2966.08;1.00;0.1471;0.3879;12;4;0.3333;-906.65;-92.18;0.8098;0.0041;3.05;12;0.0020
XAUUSDm;M5;1;14;9.00;0.40;1.50;1.50;4.00;1.0;2.0;3.0;100;0;5;0.55;0.25;0.50;2.00;10000;1757;-277.12;2386.23;1.00;-0.1577;0.3840;12;6;0.5000;-1545.02;121.95;1.0000;0.0057;3.86;12;0.0000
XAUUSDm;M5;1;14;9.00;0.40;1.50;2.50;4.00;1.0;2.0;3.0;100;0;10;0.55;0.25;0.50;2.00;10000;2451;-360.02;4363.10;1.00;-0.1469;0.3964;12;6;0.5000;-2078.78;3.39;1.0000;0.0041;3.52;12;0.0000
XAUUSDm;M5;1;14;9.00;0.40;1.50;2.50;4.00;1.0;2.0;3.0;100;0;15;0.55;0.25;0.50;2.00;10000;2743;4321.74;3222.23;1.05;1.5756;0.4159;12;8;0.6667;-2289.25;354.23;0.0701;0.0037;3.36;12;0.4958
XAUUSDm;M5;1;14;9.00;0.40;1.50;2.50;4.00;1.0;2.0;3.0;100;0;20;0.55;0.25;0.50;2.00;10000;2531;548.03;3398.61;1.01;0.2165;0.3906;12;6;0.5000;-1272.29;2.88;0.5529;0.0041;3.28;12;0.0085
XAUUSDm;M5;1;14;9.00;0.40;1.50;2.50;4.00;1.0;2.0;3.0;100;0;5;0.55;0.25;0.50;2.00;10000;1758;-112.14;2616.25;1.00;-0.0638;0.3850;12;7;0.5833;-1471.01;109.57;1.0000;0.0057;3.93;12;0.0000
XAUUSDm;M5;1;14;9.00;0.40;1.50;3.50;4.00;1.0;2.0;3.0;100;0;10;0.55;0.25;0.50;2.00;10000;2453;197.28;3995.38;1.00;0.0804;0.3977;12;7;0.5833;-2067.33;135.76;1.4699;0.0041;3.57;12;0.0014
XAUUSDm;M5;1;14;9.00;0.40;1.50;3.50;4.00;1.0;2.0;3.0;100;0;15;0.55;0.25;0.50;2.00;10000;2736;4679.43;3158.07;1.06;1.7103;0.4183;12;8;0.6667;-2079.63;509.45;0.0647;0.0037;3.38;11;0.5510
XAUUSDm;M5;1;14;9.00;0.40;1.50;3.50;4.00;1.0;2.0;3.0;100;0;20;0.55;0.25;0.50;2.00;10000;2531;935.75;2759.73;1.01;0.3697;0.3939;12;6;0.5000;-660.60;-1.03;0.3238;0.0041;3.33;12;0.0309
XAUUSDm;M5;1;14;9.00;0.40;1.50;3.50;4.00;1.0;2.0;3.0;100;0;5;0.55;0.25;0.50;2.00;10000;1758;92.94;2801.66;1.00;0.0529;0.3850;12;7;0.5833;-1217.43;119.58;3.1201;0.0057;3.96;12;0.0004
XAUUSDm;M5;1;14;9.00;0.40;1.50;4.50;4.00;1.0;2.0;3.0;100;0;10;0.55;0.25;0.50;2.00;10000;2394;949.00;4013.82;1.01;0.3964;0.4112;12;6;0.5000;-2037.44;25.75;0.2915;0.0040;4.00;11;0.0250
XAUUSDm;M5;1;14;9.00;0.40;1.50;4.50;4.00;1.0;2.0;3.0;100;0;15;0.55;0.25;0.50;2.00;10000;2680;5465.49;2642.33;1.07;2.0394;0.4284;12;7;0.5833;-1247.62;379.68;0.0549;0.0038;3.79;11;0.6030
XAUUSDm;M5;1;14;9.00;0.40;1.50;4.50;4.00;1.0;2.0;3.0;100;0;20;0.55;0.25;0.50;2.00;10000;2489;3592.59;2176.96;1.05;1.4434;0.4113;12;7;0.5833;-678.03;238.59;0.0835;0.0041;3.72;11;0.4619
XAUUSDm;M5;1;14;9.00;0.40;1.50;4.50;4.00;1.0;2.0;3.0;100;0;5;0.55;0.25;0.50;2.00;10000;1718;1616.27;3164.19;1.03;0.9408;0.3985;12;7;0.5833;-1122.43;460.35;0.1746;0.0057;4.31;12;0.1190
