XAUUSDm;M5;1;14;6.00;0.40;1.50;1.50;4.00;0.5;1.0;4.0;100;0;5;0.75;0.40;1.00;2.00;10000;4954;1160.22;4312.99;1.01;0.2342;0.4661;21;12;0.5714;-1884.60;79.49;0.9030;0.0106;3.95;11;0.0136
XAUUSDm;M5;1;14;6.00;0.40;1.50;2.00;4.00;0.5;1.0;4.0;100;0;5;0.75;0.40;1.00;2.00;10000;4961;1690.46;3924.02;1.01;0.3407;0.4678;21;12;0.5714;-1834.10;84.14;0.6198;0.0105;3.97;11;0.0319
XAUUSDm;M5;1;14;6.00;0.40;1.50;2.50;4.00;0.5;1.0;4.0;100;0;5;0.75;0.40;1.00;2.00;10000;4960;1531.65;3837.43;1.01;0.3088;0.4682;21;13;0.6190;-1843.15;118.77;0.6840;0.0106;3.99;11;0.0314
XAUUSDm;M5;1;14;6.00;0.40;1.50;3.00;4.00;0.5;1.0;4.0;100;0;5;0.75;0.40;1.00;2.00;10000;4954;1006.02;4148.17;1.01;0.2031;0.4670;21;12;0.5714;-1847.51;93.00;1.0415;0.0106;4.00;11;0.0107
XAUUSDm;M5;1;14;6.00;0.40;1.50;3.50;4.00;0.5;1.0;4.0;100;0;5;0.75;0.40;1.00;2.00;10000;4953;1012.75;4144.55;1.01;0.2045;0.4666;21;12;0.5714;-1847.51;84.34;1.0345;0.0106;4.00;11;0.0108
XAUUSDm;M5;1;14;6.50;0.40;1.50;1.50;4.00;0.5;1.0;4.0;100;0;5;0.75;0.40;1.00;2.00;10000;4377;4390.51;3244.28;1.04;1.0031;0.4672;21;13;0.6190;-1667.71;129.47;0.2386;0.0116;4.29;10;0.3046
XAUUSDm;M5;1;14;6.50;0.40;1.50;2.00;4.00;0.5;1.0;4.0;100;0;5;0.75;0.40;1.00;2.00;10000;4384;5309.84;3028.27;1.05;1.2112;0.4691;21;13;0.6190;-1617.21;228.69;0.1973;0.0116;4.31;10;0.4793
XAUUSDm;M5;1;14;6.50;0.40;1.50;2.50;4.00;0.5;1.0;4.0;100;0;5;0.75;0.40;1.00;2.00;10000;4383;5147.68;3106.06;1.05;1.1745;0.4696;21;13;0.6190;-1626.26;254.64;0.2035;0.0116;4.34;10;0.4396
XAUUSDm;M5;1;14;6.50;0.40;1.50;3.00;4.00;0.5;1.0;4.0;100;0;5;0.75;0.40;1.00;2.00;10000;4377;4635.16;3217.29;1.05;1.0590;0.4682;21;13;0.6190;-1630.62;184.87;0.2260;0.0116;4.35;10;0.3431
XAUUSDm;M5;1;14;6.50;0.40;1.50;3.50;4.00;0.5;1.0;4.0;100;0;5;0.75;0.40;1.00;2.00;10000;4376;4521.88;3230.91;1.05;1.0333;0.4677;21;13;0.6190;-1630.62;187.41;0.2317;0.0116;4.35;10;0.3248
XAUUSDm;M5;1;14;7.00;0.40;1.50;1.50;4.00;0.5;1.0;4.0;100;0;5;0.75;0.40;1.00;2.00;10000;3997;8324.14;2864.33;1.09;2.0826;0.4773;21;17;0.8095;-2223.08;472.73;0.1259;0.0126;4.49;9;1.8182
XAUUSDm;M5;1;14;7.00;0.40;1.50;2.00;4.00;0.5;1.0;4.0;100;0;5;0.75;0.40;1.00;2.00;10000;4004;9149.90;2628.03;1.10;2.2852;0.4795;21;17;0.8095;-2172.58;372.49;0.1145;0.0125;4.51;9;2.1879
XAUUSDm;M5;1;14;7.00;0.40;1.50;2.50;4.00;0.5;1.0;4.0;100;0;5;0.75;0.40;1.00;2.00;10000;4002;8942.09;2633.70;1.10;2.2344;0.4800;21;17;0.8095;-2181.63;367.88;0.1172;0.0125;4.55;9;2.1359
XAUUSDm;M5;1;14;7.00;0.40;1.50;3.00;4.00;0.5;1.0;4.0;100;0;5;0.75;0.40;1.00;2.00;10000;3997;8464.64;2690.85;1.10;2.1177;0.4784;21;17;0.8095;-2185.99;390.15;0.1238;0.0126;4.56;9;1.9724
XAUUSDm;M5;1;14;7.00;0.40;1.50;3.50;4.00;0.5;1.0;4.0;100;0;5;0.75;0.40;1.00;2.00;10000;3996;8333.91;2706.25;1.09;2.0856;0.4779;21;17;0.8095;-2185.99;411.42;0.1257;0.0126;4.57;9;1.9288
XAUUSDm;M5;1;14;7.50;0.40;1.50;1.50;4.00;0.5;1.0;4.0;100;0;5;0.75;0.40;1.00;2.00;10000;3527;11062.73;2363.60;1.15;3.1366;0.4832;21;18;0.8571;-1178.21;621.83;0.0947;0.0139;4.71;10;3.3230
XAUUSDm;M5;1;14;7.50;0.40;1.50;2.00;4.00;0.5;1.0;4.0;100;0;5;0.75;0.40;1.00;2.00;10000;3533;11779.45;2333.76;1.16;3.3341;0.4844;21;18;0.8571;-1188.58;650.96;0.0889;0.0139;4.74;10;3.5924
XAUUSDm;M5;1;14;7.50;0.40;1.50;2.50;4.00;0.5;1.0;4.0;100;0;5;0.75;0.40;1.00;2.00;10000;3532;11820.66;2328.50;1.16;3.3467;0.4862;21;18;0.8571;-1183.32;669.76;0.0886;0.0139;4.74;10;3.6266
XAUUSDm;M5;1;14;7.50;0.40;1.50;3.00;4.00;0.5;1.0;4.0;100;0;5;0.75;0.40;1.00;2.00;10000;3527;11369.45;2395.27;1.15;3.2235;0.4844;21;18;0.8571;-1250.09;650.96;0.0922;0.0139;4.76;10;3.3783
XAUUSDm;M5;1;14;7.50;0.40;1.50;3.50;4.00;0.5;1.0;4.0;100;0;5;0.75;0.40;1.00;2.00;10000;3526;11208.53;2415.59;1.15;3.1788;0.4838;21;18;0.8571;-1270.41;650.96;0.0935;0.0139;4.76;10;3.2984
XAUUSDm;M5;1;14;8.00;0.40;1.50;1.50;4.00;0.5;1.0;4.0;100;0;5;0.75;0.40;1.00;2.00;10000;3204;10486.33;2455.89;1.15;3.2729;0.4891;21;18;0.8571;-1126.78;568.07;0.0999;0.0153;4.69;11;3.0685
XAUUSDm;M5;1;14;8.00;0.40;1.50;2.00;4.00;0.5;1.0;4.0;100;0;5;0.75;0.40;1.00;2.00;10000;3210;11249.18;2254.46;1.16;3.5044;0.4904;21;19;0.9048;-1137.15;654.36;0.0931;0.0152;4.72;11;4.0062
XAUUSDm;M5;1;14;8.00;0.40;1.50;2.50;4.00;0.5;1.0;4.0;100;0;5;0.75;0.40;1.00;2.00;10000;3209;11296.61;2115.65;1.16;3.5203;0.4924;21;19;0.9048;-1131.89;611.64;0.0927;0.0152;4.73;11;4.3044
XAUUSDm;M5;1;14;8.00;0.40;1.50;3.00;4.00;0.5;1.0;4.0;100;0;5;0.75;0.40;1.00;2.00;10000;3205;10874.55;2185.01;1.16;3.3930;0.4897;21;19;0.9048;-1198.66;615.52;0.0963;0.0153;4.74;11;3.9905
XAUUSDm;M5;1;14;8.00;0.40;1.50;3.50;4.00;0.5;1.0;4.0;100;0;5;0.75;0.40;1.00;2.00;10000;3204;10711.84;2186.84;1.16;3.3433;0.4897;21;19;0.9048;-1218.98;613.71;0.0978;0.0153;4.75;11;3.9275
XAUUSDm;M5;1;14;8.50;0.40;1.50;1.50;4.00;0.5;1.0;4.0;100;0;5;0.75;0.40;1.00;2.00;10000;2941;11597.61;1638.89;1.19;3.9434;0.4928;21;16;0.7619;-1002.24;537.84;0.0903;0.0165;4.74;11;4.0484
XAUUSDm;M5;1;14;8.50;0.40;1.50;2.00;4.00;0.5;1.0;4.0;100;0;5;0.75;0.40;1.00;2.00;10000;2947;12308.28;1539.58;1.20;4.1765;0.4935;21;16;0.7619;-1002.24;585.77;0.0851;0.0164;4.78;11;4.5803
XAUUSDm;M5;1;14;8.50;0.40;1.50;2.50;4.00;0.5;1.0;4.0;100;0;5;0.75;0.40;1.00;2.00;10000;2946;12369.99;1539.58;1.20;4.1989;0.4957;21;16;0.7619;-1002.24;579.12;0.0847;0.0164;4.79;11;4.6235
XAUUSDm;M5;1;14;8.50;0.40;1.50;3.00;4.00;0.5;1.0;4.0;100;0;5;0.75;0.40;1.00;2.00;10000;2942;11944.20;1539.58;1.19;4.0599;0.4928;21;16;0.7619;-1002.24;576.12;0.0877;0.0165;4.81;11;4.4383
XAUUSDm;M5;1;14;8.50;0.40;1.50;3.50;4.00;0.5;1.0;4.0;100;0;5;0.75;0.40;1.00;2.00;10000;2941;11777.92;1539.58;1.19;4.0047;0.4928;21;16;0.7619;-1002.24;576.37;0.0890;0.0165;4.81;11;4.3765
XAUUSDm;M5;1;14;9.00;0.40;1.50;1.50;4.00;0.5;1.0;4.0;100;0;5;0.75;0.40;1.00;2.00;10000;2751;10960.09;1502.79;1.19;3.9840;0.4829;21;17;0.8095;-934.77;668.32;0.0956;0.0176;5.15;9;4.6161
XAUUSDm;M5;1;14;9.00;0.40;1.50;2.00;4.00;0.5;1.0;4.0;100;0;5;0.75;0.40;1.00;2.00;10000;2757;11561.92;1494.45;1.20;4.1937;0.4852;21;17;0.8095;-934.77;627.78;0.0906;0.0175;5.18;9;4.9204
XAUUSDm;M5;1;14;9.00;0.40;1.50;2.50;4.00;0.5;1.0;4.0;100;0;5;0.75;0.40;1.00;2.00;10000;2756;11575.67;1496.10;1.20;4.2002;0.4860;21;17;0.8095;-934.77;604.71;0.0905;0.0175;5.20;9;4.9287
XAUUSDm;M5;1;14;9.00;0.40;1.50;3.00;4.00;0.5;1.0;4.0;100;0;5;0.75;0.40;1.00;2.00;10000;2752;11213.39;1497.15;1.19;4.0746;0.4837;21;17;0.8095;-934.77;618.13;0.0934;0.0176;5.21;9;4.7482
XAUUSDm;M5;1;14;9.00;0.40;1.50;3.50;4.00;0.5;1.0;4.0;100;0;5;0.75;0.40;1.00;2.00;10000;2751;11042.86;1494.93;1.19;4.0141;0.4837;21;17;0.8095;-934.77;592.87;0.0949;0.0176;5.21;9;4.6830
