XAUUSDc;M5;1;14;10.00;0.40;1.50;2.50;4.00;0.5;1.0;4.0;100;0;10;0.70;0.40;1.00;2.00;10000;2058;1312.63;3551.97;1.03;0.6378;0.5196;12;7;0.5833;-1484.16;285.98;0.4949;0.0164;4.59;8;0.0381
XAUUSDc;M5;1;14;10.00;0.40;1.50;2.50;4.00;0.5;1.0;4.0;100;0;10;0.75;0.45;1.00;2.00;10000;1646;2153.66;2141.92;1.06;1.3084;0.5039;12;8;0.6667;-1318.80;245.25;0.3016;0.0195;5.28;8;0.2222
XAUUSDc;M5;1;14;10.00;0.40;1.50;2.50;4.00;0.5;1.0;4.0;100;0;10;0.80;0.50;1.00;2.00;10000;1435;773.60;2850.45;1.02;0.5391;0.5007;12;7;0.5833;-1093.38;187.75;0.8397;0.0224;5.44;8;0.0165
XAUUSDc;M5;1;14;10.00;0.40;1.50;2.50;4.00;0.5;1.0;4.0;100;0;10;0.90;0.50;1.00;2.00;10000;1300;136.55;3221.37;1.00;0.1050;0.4975;12;7;0.5833;-1549.56;48.84;4.7572;0.0249;5.49;7;0.0005
XAUUSDc;M5;1;14;10.00;0.40;1.50;2.50;4.00;0.5;1.0;4.0;100;0;12;0.70;0.35;1.00;2.00;10000;1978;2136.33;3129.63;1.05;1.0800;0.5135;12;6;0.5000;-1583.22;64.89;0.3041;0.0168;4.72;8;0.0842
XAUUSDc;M5;1;14;10.00;0.40;1.50;2.50;4.00;0.5;1.0;4.0;100;0;12;0.70;0.45;1.00;2.00;10000;2098;2444.01;3812.72;1.06;1.1649;0.5137;12;6;0.5000;-1493.47;124.86;0.2658;0.0160;4.77;8;0.0904
XAUUSDc;M5;1;14;10.00;0.40;1.50;2.50;4.00;0.5;1.0;4.0;100;0;12;0.75;0.40;1.00;2.00;10000;1600;-7.45;2598.11;1.00;-0.0047;0.4980;12;7;0.5833;-1210.42;50.89;1.0000;0.0206;5.10;8;0.0000
XAUUSDc;M5;1;14;10.00;0.40;1.50;2.50;4.00;0.5;1.0;4.0;100;0;12;0.75;0.50;1.00;2.00;10000;1642;368.71;2863.09;1.01;0.2245;0.5000;12;6;0.5000;-1295.84;75.66;1.7618;0.0200;5.17;8;0.0027
XAUUSDc;M5;1;14;10.00;0.40;1.50;2.50;4.00;0.5;1.0;4.0;100;0;12;0.80;0.40;1.00;2.00;10000;1392;-199.40;2356.94;0.99;-0.1432;0.4924;12;6;0.5000;-1045.71;-1.89;1.0000;0.0231;5.45;8;0.0000
XAUUSDc;M5;1;14;10.00;0.40;1.50;2.50;4.00;0.5;1.0;4.0;100;0;12;0.80;0.45;1.00;2.00;10000;1415;153.22;2513.76;1.00;0.1083;0.4940;12;6;0.5000;-1045.71;60.20;4.2397;0.0229;5.45;8;0.0005
XAUUSDc;M5;1;14;10.00;0.40;1.50;2.50;4.00;0.5;1.0;4.0;100;0;12;0.85;0.45;1.00;2.00;10000;1321;-10.88;3141.82;1.00;-0.0082;0.4960;12;7;0.5833;-1424.97;146.15;1.0000;0.0246;5.44;7;0.0000
XAUUSDc;M5;1;14;10.00;0.40;1.50;2.50;4.00;0.5;1.0;4.0;100;0;12;0.85;0.50;1.00;2.00;10000;1321;-5.17;3138.06;1.00;-0.0039;0.4960;12;7;0.5833;-1424.97;148.46;1.0000;0.0245;5.44;7;0.0000
XAUUSDc;M5;1;14;10.00;0.40;1.50;2.50;4.00;0.5;1.0;4.0;100;0;14;0.70;0.40;1.00;2.00;10000;2010;2333.50;2856.85;1.05;1.1609;0.5148;12;8;0.6667;-1126.65;382.50;0.2784;0.0163;4.69;8;0.1956
XAUUSDc;M5;1;14;10.00;0.40;1.50;2.50;4.00;0.5;1.0;4.0;100;0;14;0.75;0.40;1.00;2.00;10000;1578;725.05;2510.24;1.02;0.4595;0.5020;12;7;0.5833;-961.84;41.09;0.8959;0.0205;5.01;7;0.0165
XAUUSDc;M5;1;14;10.00;0.40;1.50;2.50;4.00;0.5;1.0;4.0;100;0;14;0.75;0.45;1.00;2.00;10000;1607;961.90;2487.20;1.03;0.5986;0.5033;12;5;0.4167;-973.34;-67.84;0.6753;0.0201;5.06;7;0.0149
XAUUSDc;M5;1;14;10.00;0.40;1.50;2.50;4.00;0.5;1.0;4.0;100;0;6;0.70;0.35;1.00;2.00;10000;1647;-74.76;2365.70;1.00;-0.0454;0.4961;12;5;0.4167;-1003.88;-240.65;1.0000;0.0204;5.17;8;0.0000
XAUUSDc;M5;1;14;10.00;0.40;1.50;2.50;4.00;0.5;1.0;4.0;100;0;6;0.70;0.50;1.00;2.00;10000;2083;3512.68;2470.98;1.08;1.6864;0.5076;12;5;0.4167;-947.65;-66.57;0.1849;0.0155;4.57;9;0.2002
XAUUSDc;M5;1;14;10.00;0.40;1.50;2.50;4.00;0.5;1.0;4.0;100;0;8;0.70;0.50;1.00;2.00;10000;2157;2200.59;2170.07;1.05;1.0202;0.5118;12;7;0.5833;-873.45;248.15;0.2952;0.0155;4.66;8;0.1753
XAUUSDc;M5;1;14;10.00;0.40;1.50;2.50;4.00;0.5;1.0;4.0;100;0;8;0.80;0.50;1.00;2.00;10000;1453;193.33;3186.78;1.01;0.1331;0.4978;12;6;0.5000;-1250.93;17.95;3.3601;0.0225;5.41;7;0.0007
XAUUSDc;M5;1;14;10.00;0.40;1.50;2.50;4.00;0.5;1.0;4.0;100;0;8;0.85;0.45;1.00;2.00;10000;1324;-407.76;3252.27;0.99;-0.3080;0.4976;12;7;0.5833;-1549.56;110.56;1.0000;0.0247;5.43;7;0.0000
XAUUSDc;M5;1;14;10.00;0.40;1.50;2.50;4.00;0.5;1.0;4.0;100;0;8;0.90;0.35;1.00;2.00;10000;1302;-189.57;3221.37;0.99;-0.1456;0.4959;12;7;0.5833;-1549.56;46.53;1.0000;0.0250;5.47;7;0.0000
XAUUSDc;M5;1;14;10.00;0.40;1.50;2.50;4.00;0.5;1.0;4.0;100;0;8;0.90;0.45;1.00;2.00;10000;1302;-189.57;3221.37;0.99;-0.1456;0.4959;12;7;0.5833;-1549.56;46.53;1.0000;0.0250;5.47;7;0.0000
XAUUSDc;M5;1;14;8.00;0.40;1.50;2.50;4.00;0.5;1.0;4.0;100;0;10;0.70;0.35;1.00;2.00;10000;2354;-1659.13;6178.02;0.97;-0.7048;0.5018;12;7;0.5833;-2297.42;211.81;1.0000;0.0088;4.49;10;0.0000
XAUUSDc;M5;1;14;8.00;0.40;1.50;2.50;4.00;0.5;1.0;4.0;100;0;10;0.80;0.50;1.00;2.00;10000;1914;1875.53;3072.03;1.04;0.9799;0.5067;12;8;0.6667;-1558.58;86.39;0.2748;0.0134;4.95;11;0.1481
XAUUSDc;M5;1;14;8.00;0.40;1.50;2.50;4.00;0.5;1.0;4.0;100;0;10;0.85;0.45;1.00;2.00;10000;1812;2302.79;3217.68;1.06;1.2709;0.5053;12;9;0.7500;-1558.58;80.11;0.2238;0.0139;5.09;11;0.2698
XAUUSDc;M5;1;14;8.00;0.40;1.50;2.50;4.00;0.5;1.0;4.0;100;0;12;0.70;0.35;1.00;2.00;10000;2422;-911.76;5864.47;0.98;-0.3764;0.5035;12;7;0.5833;-1862.31;263.20;1.0000;0.0087;4.56;9;0.0000
XAUUSDc;M5;1;14;8.00;0.40;1.50;2.50;4.00;0.5;1.0;4.0;100;0;12;0.75;0.35;1.00;2.00;10000;2056;-649.88;4746.12;0.99;-0.3161;0.5010;12;5;0.4167;-1776.13;-98.14;1.0000;0.0099;4.69;11;0.0000
XAUUSDc;M5;1;14;8.00;0.40;1.50;2.50;4.00;0.5;1.0;4.0;100;0;12;0.80;0.45;1.00;2.00;10000;1907;725.38;3525.13;1.02;0.3804;0.4989;12;5;0.4167;-1571.11;-7.76;0.7106;0.0136;4.93;11;0.0075
XAUUSDc;M5;1;14;8.00;0.40;1.50;2.50;4.00;0.5;1.0;4.0;100;0;12;0.80;0.50;1.00;2.00;10000;1910;704.48;3542.82;1.02;0.3688;0.4989;12;5;0.4167;-1606.08;-8.01;0.7317;0.0136;4.98;11;0.0071
XAUUSDc;M5;1;14;8.00;0.40;1.50;2.50;4.00;0.5;1.0;4.0;100;0;12;0.85;0.40;1.00;2.00;10000;1818;2360.40;3076.94;1.06;1.2983;0.5065;12;9;0.7500;-1572.28;130.57;0.2184;0.0139;5.07;11;0.2964
XAUUSDc;M5;1;14;8.00;0.40;1.50;2.50;4.00;0.5;1.0;4.0;100;0;12;0.90;0.35;1.00;2.00;10000;1810;2825.58;3049.04;1.07;1.5611;0.5083;12;9;0.7500;-1594.56;145.19;0.1824;0.0139;5.11;11;0.4286
XAUUSDc;M5;1;14;8.00;0.40;1.50;2.50;4.00;0.5;1.0;4.0;100;0;12;0.90;0.50;1.00;2.00;10000;1810;2826.75;3047.87;1.07;1.5617;0.5083;12;9;0.7500;-1593.39;145.19;0.1824;0.0139;5.11;11;0.4291
XAUUSDc;M5;1;14;8.00;0.40;1.50;2.50;4.00;0.5;1.0;4.0;100;0;14;0.70;0.35;1.00;2.00;10000;2384;1029.71;5386.85;1.02;0.4319;0.5125;12;8;0.6667;-2045.91;293.70;0.3869;0.0085;4.54;7;0.0329
XAUUSDc;M5;1;14;8.00;0.40;1.50;2.50;4.00;0.5;1.0;4.0;100;0;14;0.75;0.40;1.00;2.00;10000;2064;1055.58;4320.72;1.02;0.5114;0.5046;12;6;0.5000;-1602.25;-11.20;0.4883;0.0124;4.57;10;0.0188
XAUUSDc;M5;1;14;8.00;0.40;1.50;2.50;4.00;0.5;1.0;4.0;100;0;14;0.80;0.45;1.00;2.00;10000;1912;103.30;3653.99;1.00;0.0540;0.4972;12;5;0.4167;-1628.89;-163.59;4.9899;0.0135;4.93;10;0.0001
XAUUSDc;M5;1;14;8.00;0.40;1.50;2.50;4.00;0.5;1.0;4.0;100;0;14;0.85;0.35;1.00;2.00;10000;1819;2167.25;3372.80;1.05;1.1915;0.5059;12;8;0.6667;-1571.11;97.09;0.2378;0.0139;5.09;11;0.1801
XAUUSDc;M5;1;14;8.00;0.40;1.50;2.50;4.00;0.5;1.0;4.0;100;0;14;0.85;0.50;1.00;2.00;10000;1821;2044.91;3374.01;1.05;1.1230;0.5047;12;8;0.6667;-1572.28;97.09;0.2521;0.0139;5.07;11;0.1603
XAUUSDc;M5;1;14;8.00;0.40;1.50;2.50;4.00;0.5;1.0;4.0;100;0;14;0.90;0.50;1.00;2.00;10000;1809;2749.69;3124.93;1.07;1.5200;0.5083;12;9;0.7500;-1594.56;107.24;0.1875;0.0139;5.11;11;0.3960
XAUUSDc;M5;1;14;8.00;0.40;1.50;2.50;4.00;0.5;1.0;4.0;100;0;6;0.70;0.35;1.00;2.00;10000;2104;1077.15;3745.17;1.02;0.5120;0.5035;12;7;0.5833;-1392.40;124.77;0.4785;0.0124;4.82;9;0.0307
XAUUSDc;M5;1;14;8.00;0.40;1.50;2.50;4.00;0.5;1.0;4.0;100;0;6;0.70;0.40;1.00;2.00;10000;2284;4104.35;3383.81;1.09;1.7970;0.5173;12;9;0.7500;-1198.06;414.04;0.1256;0.0113;4.65;7;0.6823
XAUUSDc;M5;1;14;8.00;0.40;1.50;2.50;4.00;0.5;1.0;4.0;100;0;6;0.70;0.45;1.00;2.00;10000;2434;2604.38;4041.07;1.05;1.0700;0.5127;12;6;0.5000;-1061.57;166.94;0.1107;0.0060;4.40;10;0.1611
XAUUSDc;M5;1;14;8.00;0.40;1.50;2.50;4.00;0.5;1.0;4.0;100;0;6;0.70;0.50;1.00;2.00;10000;2561;2408.90;4581.82;1.04;0.9406;0.5112;12;6;0.5000;-1520.93;89.16;0.1196;0.0057;4.31;10;0.1314
XAUUSDc;M5;1;14;8.00;0.40;1.50;2.50;4.00;0.5;1.0;4.0;100;0;6;0.75;0.35;1.00;2.00;10000;1909;2840.71;3548.90;1.07;1.4881;0.5096;12;8;0.6667;-1669.27;275.57;0.1815;0.0133;4.95;11;0.2941
XAUUSDc;M5;1;14;8.00;0.40;1.50;2.50;4.00;0.5;1.0;4.0;100;0;6;0.75;0.50;1.00;2.00;10000;2096;2225.19;3542.75;1.05;1.0616;0.5102;12;7;0.5833;-1522.64;44.06;0.2316;0.0123;4.63;10;0.1384
XAUUSDc;M5;1;14;8.00;0.40;1.50;2.50;4.00;0.5;1.0;4.0;100;0;6;0.80;0.35;1.00;2.00;10000;1835;2466.97;3149.62;1.06;1.3444;0.5058;12;9;0.7500;-1667.25;158.98;0.2089;0.0138;5.05;11;0.3163
XAUUSDc;M5;1;14;8.00;0.40;1.50;2.50;4.00;0.5;1.0;4.0;100;0;6;0.80;0.45;1.00;2.00;10000;1875;2408.08;2996.76;1.06;1.2843;0.5103;12;7;0.5833;-1570.99;117.75;0.2141;0.0136;5.02;10;0.1916
XAUUSDc;M5;1;14;8.00;0.40;1.50;2.50;4.00;0.5;1.0;4.0;100;0;6;0.80;0.50;1.00;2.00;10000;1919;2416.47;2975.94;1.06;1.2592;0.5112;12;8;0.6667;-1550.17;169.29;0.2133;0.0133;4.97;10;0.2538
XAUUSDc;M5;1;14;8.00;0.40;1.50;2.50;4.00;0.5;1.0;4.0;100;0;6;0.85;0.35;1.00;2.00;10000;1806;2559.76;3314.86;1.06;1.4174;0.5071;12;9;0.7500;-1667.25;80.11;0.2014;0.0139;5.10;11;0.3236
XAUUSDc;M5;1;14;8.00;0.40;1.50;2.50;4.00;0.5;1.0;4.0;100;0;6;0.85;0.40;1.00;2.00;10000;1808;2269.05;3317.78;1.06;1.2550;0.5059;12;9;0.7500;-1667.25;78.65;0.2272;0.0140;5.08;11;0.2540
XAUUSDc;M5;1;14;8.00;0.40;1.50;2.50;4.00;0.5;1.0;4.0;100;0;6;0.85;0.50;1.00;2.00;10000;1819;1843.96;3494.60;1.04;1.0137;0.5041;12;7;0.5833;-1667.25;27.32;0.2795;0.0139;5.07;11;0.0963
XAUUSDc;M5;1;14;8.00;0.40;1.50;2.50;4.00;0.5;1.0;4.0;100;0;6;0.90;0.35;1.00;2.00;10000;1804;2778.93;3096.61;1.07;1.5404;0.5083;12;9;0.7500;-1667.25;158.21;0.1855;0.0139;5.11;11;0.4082
XAUUSDc;M5;1;14;8.00;0.40;1.50;2.50;4.00;0.5;1.0;4.0;100;0;6;0.90;0.50;1.00;2.00;10000;1808;2722.10;3096.61;1.07;1.5056;0.5071;12;9;0.7500;-1667.25;158.21;0.1894;0.0139;5.11;11;0.3917
XAUUSDc;M5;1;14;8.00;0.40;1.50;2.50;4.00;0.5;1.0;4.0;100;0;8;0.70;0.35;1.00;2.00;10000;2285;775.28;5128.14;1.02;0.3393;0.5117;12;6;0.5000;-1610.41;178.52;0.5139;0.0089;4.57;9;0.0110
XAUUSDc;M5;1;14;8.00;0.40;1.50;2.50;4.00;0.5;1.0;4.0;100;0;8;0.70;0.40;1.00;2.00;10000;2384;1399.91;5372.12;1.03;0.5872;0.5156;12;6;0.5000;-1424.91;45.49;0.1972;0.0059;4.52;9;0.0495
XAUUSDc;M5;1;14;8.00;0.40;1.50;2.50;4.00;0.5;1.0;4.0;100;0;8;0.70;0.50;1.00;2.00;10000;2619;-262.65;5763.58;1.00;-0.1003;0.5052;12;7;0.5833;-1517.19;155.21;1.0000;0.0055;4.32;11;0.0000
XAUUSDc;M5;1;14;8.00;0.40;1.50;2.50;4.00;0.5;1.0;4.0;100;0;8;0.75;0.40;1.00;2.00;10000;2050;1635.48;3925.52;1.04;0.7978;0.5094;12;8;0.6667;-1446.47;293.79;0.3152;0.0126;4.66;11;0.0881
XAUUSDc;M5;1;14;8.00;0.40;1.50;2.50;4.00;0.5;1.0;4.0;100;0;8;0.80;0.35;1.00;2.00;10000;1861;1547.11;3521.00;1.04;0.8313;0.5052;12;6;0.5000;-1667.25;16.74;0.3332;0.0138;5.01;11;0.0495
XAUUSDc;M5;1;14;8.00;0.40;1.50;2.50;4.00;0.5;1.0;4.0;100;0;8;0.85;0.50;1.00;2.00;10000;1820;1448.49;3420.95;1.03;0.7959;0.5018;12;7;0.5833;-1624.86;56.29;0.3559;0.0140;5.05;11;0.0607
XAUUSDc;M5;1;14;8.00;0.40;1.50;2.50;4.00;0.5;1.0;4.0;100;0;8;0.90;0.35;1.00;2.00;10000;1806;2578.66;3096.61;1.06;1.4278;0.5071;12;9;0.7500;-1667.25;158.21;0.1999;0.0139;5.10;11;0.3515
XAUUSDc;M5;1;14;8.00;0.40;1.50;2.50;4.00;0.5;1.0;4.0;100;0;8;0.90;0.40;1.00;2.00;10000;1806;2578.66;3096.61;1.06;1.4278;0.5071;12;9;0.7500;-1667.25;158.21;0.1999;0.0139;5.10;11;0.3515
XAUUSDc;M5;1;14;8.50;0.40;1.50;2.50;4.00;0.5;1.0;4.0;100;0;10;0.70;0.40;1.00;2.00;10000;2340;-217.51;5066.27;1.00;-0.0930;0.5168;12;6;0.5000;-1742.28;-59.25;1.0000;0.0090;4.39;10;0.0000
XAUUSDc;M5;1;14;8.50;0.40;1.50;2.50;4.00;0.5;1.0;4.0;100;0;10;0.75;0.35;1.00;2.00;10000;1889;3085.06;2758.07;1.08;1.6332;0.5103;12;8;0.6667;-1379.02;582.53;0.2169;0.0175;4.74;9;0.3439
XAUUSDc;M5;1;14;8.50;0.40;1.50;2.50;4.00;0.5;1.0;4.0;100;0;10;0.80;0.45;1.00;2.00;10000;1759;3286.57;2301.69;1.09;1.8684;0.5166;12;6;0.5000;-1340.49;24.37;0.2036;0.0188;4.87;11;0.2630
XAUUSDc;M5;1;14;8.50;0.40;1.50;2.50;4.00;0.5;1.0;4.0;100;0;10;0.80;0.50;1.00;2.00;10000;1772;2837.59;2301.69;1.07;1.6013;0.5165;12;7;0.5833;-1340.49;146.69;0.2358;0.0189;4.82;11;0.2669
XAUUSDc;M5;1;14;8.50;0.40;1.50;2.50;4.00;0.5;1.0;4.0;100;0;10;0.85;0.40;1.00;2.00;10000;1673;3372.61;2382.48;1.09;2.0159;0.5142;12;8;0.6667;-1449.16;232.20;0.1984;0.0196;4.96;11;0.4757
XAUUSDc;M5;1;14;8.50;0.40;1.50;2.50;4.00;0.5;1.0;4.0;100;0;10;0.85;0.50;1.00;2.00;10000;1672;3396.37;2273.81;1.09;2.0313;0.5129;12;8;0.6667;-1340.49;232.20;0.1970;0.0195;4.95;11;0.5055
XAUUSDc;M5;1;14;8.50;0.40;1.50;2.50;4.00;0.5;1.0;4.0;100;0;10;0.90;0.35;1.00;2.00;10000;1661;3830.67;2333.76;1.11;2.3062;0.5157;12;8;0.6667;-1449.16;395.27;0.1747;0.0195;4.98;11;0.6265
XAUUSDc;M5;1;14;8.50;0.40;1.50;2.50;4.00;0.5;1.0;4.0;100;0;10;0.90;0.45;1.00;2.00;10000;1661;3830.67;2333.76;1.11;2.3062;0.5157;12;8;0.6667;-1449.16;395.27;0.1747;0.0195;4.98;11;0.6265
XAUUSDc;M5;1;14;8.50;0.40;1.50;2.50;4.00;0.5;1.0;4.0;100;0;12;0.85;0.50;1.00;2.00;10000;1677;3451.40;2463.99;1.09;2.0581;0.5129;12;9;0.7500;-1353.02;226.94;0.1938;0.0195;4.95;11;0.6097
XAUUSDc;M5;1;14;8.50;0.40;1.50;2.50;4.00;0.5;1.0;4.0;100;0;12;0.90;0.35;1.00;2.00;10000;1667;3877.32;2261.07;1.11;2.3259;0.5156;12;8;0.6667;-1376.47;395.27;0.1726;0.0195;4.98;11;0.6625
XAUUSDc;M5;1;14;8.50;0.40;1.50;2.50;4.00;0.5;1.0;4.0;100;0;14;0.75;0.35;1.00;2.00;10000;1879;3346.51;2645.36;1.08;1.7810;0.5166;12;7;0.5833;-1382.90;191.99;0.1999;0.0174;4.68;8;0.3230
XAUUSDc;M5;1;14;8.50;0.40;1.50;2.50;4.00;0.5;1.0;4.0;100;0;14;0.75;0.40;1.00;2.00;10000;1909;2284.58;2933.94;1.05;1.1967;0.5101;12;7;0.5833;-1384.07;224.56;0.2929;0.0173;4.62;9;0.1357
XAUUSDc;M5;1;14;8.50;0.40;1.50;2.50;4.00;0.5;1.0;4.0;100;0;14;0.80;0.45;1.00;2.00;10000;1765;1171.30;2570.23;1.03;0.6636;0.5061;12;7;0.5833;-1410.80;82.88;0.5712;0.0191;4.80;8;0.0407
XAUUSDc;M5;1;14;8.50;0.40;1.50;2.50;4.00;0.5;1.0;4.0;100;0;14;0.85;0.35;1.00;2.00;10000;1680;3277.40;2562.87;1.09;1.9508;0.5135;12;8;0.6667;-1353.02;176.66;0.2041;0.0195;4.95;11;0.4176
XAUUSDc;M5;1;14;8.50;0.40;1.50;2.50;4.00;0.5;1.0;4.0;100;0;14;0.90;0.40;1.00;2.00;10000;1666;3801.43;2261.07;1.10;2.2818;0.5156;12;8;0.6667;-1376.47;375.97;0.1760;0.0195;4.98;11;0.6368
XAUUSDc;M5;1;14;8.50;0.40;1.50;2.50;4.00;0.5;1.0;4.0;100;0;6;0.70;0.50;1.00;2.00;10000;2442;3873.72;2744.18;1.08;1.5863;0.5236;12;8;0.6667;-1161.00;420.95;0.0744;0.0060;4.30;9;0.6274
XAUUSDc;M5;1;14;8.50;0.40;1.50;2.50;4.00;0.5;1.0;4.0;100;0;6;0.80;0.50;1.00;2.00;10000;1777;3226.18;2281.04;1.08;1.8155;0.5177;12;8;0.6667;-1346.60;250.10;0.2074;0.0188;4.83;8;0.4547
XAUUSDc;M5;1;14;8.50;0.40;1.50;2.50;4.00;0.5;1.0;4.0;100;0;6;0.85;0.40;1.00;2.00;10000;1667;3423.62;2333.76;1.09;2.0538;0.5143;12;8;0.6667;-1449.16;252.81;0.1954;0.0196;4.95;11;0.5005
XAUUSDc;M5;1;14;8.50;0.40;1.50;2.50;4.00;0.5;1.0;4.0;100;0;6;0.85;0.45;1.00;2.00;10000;1674;3282.67;2395.53;1.09;1.9610;0.5142;12;8;0.6667;-1449.16;215.47;0.2038;0.0195;4.94;11;0.4482
XAUUSDc;M5;1;14;8.50;0.40;1.50;2.50;4.00;0.5;1.0;4.0;100;0;6;0.90;0.45;1.00;2.00;10000;1661;3830.67;2333.76;1.11;2.3062;0.5157;12;8;0.6667;-1449.16;395.27;0.1747;0.0195;4.98;11;0.6265
XAUUSDc;M5;1;14;8.50;0.40;1.50;2.50;4.00;0.5;1.0;4.0;100;0;8;0.70;0.35;1.00;2.00;10000;2153;2392.19;3666.69;1.05;1.1111;0.5210;12;6;0.5000;-1165.09;-33.97;0.1665;0.0095;4.53;9;0.1469
XAUUSDc;M5;1;14;8.50;0.40;1.50;2.50;4.00;0.5;1.0;4.0;100;0;8;0.75;0.35;1.00;2.00;10000;1879;2666.54;2899.94;1.07;1.4191;0.5166;12;7;0.5833;-1456.15;328.19;0.2509;0.0179;4.55;9;0.1871
XAUUSDc;M5;1;14;8.50;0.40;1.50;2.50;4.00;0.5;1.0;4.0;100;0;8;0.75;0.40;1.00;2.00;10000;1924;2754.75;2906.22;1.07;1.4318;0.5151;12;7;0.5833;-1230.99;435.81;0.2429;0.0174;4.61;9;0.1992
XAUUSDc;M5;1;14;8.50;0.40;1.50;2.50;4.00;0.5;1.0;4.0;100;0;8;0.75;0.50;1.00;2.00;10000;2050;1677.44;2881.47;1.04;0.8183;0.5120;12;7;0.5833;-1284.95;296.15;0.3988;0.0168;4.61;8;0.0745
XAUUSDc;M5;1;14;8.50;0.40;1.50;2.50;4.00;0.5;1.0;4.0;100;0;8;0.80;0.40;1.00;2.00;10000;1745;2665.00;2286.15;1.07;1.5272;0.5155;12;7;0.5833;-1268.68;248.47;0.2510;0.0190;4.86;11;0.2370
XAUUSDc;M5;1;14;8.50;0.40;1.50;2.50;4.00;0.5;1.0;4.0;100;0;8;0.90;0.35;1.00;2.00;10000;1663;3630.40;2333.76;1.10;2.1830;0.5143;12;8;0.6667;-1449.16;295.14;0.1843;0.0195;4.97;11;0.5627
XAUUSDc;M5;1;14;8.50;0.40;1.50;2.50;4.00;0.5;1.0;4.0;100;0;8;0.90;0.45;1.00;2.00;10000;1663;3630.40;2333.76;1.10;2.1830;0.5143;12;8;0.6667;-1449.16;295.14;0.1843;0.0195;4.97;11;0.5627
XAUUSDc;M5;1;14;9.00;0.40;1.50;2.50;4.00;0.5;1.0;4.0;100;0;10;0.70;0.35;1.00;2.00;10000;2130;1661.65;4068.22;1.04;0.7801;0.5187;12;7;0.5833;-2097.13;357.02;0.1490;0.0061;4.58;9;0.1390
XAUUSDc;M5;1;14;9.00;0.40;1.50;2.50;4.00;0.5;1.0;4.0;100;0;10;0.75;0.40;1.00;2.00;10000;1817;3580.17;2603.76;1.09;1.9704;0.5130;12;7;0.5833;-1181.69;224.14;0.1869;0.0180;5.01;8;0.3756
XAUUSDc;M5;1;14;9.00;0.40;1.50;2.50;4.00;0.5;1.0;4.0;100;0;12;0.80;0.40;1.00;2.00;10000;1600;2843.50;2017.56;1.08;1.7772;0.5136;12;9;0.7500;-1255.33;195.07;0.2353;0.0207;5.28;9;0.5054
XAUUSDc;M5;1;14;9.00;0.40;1.50;2.50;4.00;0.5;1.0;4.0;100;0;12;0.85;0.45;1.00;2.00;10000;1528;3496.37;1882.64;1.11;2.2882;0.5200;12;7;0.5833;-1254.16;360.13;0.1914;0.0217;5.29;9;0.4954
XAUUSDc;M5;1;14;9.00;0.40;1.50;2.50;4.00;0.5;1.0;4.0;100;0;12;0.90;0.35;1.00;2.00;10000;1518;3528.08;1735.70;1.11;2.3242;0.5202;12;7;0.5833;-1277.61;419.14;0.1896;0.0218;5.31;9;0.5471
XAUUSDc;M5;1;14;9.00;0.40;1.50;2.50;4.00;0.5;1.0;4.0;100;0;14;0.70;0.35;1.00;2.00;10000;2147;3697.19;3462.54;1.08;1.7220;0.5268;12;8;0.6667;-1375.29;502.79;0.0665;0.0058;4.71;7;0.4746
XAUUSDc;M5;1;14;9.00;0.40;1.50;2.50;4.00;0.5;1.0;4.0;100;0;14;0.70;0.40;1.00;2.00;10000;2197;3029.61;4223.00;1.07;1.3790;0.5241;12;9;0.7500;-1223.54;445.40;0.0811;0.0057;4.66;8;0.4035
XAUUSDc;M5;1;14;9.00;0.40;1.50;2.50;4.00;0.5;1.0;4.0;100;0;14;0.70;0.50;1.00;2.00;10000;2259;3238.72;3415.53;1.07;1.4337;0.5258;12;8;0.6667;-1297.96;541.30;0.0759;0.0055;4.57;8;0.4214
XAUUSDc;M5;1;14;9.00;0.40;1.50;2.50;4.00;0.5;1.0;4.0;100;0;14;0.75;0.35;1.00;2.00;10000;1764;3694.56;2026.58;1.10;2.0944;0.5159;12;8;0.6667;-1216.36;280.87;0.1811;0.0185;4.94;8;0.6711
XAUUSDc;M5;1;14;9.00;0.40;1.50;2.50;4.00;0.5;1.0;4.0;100;0;14;0.75;0.45;1.00;2.00;10000;1827;3363.97;2476.96;1.09;1.8413;0.5159;12;7;0.5833;-1256.87;322.52;0.1989;0.0180;4.97;8;0.3485
XAUUSDc;M5;1;14;9.00;0.40;1.50;2.50;4.00;0.5;1.0;4.0;100;0;14;0.80;0.50;1.00;2.00;10000;1617;2022.75;1983.66;1.06;1.2509;0.5127;12;6;0.5000;-1289.69;92.31;0.3308;0.0207;5.28;6;0.1156
XAUUSDc;M5;1;14;9.00;0.40;1.50;2.50;4.00;0.5;1.0;4.0;100;0;14;0.85;0.50;1.00;2.00;10000;1527;3201.55;1960.59;1.10;2.0966;0.5164;12;7;0.5833;-1227.52;307.84;0.2090;0.0217;5.28;9;0.3988
XAUUSDc;M5;1;14;9.00;0.40;1.50;2.50;4.00;0.5;1.0;4.0;100;0;14;0.90;0.40;1.00;2.00;10000;1517;3452.19;1811.59;1.11;2.2757;0.5202;12;7;0.5833;-1277.61;381.19;0.1938;0.0218;5.31;9;0.5019
XAUUSDc;M5;1;14;9.00;0.40;1.50;2.50;4.00;0.5;1.0;4.0;100;0;14;0.90;0.50;1.00;2.00;10000;1517;3480.00;1783.78;1.11;2.2940;0.5202;12;7;0.5833;-1249.80;381.19;0.1923;0.0218;5.31;9;0.5180
XAUUSDc;M5;1;14;9.00;0.40;1.50;2.50;4.00;0.5;1.0;4.0;100;0;6;0.70;0.35;1.00;2.00;10000;1847;3041.34;2110.09;1.08;1.6466;0.5123;12;8;0.6667;-1047.49;372.56;0.2200;0.0184;5.01;8;0.4368
XAUUSDc;M5;1;14;9.00;0.40;1.50;2.50;4.00;0.5;1.0;4.0;100;0;6;0.70;0.50;1.00;2.00;10000;2318;4114.06;2188.58;1.08;1.7748;0.5165;12;9;0.7500;-1023.91;360.27;0.0701;0.0063;4.46;11;1.0574
XAUUSDc;M5;1;14;9.00;0.40;1.50;2.50;4.00;0.5;1.0;4.0;100;0;6;0.85;0.35;1.00;2.00;10000;1517;3416.96;1738.99;1.10;2.2524;0.5202;12;7;0.5833;-1306.94;372.43;0.1958;0.0218;5.30;9;0.5122
XAUUSDc;M5;1;14;9.00;0.40;1.50;2.50;4.00;0.5;1.0;4.0;100;0;6;0.90;0.45;1.00;2.00;10000;1513;3524.79;1738.99;1.11;2.3297;0.5202;12;7;0.5833;-1306.94;432.16;0.1898;0.0218;5.32;9;0.5451
XAUUSDc;M5;1;14;9.00;0.40;1.50;2.50;4.00;0.5;1.0;4.0;100;0;8;0.70;0.50;1.00;2.00;10000;2383;1558.35;3494.64;1.03;0.6539;0.5156;12;7;0.5833;-1078.42;252.55;0.1589;0.0054;4.51;8;0.1433
XAUUSDc;M5;1;14;9.00;0.40;1.50;2.50;4.00;0.5;1.0;4.0;100;0;8;0.75;0.50;1.00;2.00;10000;1924;2360.10;2888.69;1.06;1.2267;0.5089;12;7;0.5833;-1170.41;63.62;0.2835;0.0176;4.89;8;0.1471
XAUUSDc;M5;1;14;9.00;0.40;1.50;2.50;4.00;0.5;1.0;4.0;100;0;8;0.90;0.45;1.00;2.00;10000;1515;3324.68;1738.99;1.10;2.1945;0.5187;12;7;0.5833;-1306.94;432.16;0.2012;0.0218;5.31;9;0.4849
XAUUSDc;M5;1;14;9.00;0.40;1.50;2.50;4.00;0.5;1.0;4.0;100;0;8;0.90;0.50;1.00;2.00;10000;1517;3119.81;1943.86;1.09;2.0566;0.5172;12;7;0.5833;-1511.81;432.16;0.2144;0.0218;5.28;9;0.3820
XAUUSDc;M5;1;14;9.50;0.40;1.50;2.50;4.00;0.5;1.0;4.0;100;0;10;0.70;0.35;1.00;2.00;10000;2033;915.91;3769.27;1.02;0.4505;0.5200;12;6;0.5000;-2136.86;136.14;0.2703;0.0064;4.69;9;0.0337
XAUUSDc;M5;1;14;9.50;0.40;1.50;2.50;4.00;0.5;1.0;4.0;100;0;10;0.70;0.45;1.00;2.00;10000;2214;1634.70;3671.09;1.04;0.7383;0.5213;12;8;0.6667;-1834.02;192.54;0.1515;0.0059;4.61;9;0.1960
XAUUSDc;M5;1;14;9.50;0.40;1.50;2.50;4.00;0.5;1.0;4.0;100;0;10;0.80;0.50;1.00;2.00;10000;1526;2653.01;2004.47;1.08;1.7385;0.5091;12;7;0.5833;-767.55;191.74;0.2522;0.0211;5.45;9;0.2679
XAUUSDc;M5;1;14;9.50;0.40;1.50;2.50;4.00;0.5;1.0;4.0;100;0;10;0.85;0.35;1.00;2.00;10000;1406;805.36;2507.03;1.02;0.5728;0.5030;12;6;0.5000;-978.44;16.94;0.8307;0.0234;5.42;9;0.0145
XAUUSDc;M5;1;14;9.50;0.40;1.50;2.50;4.00;0.5;1.0;4.0;100;0;10;0.85;0.40;1.00;2.00;10000;1406;878.43;2507.03;1.03;0.6248;0.5030;12;6;0.5000;-978.44;16.94;0.7616;0.0234;5.43;9;0.0173
XAUUSDc;M5;1;14;9.50;0.40;1.50;2.50;4.00;0.5;1.0;4.0;100;0;12;0.75;0.50;1.00;2.00;10000;1739;718.26;3209.59;1.02;0.4130;0.4994;12;6;0.5000;-1174.34;122.62;0.9315;0.0191;5.20;8;0.0090
XAUUSDc;M5;1;14;9.50;0.40;1.50;2.50;4.00;0.5;1.0;4.0;100;0;12;0.85;0.35;1.00;2.00;10000;1409;997.04;2310.48;1.03;0.7076;0.5038;12;6;0.5000;-856.91;15.89;0.6710;0.0234;5.43;9;0.0241
XAUUSDc;M5;1;14;9.50;0.40;1.50;2.50;4.00;0.5;1.0;4.0;100;0;12;0.85;0.40;1.00;2.00;10000;1408;1113.68;2239.81;1.03;0.7910;0.5038;12;6;0.5000;-789.95;15.89;0.6007;0.0232;5.42;9;0.0310
XAUUSDc;M5;1;14;9.50;0.40;1.50;2.50;4.00;0.5;1.0;4.0;100;0;12;0.85;0.45;1.00;2.00;10000;1409;1260.89;2253.95;1.04;0.8949;0.5038;12;7;0.5833;-797.58;55.89;0.5306;0.0232;5.44;9;0.0538
XAUUSDc;M5;1;14;9.50;0.40;1.50;2.50;4.00;0.5;1.0;4.0;100;0;12;0.90;0.35;1.00;2.00;10000;1398;1287.49;2306.77;1.04;0.9210;0.5046;12;7;0.5833;-856.91;53.83;0.5196;0.0233;5.46;9;0.0548
XAUUSDc;M5;1;14;9.50;0.40;1.50;2.50;4.00;0.5;1.0;4.0;100;0;14;0.70;0.45;1.00;2.00;10000;2127;2406.57;3745.48;1.05;1.1314;0.5222;12;7;0.5833;-1378.12;255.26;0.1021;0.0059;4.68;8;0.2186
XAUUSDc;M5;1;14;9.50;0.40;1.50;2.50;4.00;0.5;1.0;4.0;100;0;14;0.70;0.50;1.00;2.00;10000;2146;2164.04;3721.89;1.05;1.0084;0.5200;12;7;0.5833;-1503.38;284.07;0.1136;0.0058;4.63;8;0.1978
XAUUSDc;M5;1;14;9.50;0.40;1.50;2.50;4.00;0.5;1.0;4.0;100;0;14;0.75;0.35;1.00;2.00;10000;1646;2362.36;1839.27;1.06;1.4352;0.5078;12;6;0.5000;-557.05;-4.86;0.2832;0.0196;5.17;9;0.1701
XAUUSDc;M5;1;14;9.50;0.40;1.50;2.50;4.00;0.5;1.0;4.0;100;0;14;0.80;0.40;1.00;2.00;10000;1488;1020.96;1648.99;1.03;0.6861;0.4993;12;6;0.5000;-713.22;24.90;0.6553;0.0216;5.40;7;0.0354
XAUUSDc;M5;1;14;9.50;0.40;1.50;2.50;4.00;0.5;1.0;4.0;100;0;14;0.80;0.50;1.00;2.00;10000;1509;995.28;1648.99;1.03;0.6596;0.5021;12;6;0.5000;-713.22;8.70;0.6722;0.0215;5.46;7;0.0337
XAUUSDc;M5;1;14;9.50;0.40;1.50;2.50;4.00;0.5;1.0;4.0;100;0;14;0.85;0.40;1.00;2.00;10000;1408;921.92;2323.32;1.03;0.6548;0.5000;12;6;0.5000;-856.91;15.89;0.7257;0.0232;5.42;9;0.0205
XAUUSDc;M5;1;14;9.50;0.40;1.50;2.50;4.00;0.5;1.0;4.0;100;0;14;0.85;0.45;1.00;2.00;10000;1408;933.78;2323.32;1.03;0.6632;0.5000;12;6;0.5000;-856.91;15.89;0.7165;0.0232;5.42;9;0.0210
XAUUSDc;M5;1;14;9.50;0.40;1.50;2.50;4.00;0.5;1.0;4.0;100;0;14;0.90;0.40;1.00;2.00;10000;1397;1206.83;2306.77;1.04;0.8639;0.5046;12;6;0.5000;-856.91;15.89;0.5544;0.0234;5.46;9;0.0354
XAUUSDc;M5;1;14;9.50;0.40;1.50;2.50;4.00;0.5;1.0;4.0;100;0;14;0.90;0.50;1.00;2.00;10000;1397;1211.46;2306.77;1.04;0.8672;0.5046;12;6;0.5000;-856.91;15.89;0.5523;0.0234;5.46;9;0.0357
XAUUSDc;M5;1;14;9.50;0.40;1.50;2.50;4.00;0.5;1.0;4.0;100;0;6;0.70;0.45;1.00;2.00;10000;2067;4720.10;1259.82;1.11;2.2836;0.5186;12;9;0.7500;-655.89;224.69;0.0553;0.0063;4.78;9;2.1075
XAUUSDc;M5;1;14;9.50;0.40;1.50;2.50;4.00;0.5;1.0;4.0;100;0;6;0.70;0.50;1.00;2.00;10000;2186;4065.34;1631.61;1.09;1.8597;0.5131;12;9;0.7500;-917.43;216.10;0.0642;0.0060;4.65;9;1.4015
XAUUSDc;M5;1;14;9.50;0.40;1.50;2.50;4.00;0.5;1.0;4.0;100;0;6;0.75;0.45;1.00;2.00;10000;1653;3660.71;2094.01;1.10;2.2146;0.5072;12;9;0.7500;-598.88;231.88;0.1828;0.0194;5.38;8;0.8071
XAUUSDc;M5;1;14;9.50;0.40;1.50;2.50;4.00;0.5;1.0;4.0;100;0;6;0.90;0.45;1.00;2.00;10000;1393;1305.37;2306.77;1.04;0.9371;0.5046;12;7;0.5833;-856.91;77.44;0.5125;0.0233;5.47;9;0.0564
XAUUSDc;M5;1;14;9.50;0.40;1.50;2.50;4.00;0.5;1.0;4.0;100;0;8;0.70;0.35;1.00;2.00;10000;1930;415.05;3117.59;1.01;0.2151;0.5100;12;6;0.5000;-1373.76;-6.75;0.5966;0.0067;4.89;8;0.0084
XAUUSDc;M5;1;14;9.50;0.40;1.50;2.50;4.00;0.5;1.0;4.0;100;0;8;0.70;0.40;1.00;2.00;10000;2041;1072.78;2893.34;1.02;0.5256;0.5120;12;8;0.6667;-1187.90;216.07;0.2308;0.0062;4.85;8;0.1071
XAUUSDc;M5;1;14;9.50;0.40;1.50;2.50;4.00;0.5;1.0;4.0;100;0;8;0.75;0.40;1.00;2.00;10000;1656;1225.67;2636.20;1.03;0.7401;0.4987;12;7;0.5833;-785.43;67.34;0.5459;0.0199;5.23;8;0.0434
XAUUSDc;M5;1;14;9.50;0.40;1.50;2.50;4.00;0.5;1.0;4.0;100;0;8;0.90;0.35;1.00;2.00;10000;1395;989.76;2306.77;1.03;0.7095;0.5031;12;7;0.5833;-856.91;77.44;0.6760;0.0234;5.45;9;0.0324
