XAUUSDm;M5;1;14;7.50;0.00;1.00;2.50;4.00;1.0;2.0;3.0;100;0;5;0.55;0.25;0.50;2.00;10000;2070;4029.62;2132.53;1.06;1.9467;0.3974;12;7;0.5833;-879.48;241.98;0.0720;0.0047;4.05;17;0.5110
XAUUSDm;M5;1;14;7.50;0.00;1.25;2.50;4.00;1.0;2.0;3.0;100;0;5;0.55;0.25;0.50;2.00;10000;2070;4029.62;2132.53;1.06;1.9467;0.3974;12;7;0.5833;-879.48;241.98;0.0720;0.0047;4.05;17;0.5110
XAUUSDm;M5;1;14;7.50;0.00;1.50;2.50;4.00;1.0;2.0;3.0;100;0;5;0.55;0.25;0.50;2.00;10000;2070;4029.62;2132.53;1.06;1.9467;0.3974;12;7;0.5833;-879.48;241.98;0.0720;0.0047;4.05;17;0.5110
XAUUSDm;M5;1;14;7.50;0.00;1.75;2.50;4.00;1.0;2.0;3.0;100;0;5;0.55;0.25;0.50;2.00;10000;2070;4029.62;2132.53;1.06;1.9467;0.3974;12;7;0.5833;-879.48;241.98;0.0720;0.0047;4.05;17;0.5110
XAUUSDm;M5;1;14;7.50;0.00;2.00;2.50;4.00;1.0;2.0;3.0;100;0;5;0.55;0.25;0.50;2.00;10000;2070;4029.62;2132.53;1.06;1.9467;0.3974;12;7;0.5833;-879.48;241.98;0.0720;0.0047;4.05;17;0.5110
XAUUSDm;M5;1;14;7.50;0.00;2.25;2.50;4.00;1.0;2.0;3.0;100;0;5;0.55;0.25;0.50;2.00;10000;2070;4029.62;2132.53;1.06;1.9467;0.3974;12;7;0.5833;-879.48;241.98;0.0720;0.0047;4.05;17;0.5110
XAUUSDm;M5;1;14;7.50;0.00;2.50;2.50;4.00;1.0;2.0;3.0;100;0;5;0.55;0.25;0.50;2.00;10000;2070;4029.62;2132.53;1.06;1.9467;0.3974;12;7;0.5833;-879.48;241.98;0.0720;0.0047;4.05;17;0.5110
XAUUSDm;M5;1;14;7.50;0.00;2.75;2.50;4.00;1.0;2.0;3.0;100;0;5;0.55;0.25;0.50;2.00;10000;2070;4029.62;2132.53;1.06;1.9467;0.3974;12;7;0.5833;-879.48;241.98;0.0720;0.0047;4.05;17;0.5110
XAUUSDm;M5;1;14;7.50;0.00;3.00;2.50;4.00;1.0;2.0;3.0;100;0;5;0.55;0.25;0.50;2.00;10000;2070;4029.62;2132.53;1.06;1.9467;0.3974;12;7;0.5833;-879.48;241.98;0.0720;0.0047;4.05;17;0.5110
XAUUSDm;M5;1;14;7.50;0.10;1.00;2.50;4.00;1.0;2.0;3.0;100;0;5;0.55;0.25;0.50;2.00;10000;2054;3581.83;2319.70;1.06;1.7438;0.3968;12;7;0.5833;-1093.56;202.72;0.0810;0.0047;4.01;17;0.4170
XAUUSDm;M5;1;14;7.50;0.10;1.25;2.50;4.00;1.0;2.0;3.0;100;0;5;0.55;0.25;0.50;2.00;10000;2069;3901.06;2461.71;1.06;1.8855;0.3967;12;7;0.5833;-888.68;219.42;0.0743;0.0047;4.08;17;0.4278
XAUUSDm;M5;1;14;7.50;0.10;1.50;2.50;4.00;1.0;2.0;3.0;100;0;5;0.55;0.25;0.50;2.00;10000;2072;3921.96;2438.01;1.06;1.8928;0.3985;12;7;0.5833;-889.51;238.77;0.0739;0.0047;4.07;17;0.4363
XAUUSDm;M5;1;14;7.50;0.10;1.75;2.50;4.00;1.0;2.0;3.0;100;0;5;0.55;0.25;0.50;2.00;10000;2076;3597.64;2442.64;1.06;1.7330;0.3969;12;7;0.5833;-882.15;45.28;0.0806;0.0046;4.06;17;0.3978
XAUUSDm;M5;1;14;7.50;0.10;2.00;2.50;4.00;1.0;2.0;3.0;100;0;5;0.55;0.25;0.50;2.00;10000;2080;4105.86;2357.47;1.06;1.9740;0.3993;12;7;0.5833;-798.20;124.86;0.0706;0.0046;4.06;17;0.4733
XAUUSDm;M5;1;14;7.50;0.10;2.25;2.50;4.00;1.0;2.0;3.0;100;0;5;0.55;0.25;0.50;2.00;10000;2088;4262.63;2446.08;1.07;2.0415;0.4011;12;7;0.5833;-733.84;195.49;0.0680;0.0046;4.06;17;0.4757
XAUUSDm;M5;1;14;7.50;0.10;2.50;2.50;4.00;1.0;2.0;3.0;100;0;5;0.55;0.25;0.50;2.00;10000;2107;4236.26;2695.06;1.07;2.0106;0.4031;12;7;0.5833;-770.33;276.51;0.0685;0.0046;4.03;17;0.4312
XAUUSDm;M5;1;14;7.50;0.10;2.75;2.50;4.00;1.0;2.0;3.0;100;0;5;0.55;0.25;0.50;2.00;10000;2117;4823.44;2696.94;1.08;2.2784;0.4042;12;8;0.6667;-770.33;340.45;0.0601;0.0045;4.02;17;0.6426
XAUUSDm;M5;1;14;7.50;0.10;3.00;2.50;4.00;1.0;2.0;3.0;100;0;5;0.55;0.25;0.50;2.00;10000;2115;4692.44;2696.94;1.07;2.2186;0.4037;12;8;0.6667;-770.33;342.60;0.0618;0.0045;4.02;17;0.6244
XAUUSDm;M5;1;14;7.50;0.20;1.00;2.50;4.00;1.0;2.0;3.0;100;0;5;0.55;0.25;0.50;2.00;10000;2047;2846.99;2692.89;1.05;1.3908;0.3965;12;6;0.5000;-986.86;195.31;0.1019;0.0047;4.00;17;0.2096
XAUUSDm;M5;1;14;7.50;0.20;1.25;2.50;4.00;1.0;2.0;3.0;100;0;5;0.55;0.25;0.50;2.00;10000;2058;3681.76;2594.41;1.06;1.7890;0.3980;12;7;0.5833;-866.59;153.68;0.0788;0.0047;4.04;17;0.3844
XAUUSDm;M5;1;14;7.50;0.20;1.50;2.50;4.00;1.0;2.0;3.0;100;0;5;0.55;0.25;0.50;2.00;10000;2086;4409.84;2346.37;1.07;2.1140;0.3995;12;8;0.6667;-808.99;105.35;0.0658;0.0046;4.02;17;0.6674
XAUUSDm;M5;1;14;7.50;0.20;1.75;2.50;4.00;1.0;2.0;3.0;100;0;5;0.55;0.25;0.50;2.00;10000;2115;5250.77;2414.34;1.08;2.4826;0.4070;12;7;0.5833;-771.08;411.86;0.0552;0.0045;4.04;17;0.6024
XAUUSDm;M5;1;14;7.50;0.20;2.00;2.50;4.00;1.0;2.0;3.0;100;0;5;0.55;0.25;0.50;2.00;10000;2117;4330.12;2887.75;1.07;2.0454;0.4052;12;8;0.6667;-1067.46;354.65;0.0670;0.0046;4.02;17;0.5401
XAUUSDm;M5;1;14;7.50;0.20;2.25;2.50;4.00;1.0;2.0;3.0;100;0;5;0.55;0.25;0.50;2.00;10000;2131;5228.70;2831.57;1.08;2.4536;0.4079;12;9;0.7500;-1043.02;346.16;0.0555;0.0045;3.99;17;0.8474
XAUUSDm;M5;1;14;7.50;0.20;2.50;2.50;4.00;1.0;2.0;3.0;100;0;5;0.55;0.25;0.50;2.00;10000;2150;4820.04;2880.59;1.07;2.2419;0.4045;12;9;0.7500;-1024.17;471.74;0.0602;0.0045;4.00;17;0.7614
XAUUSDm;M5;1;14;7.50;0.20;2.75;2.50;4.00;1.0;2.0;3.0;100;0;5;0.55;0.25;0.50;2.00;10000;2167;4914.91;2815.91;1.08;2.2681;0.4063;12;8;0.6667;-775.08;367.94;0.0590;0.0045;3.99;17;0.6304
XAUUSDm;M5;1;14;7.50;0.20;3.00;2.50;4.00;1.0;2.0;3.0;100;0;5;0.55;0.25;0.50;2.00;10000;2171;4879.34;3153.77;1.07;2.2475;0.4074;12;9;0.7500;-1351.76;378.83;0.0594;0.0044;4.02;10;0.7092
XAUUSDm;M5;1;14;7.50;0.30;1.00;2.50;4.00;1.0;2.0;3.0;100;0;5;0.55;0.25;0.50;2.00;10000;2043;3645.14;2574.35;1.06;1.7842;0.4008;12;6;0.5000;-1012.11;246.91;0.0796;0.0048;4.03;17;0.2838
XAUUSDm;M5;1;14;7.50;0.30;1.25;2.50;4.00;1.0;2.0;3.0;100;0;5;0.55;0.25;0.50;2.00;10000;2073;3144.60;2609.45;1.05;1.5169;0.3980;12;6;0.5000;-882.49;-61.58;0.0922;0.0047;4.02;17;0.2398
XAUUSDm;M5;1;14;7.50;0.30;1.50;2.50;4.00;1.0;2.0;3.0;100;0;5;0.55;0.25;0.50;2.00;10000;2098;4431.25;2437.75;1.07;2.1121;0.4036;12;8;0.6667;-1207.90;150.17;0.0654;0.0046;3.96;17;0.6521
XAUUSDm;M5;1;14;7.50;0.30;1.75;2.50;4.00;1.0;2.0;3.0;100;0;5;0.55;0.25;0.50;2.00;10000;2125;5967.59;2718.98;1.09;2.8083;0.4107;12;7;0.5833;-836.41;452.36;0.0486;0.0045;3.98;17;0.6134
XAUUSDm;M5;1;14;7.50;0.30;2.00;2.50;4.00;1.0;2.0;3.0;100;0;5;0.55;0.25;0.50;2.00;10000;2159;6352.62;2663.50;1.10;2.9424;0.4107;12;9;0.7500;-784.86;452.79;0.0456;0.0044;4.01;17;1.1020
XAUUSDm;M5;1;14;7.50;0.30;2.25;2.50;4.00;1.0;2.0;3.0;100;0;5;0.55;0.25;0.50;2.00;10000;2172;6117.34;2713.35;1.09;2.8165;0.4087;12;9;0.7500;-1026.88;389.25;0.0474;0.0044;4.02;14;1.0366
XAUUSDm;M5;1;14;7.50;0.30;2.50;2.50;4.00;1.0;2.0;3.0;100;0;5;0.55;0.25;0.50;2.00;10000;2176;5494.40;3218.24;1.08;2.5250;0.4063;12;9;0.7500;-1511.06;351.70;0.0528;0.0044;4.01;14;0.7804
XAUUSDm;M5;1;14;7.50;0.30;2.75;2.50;4.00;1.0;2.0;3.0;100;0;5;0.55;0.25;0.50;2.00;10000;2195;5233.78;3115.59;1.08;2.3844;0.4056;12;9;0.7500;-1519.56;282.79;0.0554;0.0044;4.03;10;0.7666
XAUUSDm;M5;1;14;7.50;0.30;3.00;2.50;4.00;1.0;2.0;3.0;100;0;5;0.55;0.25;0.50;2.00;10000;2214;5773.44;2922.19;1.09;2.6077;0.4076;12;8;0.6667;-1476.24;471.69;0.0502;0.0043;4.02;10;0.7158
XAUUSDm;M5;1;14;7.50;0.40;1.00;2.50;4.00;1.0;2.0;3.0;100;0;5;0.55;0.25;0.50;2.00;10000;2024;3873.75;2778.27;1.06;1.9139;0.4036;12;7;0.5833;-1052.48;338.85;0.0749;0.0048;4.01;17;0.3829
XAUUSDm;M5;1;14;7.50;0.40;1.25;2.50;4.00;1.0;2.0;3.0;100;0;5;0.55;0.25;0.50;2.00;10000;2073;3683.80;2700.14;1.06;1.7770;0.4002;12;6;0.5000;-1260.98;9.82;0.0787;0.0047;3.98;17;0.2730
XAUUSDm;M5;1;14;7.50;0.40;1.50;2.50;4.00;1.0;2.0;3.0;100;0;5;0.55;0.25;0.50;2.00;10000;2121;6293.03;2011.11;1.10;2.9670;0.4148;12;8;0.6667;-566.36;172.79;0.0461;0.0045;4.02;17;1.1537
XAUUSDm;M5;1;14;7.50;0.40;1.75;2.50;4.00;1.0;2.0;3.0;100;0;5;0.55;0.25;0.50;2.00;10000;2149;6308.68;2629.54;1.10;2.9356;0.4109;12;8;0.6667;-814.05;510.36;0.0460;0.0044;4.04;17;0.8762
XAUUSDm;M5;1;14;7.50;0.40;2.00;2.50;4.00;1.0;2.0;3.0;100;0;5;0.55;0.25;0.50;2.00;10000;2173;6255.41;3046.13;1.10;2.8787;0.4117;12;9;0.7500;-1179.69;590.59;0.0464;0.0044;4.02;16;0.9511
XAUUSDm;M5;1;14;7.50;0.40;2.25;2.50;4.00;1.0;2.0;3.0;100;0;5;0.55;0.25;0.50;2.00;10000;2181;4885.49;3303.55;1.07;2.2400;0.4055;12;8;0.6667;-1502.82;406.05;0.0594;0.0044;4.01;16;0.5330
XAUUSDm;M5;1;14;7.50;0.40;2.50;2.50;4.00;1.0;2.0;3.0;100;0;5;0.55;0.25;0.50;2.00;10000;2215;6091.91;2817.86;1.09;2.7503;0.4099;12;8;0.6667;-1371.91;518.33;0.0476;0.0043;4.01;10;0.7877
XAUUSDm;M5;1;14;7.50;0.40;2.75;2.50;4.00;1.0;2.0;3.0;100;0;5;0.55;0.25;0.50;2.00;10000;2236;6200.59;3086.14;1.09;2.7731;0.4069;12;8;0.6667;-1652.96;535.55;0.0468;0.0043;3.98;10;0.7267
XAUUSDm;M5;1;14;7.50;0.40;3.00;2.50;4.00;1.0;2.0;3.0;100;0;5;0.55;0.25;0.50;2.00;10000;2252;6754.41;3052.72;1.10;2.9993;0.4091;12;8;0.6667;-1580.48;598.06;0.0429;0.0042;3.96;10;0.8046
XAUUSDm;M5;1;14;7.50;0.50;1.00;2.50;4.00;1.0;2.0;3.0;100;0;5;0.55;0.25;0.50;2.00;10000;2004;4197.08;2621.04;1.07;2.0944;0.4015;12;7;0.5833;-1081.63;163.24;0.0691;0.0048;4.04;17;0.4376
XAUUSDm;M5;1;14;7.50;0.50;1.25;2.50;4.00;1.0;2.0;3.0;100;0;5;0.55;0.25;0.50;2.00;10000;2082;4264.39;2701.87;1.07;2.0482;0.4041;12;6;0.5000;-1171.24;-9.54;0.0680;0.0047;3.98;17;0.3189
XAUUSDm;M5;1;14;7.50;0.50;1.50;2.50;4.00;1.0;2.0;3.0;100;0;5;0.55;0.25;0.50;2.00;10000;2120;6161.20;2474.81;1.10;2.9062;0.4140;12;8;0.6667;-953.05;297.70;0.0471;0.0045;4.01;17;0.9161
XAUUSDm;M5;1;14;7.50;0.50;1.75;2.50;4.00;1.0;2.0;3.0;100;0;5;0.55;0.25;0.50;2.00;10000;2164;6257.54;3107.63;1.10;2.8917;0.4103;12;8;0.6667;-1392.75;618.51;0.0463;0.0044;4.04;14;0.7344
XAUUSDm;M5;1;14;7.50;0.50;2.00;2.50;4.00;1.0;2.0;3.0;100;0;5;0.55;0.25;0.50;2.00;10000;2175;5773.52;3355.99;1.09;2.6545;0.4112;12;8;0.6667;-1491.05;499.99;0.0502;0.0044;4.01;16;0.6288
XAUUSDm;M5;1;14;7.50;0.50;2.25;2.50;4.00;1.0;2.0;3.0;100;0;5;0.55;0.25;0.50;2.00;10000;2224;6087.37;3076.13;1.09;2.7371;0.4080;12;8;0.6667;-1539.71;630.94;0.0476;0.0043;3.94;16;0.7177
XAUUSDm;M5;1;14;7.50;0.50;2.50;2.50;4.00;1.0;2.0;3.0;100;0;5;0.55;0.25;0.50;2.00;10000;2268;6960.18;2915.95;1.10;3.0689;0.4077;12;8;0.6667;-1521.28;776.36;0.0417;0.0042;3.96;10;0.8651
XAUUSDm;M5;1;14;7.50;0.50;2.75;2.50;4.00;1.0;2.0;3.0;100;0;5;0.55;0.25;0.50;2.00;10000;2288;6799.56;3123.63;1.10;2.9718;0.4057;12;8;0.6667;-1710.17;711.25;0.0426;0.0041;3.94;10;0.7850
XAUUSDm;M5;1;14;7.50;0.50;3.00;2.50;4.00;1.0;2.0;3.0;100;0;5;0.55;0.25;0.50;2.00;10000;2300;5222.81;3879.47;1.07;2.2708;0.4001;12;8;0.6667;-1883.65;517.80;0.0555;0.0041;3.94;10;0.4789
XAUUSDm;M5;1;14;7.50;0.60;1.00;2.50;4.00;1.0;2.0;3.0;100;0;5;0.55;0.25;0.50;2.00;10000;2001;3618.33;2714.99;1.06;1.8083;0.4000;12;7;0.5833;-1174.69;167.91;0.0801;0.0049;3.87;17;0.3628
XAUUSDm;M5;1;14;7.50;0.60;1.25;2.50;4.00;1.0;2.0;3.0;100;0;5;0.55;0.25;0.50;2.00;10000;2071;4893.53;2591.55;1.08;2.3629;0.4100;12;6;0.5000;-871.25;-49.62;0.0593;0.0047;4.01;17;0.3871
XAUUSDm;M5;1;14;7.50;0.60;1.50;2.50;4.00;1.0;2.0;3.0;100;0;5;0.55;0.25;0.50;2.00;10000;2136;6446.53;2241.27;1.10;3.0180;0.4147;12;8;0.6667;-909.82;419.85;0.0450;0.0045;4.04;14;1.0601
XAUUSDm;M5;1;14;7.50;0.60;1.75;2.50;4.00;1.0;2.0;3.0;100;0;5;0.55;0.25;0.50;2.00;10000;2165;5691.08;2822.22;1.09;2.6287;0.4114;12;8;0.6667;-1399.27;508.76;0.0510;0.0044;4.02;14;0.7374
XAUUSDm;M5;1;14;7.50;0.60;2.00;2.50;4.00;1.0;2.0;3.0;100;0;5;0.55;0.25;0.50;2.00;10000;2223;6038.24;3030.97;1.09;2.7163;0.4102;12;8;0.6667;-1369.41;515.37;0.0480;0.0043;3.96;16;0.7264
XAUUSDm;M5;1;14;7.50;0.60;2.25;2.50;4.00;1.0;2.0;3.0;100;0;5;0.55;0.25;0.50;2.00;10000;2259;7231.08;2616.70;1.11;3.2010;0.4108;12;8;0.6667;-1245.29;729.11;0.0401;0.0042;3.99;10;1.0090
XAUUSDm;M5;1;14;7.50;0.60;2.50;2.50;4.00;1.0;2.0;3.0;100;0;5;0.55;0.25;0.50;2.00;10000;2317;6027.87;3103.37;1.09;2.6016;0.4056;12;8;0.6667;-1638.68;607.49;0.0481;0.0041;3.91;10;0.7003
XAUUSDm;M5;1;14;7.50;0.60;2.75;2.50;4.00;1.0;2.0;3.0;100;0;5;0.55;0.25;0.50;2.00;10000;2344;4197.28;3934.24;1.06;1.7906;0.3980;12;8;0.6667;-1590.14;548.91;0.0691;0.0041;3.88;10;0.3774
XAUUSDm;M5;1;14;7.50;0.60;3.00;2.50;4.00;1.0;2.0;3.0;100;0;5;0.55;0.25;0.50;2.00;10000;2377;2953.56;3774.25;1.04;1.2426;0.3935;12;8;0.6667;-1489.44;301.32;0.0982;0.0041;3.80;11;0.2737
XAUUSDm;M5;1;14;7.50;0.70;1.00;2.50;4.00;1.0;2.0;3.0;100;0;5;0.55;0.25;0.50;2.00;10000;1987;4366.11;2308.42;1.07;2.1973;0.4043;12;7;0.5833;-768.45;120.19;0.0664;0.0049;3.94;17;0.5204
XAUUSDm;M5;1;14;7.50;0.70;1.25;2.50;4.00;1.0;2.0;3.0;100;0;5;0.55;0.25;0.50;2.00;10000;2067;4768.90;2524.94;1.08;2.3072;0.4103;12;5;0.4167;-774.67;-141.33;0.0608;0.0047;3.99;17;0.2691
XAUUSDm;M5;1;14;7.50;0.70;1.50;2.50;4.00;1.0;2.0;3.0;100;0;5;0.55;0.25;0.50;2.00;10000;2134;5029.99;2746.02;1.08;2.3571;0.4098;12;7;0.5833;-1128.95;287.34;0.0577;0.0045;4.01;14;0.5108
XAUUSDm;M5;1;14;7.50;0.70;1.75;2.50;4.00;1.0;2.0;3.0;100;0;5;0.55;0.25;0.50;2.00;10000;2179;6526.74;3069.41;1.10;2.9953;0.4131;12;8;0.6667;-1574.20;530.25;0.0444;0.0043;4.01;14;0.7807
XAUUSDm;M5;1;14;7.50;0.70;2.00;2.50;4.00;1.0;2.0;3.0;100;0;5;0.55;0.25;0.50;2.00;10000;2252;7208.06;2694.63;1.11;3.2007;0.4104;12;8;0.6667;-1386.28;745.47;0.0402;0.0042;3.99;10;0.9758
XAUUSDm;M5;1;14;7.50;0.70;2.25;2.50;4.00;1.0;2.0;3.0;100;0;5;0.55;0.25;0.50;2.00;10000;2305;6302.57;3432.93;1.09;2.7343;0.4065;12;8;0.6667;-1440.32;535.21;0.0460;0.0041;3.89;10;0.6634
XAUUSDm;M5;1;14;7.50;0.70;2.50;2.50;4.00;1.0;2.0;3.0;100;0;5;0.55;0.25;0.50;2.00;10000;2369;3673.65;3828.37;1.05;1.5507;0.3981;12;8;0.6667;-1453.91;521.35;0.0789;0.0041;3.78;10;0.3396
XAUUSDm;M5;1;14;7.50;0.70;2.75;2.50;4.00;1.0;2.0;3.0;100;0;5;0.55;0.25;0.50;2.00;10000;2405;2900.17;4581.66;1.04;1.2059;0.3940;12;8;0.6667;-1876.19;472.12;0.1000;0.0040;3.77;11;0.2217
XAUUSDm;M5;1;14;7.50;0.70;3.00;2.50;4.00;1.0;2.0;3.0;100;0;5;0.55;0.25;0.50;2.00;10000;2470;2828.01;4744.66;1.04;1.1449;0.3953;12;8;0.6667;-1720.71;329.28;0.1025;0.0039;3.78;14;0.2095
XAUUSDm;M5;1;14;7.50;0.80;1.00;2.50;4.00;1.0;2.0;3.0;100;0;5;0.55;0.25;0.50;2.00;10000;1975;3888.91;2581.38;1.07;1.9691;0.4038;12;7;0.5833;-922.69;35.61;0.0746;0.0049;3.95;14;0.4140
XAUUSDm;M5;1;14;7.50;0.80;1.25;2.50;4.00;1.0;2.0;3.0;100;0;5;0.55;0.25;0.50;2.00;10000;2053;3801.89;2824.10;1.06;1.8519;0.4097;12;5;0.4167;-1001.50;-217.41;0.0763;0.0048;3.93;17;0.1915
XAUUSDm;M5;1;14;7.50;0.80;1.50;2.50;4.00;1.0;2.0;3.0;100;0;5;0.55;0.25;0.50;2.00;10000;2131;5885.78;2934.19;1.09;2.7620;0.4118;12;8;0.6667;-1610.55;307.70;0.0493;0.0045;4.00;14;0.7342
XAUUSDm;M5;1;14;7.50;0.80;1.75;2.50;4.00;1.0;2.0;3.0;100;0;5;0.55;0.25;0.50;2.00;10000;2207;6911.13;2859.71;1.11;3.1315;0.4117;12;9;0.7500;-1422.59;350.42;0.0420;0.0043;4.07;10;1.1193
XAUUSDm;M5;1;14;7.50;0.80;2.00;2.50;4.00;1.0;2.0;3.0;100;0;5;0.55;0.25;0.50;2.00;10000;2293;6963.80;3566.69;1.10;3.0370;0.4082;12;8;0.6667;-1762.28;656.68;0.0416;0.0041;3.91;12;0.7085
XAUUSDm;M5;1;14;7.50;0.80;2.25;2.50;4.00;1.0;2.0;3.0;100;0;5;0.55;0.25;0.50;2.00;10000;2340;4491.09;3748.26;1.06;1.9193;0.4004;12;8;0.6667;-1623.41;561.18;0.0646;0.0041;3.85;12;0.4265
XAUUSDm;M5;1;14;7.50;0.80;2.50;2.50;4.00;1.0;2.0;3.0;100;0;5;0.55;0.25;0.50;2.00;10000;2410;3367.87;4439.42;1.05;1.3975;0.3983;12;8;0.6667;-1737.66;550.22;0.0861;0.0040;3.74;11;0.2686
XAUUSDm;M5;1;14;7.50;0.80;2.75;2.50;4.00;1.0;2.0;3.0;100;0;5;0.55;0.25;0.50;2.00;10000;2475;3140.83;4549.51;1.04;1.2690;0.3974;12;8;0.6667;-1923.13;646.27;0.0923;0.0039;3.79;12;0.2439
XAUUSDm;M5;1;14;7.50;0.80;3.00;2.50;4.00;1.0;2.0;3.0;100;0;5;0.55;0.25;0.50;2.00;10000;2536;4082.78;4832.91;1.05;1.6099;0.4031;12;9;0.7500;-2546.31;468.91;0.0710;0.0038;3.73;14;0.3831
XAUUSDm;M5;1;14;7.50;0.90;1.00;2.50;4.00;1.0;2.0;3.0;100;0;5;0.55;0.25;0.50;2.00;10000;1960;3504.83;2662.09;1.06;1.7882;0.4031;12;5;0.4167;-1069.84;-103.30;0.0827;0.0050;4.04;14;0.1843
XAUUSDm;M5;1;14;7.50;0.90;1.25;2.50;4.00;1.0;2.0;3.0;100;0;5;0.55;0.25;0.50;2.00;10000;2072;4508.01;2750.48;1.07;2.1757;0.4098;12;5;0.4167;-896.52;-166.49;0.0643;0.0047;3.91;17;0.2332
XAUUSDm;M5;1;14;7.50;0.90;1.50;2.50;4.00;1.0;2.0;3.0;100;0;5;0.55;0.25;0.50;2.00;10000;2155;6374.83;2658.39;1.10;2.9582;0.4139;12;8;0.6667;-1537.12;378.51;0.0455;0.0044;3.99;14;0.8822
XAUUSDm;M5;1;14;7.50;0.90;1.75;2.50;4.00;1.0;2.0;3.0;100;0;5;0.55;0.25;0.50;2.00;10000;2227;7161.77;3018.18;1.11;3.2159;0.4102;12;8;0.6667;-1431.16;290.83;0.0405;0.0042;4.01;10;0.8652
XAUUSDm;M5;1;14;7.50;0.90;2.00;2.50;4.00;1.0;2.0;3.0;100;0;5;0.55;0.25;0.50;2.00;10000;2315;6318.45;3758.04;1.09;2.7294;0.4057;12;8;0.6667;-2068.41;808.55;0.0459;0.0041;3.86;12;0.6064
XAUUSDm;M5;1;14;7.50;0.90;2.25;2.50;4.00;1.0;2.0;3.0;100;0;5;0.55;0.25;0.50;2.00;10000;2374;3289.81;4165.86;1.05;1.3858;0.4018;12;8;0.6667;-1724.58;549.48;0.0881;0.0041;3.77;10;0.2821
XAUUSDm;M5;1;14;7.50;0.90;2.50;2.50;4.00;1.0;2.0;3.0;100;0;5;0.55;0.25;0.50;2.00;10000;2469;3850.72;4516.08;1.05;1.5596;0.4010;12;7;0.5833;-1903.08;738.12;0.0753;0.0039;3.79;12;0.2327
XAUUSDm;M5;1;14;7.50;0.90;2.75;2.50;4.00;1.0;2.0;3.0;100;0;5;0.55;0.25;0.50;2.00;10000;2531;2740.69;4669.51;1.04;1.0828;0.3991;12;8;0.6667;-2418.73;510.36;0.1058;0.0038;3.76;12;0.2082
XAUUSDm;M5;1;14;7.50;0.90;3.00;2.50;4.00;1.0;2.0;3.0;100;0;5;0.55;0.25;0.50;2.00;10000;2627;3175.58;4499.04;1.04;1.2088;0.3981;12;8;0.6667;-2341.95;507.33;0.0913;0.0037;3.63;14;0.2497
XAUUSDm;M5;1;14;7.50;1.00;1.00;2.50;4.00;1.0;2.0;3.0;100;0;5;0.55;0.25;0.50;2.00;10000;1940;3972.85;2633.50;1.07;2.0479;0.4041;12;5;0.4167;-730.54;-98.88;0.0730;0.0050;4.02;14;0.2117
XAUUSDm;M5;1;14;7.50;1.00;1.25;2.50;4.00;1.0;2.0;3.0;100;0;5;0.55;0.25;0.50;2.00;10000;2057;3955.86;2786.70;1.06;1.9231;0.4078;12;6;0.5000;-1036.84;64.13;0.0733;0.0047;3.91;17;0.2895
XAUUSDm;M5;1;14;7.50;1.00;1.50;2.50;4.00;1.0;2.0;3.0;100;0;5;0.55;0.25;0.50;2.00;10000;2152;6392.31;2821.80;1.10;2.9704;0.4142;12;8;0.6667;-1542.01;526.13;0.0454;0.0044;3.95;14;0.8341
XAUUSDm;M5;1;14;7.50;1.00;1.75;2.50;4.00;1.0;2.0;3.0;100;0;5;0.55;0.25;0.50;2.00;10000;2262;7022.08;3535.05;1.10;3.1044;0.4094;12;8;0.6667;-1617.54;430.88;0.0413;0.0042;3.97;12;0.7229
XAUUSDm;M5;1;14;7.50;1.00;2.00;2.50;4.00;1.0;2.0;3.0;100;0;5;0.55;0.25;0.50;2.00;10000;2336;4276.66;4191.13;1.06;1.8308;0.4023;12;8;0.6667;-1908.81;546.76;0.0678;0.0041;3.84;12;0.3649
XAUUSDm;M5;1;14;7.50;1.00;2.25;2.50;4.00;1.0;2.0;3.0;100;0;5;0.55;0.25;0.50;2.00;10000;2442;4934.01;4255.73;1.07;2.0205;0.4046;12;8;0.6667;-1628.42;706.28;0.0588;0.0039;3.73;10;0.4170
XAUUSDm;M5;1;14;7.50;1.00;2.50;2.50;4.00;1.0;2.0;3.0;100;0;5;0.55;0.25;0.50;2.00;10000;2542;2501.34;4883.86;1.03;0.9840;0.3979;12;8;0.6667;-2570.11;497.93;0.1159;0.0038;3.75;12;0.1811
XAUUSDm;M5;1;14;7.50;1.00;2.75;2.50;4.00;1.0;2.0;3.0;100;0;5;0.55;0.25;0.50;2.00;10000;2641;2969.74;4241.84;1.04;1.1245;0.4005;12;8;0.6667;-2189.12;513.57;0.0976;0.0037;3.62;12;0.2492
XAUUSDm;M5;1;14;7.50;1.00;3.00;2.50;4.00;1.0;2.0;3.0;100;0;5;0.55;0.25;0.50;2.00;10000;2702;1910.86;4273.30;1.02;0.7072;0.3956;12;8;0.6667;-2285.24;479.19;0.1518;0.0036;3.49;13;0.1554
