XAUUSDm;M5;1;14;8.50;0.40;1.50;2.50;4.00;0.5;1.0;4.0;100;0;10;0.80;0.45;1.00;2.00;10000;2859;13442.07;1666.90;1.22;4.7017;0.4944;21;17;0.8095;-887.17;414.47;0.0779;0.0164;4.88;11;5.2254
XAUUSDm;M5;1;14;8.50;0.40;1.50;2.50;4.00;0.5;1.0;4.0;100;0;12;0.80;0.45;1.00;2.00;10000;2859;12042.07;1851.45;1.20;4.2120;0.4900;21;19;0.9048;-899.59;473.37;0.0870;0.0166;4.80;11;5.2174
XAUUSDm;M5;1;14;8.50;0.40;1.50;2.50;4.00;0.5;1.0;4.0;100;0;14;0.80;0.45;1.00;2.00;10000;2877;11004.74;1722.14;1.18;3.8251;0.4893;21;16;0.7619;-938.55;474.04;0.0952;0.0166;4.79;9;3.6300
XAUUSDm;M5;1;14;8.50;0.40;1.50;2.50;4.00;0.5;1.0;4.0;100;0;6;0.80;0.45;1.00;2.00;10000;2844;12776.46;1632.82;1.21;4.4924;0.4925;21;19;0.9048;-903.82;483.31;0.0820;0.0166;4.88;9;6.3091
XAUUSDm;M5;1;14;8.50;0.40;1.50;2.50;4.00;0.5;1.0;4.0;100;0;8;0.80;0.45;1.00;2.00;10000;2887;12422.58;1756.23;1.20;4.3029;0.4937;21;16;0.7619;-813.73;553.90;0.0843;0.0164;4.85;11;4.0546
XAUUSDm;M5;1;14;9.00;0.40;1.50;2.50;4.00;0.5;1.0;4.0;100;0;10;0.80;0.45;1.00;2.00;10000;2662;14966.58;1171.86;1.27;5.6223;0.4964;21;18;0.8571;-837.69;818.90;0.0700;0.0173;5.32;9;9.3148
XAUUSDm;M5;1;14;9.00;0.40;1.50;2.50;4.00;0.5;1.0;4.0;100;0;12;0.80;0.45;1.00;2.00;10000;2660;13666.70;1254.36;1.25;5.1379;0.4931;21;19;0.9048;-850.11;743.74;0.0767;0.0175;5.26;9;8.7963
XAUUSDm;M5;1;14;9.00;0.40;1.50;2.50;4.00;0.5;1.0;4.0;100;0;14;0.80;0.45;1.00;2.00;10000;2674;11957.59;1217.60;1.21;4.4718;0.4908;21;18;0.8571;-894.58;640.86;0.0876;0.0177;5.23;9;7.0821
XAUUSDm;M5;1;14;9.00;0.40;1.50;2.50;4.00;0.5;1.0;4.0;100;0;6;0.80;0.45;1.00;2.00;10000;2643;12777.22;1139.82;1.23;4.8344;0.4914;21;20;0.9524;-816.80;524.92;0.0820;0.0178;5.31;9;9.9937
XAUUSDm;M5;1;14;9.00;0.40;1.50;2.50;4.00;0.5;1.0;4.0;100;0;8;0.80;0.45;1.00;2.00;10000;2683;12648.15;1181.32;1.23;4.7142;0.4932;21;18;0.8571;-774.58;633.40;0.0828;0.0177;5.28;9;7.7591
XAUUSDm;M5;1;14;9.50;0.40;1.50;2.50;4.00;0.5;1.0;4.0;100;0;10;0.80;0.45;1.00;2.00;10000;2491;12546.16;1166.99;1.24;5.0366;0.4872;21;19;0.9048;-334.35;373.99;0.0835;0.0184;5.34;10;8.5749
XAUUSDm;M5;1;14;9.50;0.40;1.50;2.50;4.00;0.5;1.0;4.0;100;0;12;0.80;0.45;1.00;2.00;10000;2483;11985.48;1274.15;1.23;4.8270;0.4841;21;18;0.8571;-273.66;508.83;0.0874;0.0185;5.35;10;6.6919
XAUUSDm;M5;1;14;9.50;0.40;1.50;2.50;4.00;0.5;1.0;4.0;100;0;14;0.80;0.45;1.00;2.00;10000;2502;11154.98;1240.63;1.21;4.4584;0.4852;21;17;0.8095;-457.29;433.27;0.0939;0.0184;5.32;10;5.7174
XAUUSDm;M5;1;14;9.50;0.40;1.50;2.50;4.00;0.5;1.0;4.0;100;0;6;0.80;0.45;1.00;2.00;10000;2450;11030.92;1200.69;1.21;4.5024;0.4878;21;18;0.8571;-355.73;495.48;0.0950;0.0190;5.38;10;6.5854
XAUUSDm;M5;1;14;9.50;0.40;1.50;2.50;4.00;0.5;1.0;4.0;100;0;8;0.80;0.45;1.00;2.00;10000;2493;11176.77;1414.34;1.21;4.4833;0.4863;21;18;0.8571;-307.82;509.28;0.0937;0.0187;5.35;10;5.6474
