XAUUSDm;M5;1;14;10.00;0.40;1.50;1.50;4.00;1.0;2.0;3.0;100;0;5;0.55;0.25;0.50;2.00;10000;1574;-1271.10;4480.92;0.98;-0.8076;0.3855;12;5;0.4167;-2028.60;-327.25;1.0000;0.0064;4.18;9;0.0000
XAUUSDm;M5;1;14;10.00;0.40;1.50;2.50;4.00;1.0;2.0;3.0;100;0;5;0.55;0.25;0.50;2.00;10000;1575;-882.61;4738.35;0.99;-0.5604;0.3866;12;4;0.3333;-2170.55;-402.34;1.0000;0.0075;4.24;9;0.0000
XAUUSDm;M5;1;14;10.00;0.40;1.50;3.50;4.00;1.0;2.0;3.0;100;0;5;0.55;0.25;0.50;2.00;10000;1572;-1008.66;5049.44;0.99;-0.6416;0.3855;12;4;0.3333;-2356.24;-450.61;1.0000;0.0076;4.26;9;0.0000
XAUUSDm;M5;1;14;10.00;0.40;1.50;4.50;4.00;1.0;2.0;3.0;100;0;5;0.55;0.25;0.50;2.00;10000;1528;-2020.15;6247.43;0.97;-1.3221;0.3844;12;6;0.5000;-2786.04;-185.45;1.0000;0.0075;4.57;9;0.0000
XAUUSDm;M5;1;14;10.00;0.40;1.50;5.50;4.00;1.0;2.0;3.0;100;0;5;0.55;0.25;0.50;2.00;10000;1466;-1276.84;5400.18;0.98;-0.8710;0.4082;12;5;0.4167;-2211.89;-386.20;1.0000;0.0077;5.48;11;0.0000
XAUUSDm;M5;1;14;10.00;0.40;1.50;6.50;4.00;1.0;2.0;3.0;100;0;5;0.55;0.25;0.50;2.00;10000;1415;-720.74;5637.95;0.99;-0.5094;0.4201;12;6;0.5000;-2441.26;180.84;1.0000;0.0086;6.23;9;0.0000
XAUUSDm;M5;1;14;10.00;0.40;1.50;7.50;4.00;1.0;2.0;3.0;100;0;5;0.55;0.25;0.50;2.00;10000;1345;-1358.26;5500.42;0.98;-1.0099;0.4253;12;6;0.5000;-2185.72;139.32;1.0000;0.0084;6.57;8;0.0000
XAUUSDm;M5;1;14;10.00;0.40;1.50;8.50;4.00;1.0;2.0;3.0;100;0;5;0.55;0.25;0.50;2.00;10000;1301;305.41;5906.04;1.01;0.2348;0.4361;12;7;0.5833;-2649.89;235.49;1.5616;0.0083;6.93;8;0.0015
XAUUSDm;M5;1;14;10.00;0.40;1.50;9.50;4.00;1.0;2.0;3.0;100;0;5;0.55;0.25;0.50;2.00;10000;1241;892.41;5961.95;1.02;0.7191;0.4437;12;7;0.5833;-2710.17;527.99;0.5346;0.0089;7.12;8;0.0127
XAUUSDm;M5;1;14;2.00;0.40;1.50;1.50;4.00;1.0;2.0;3.0;100;0;5;0.55;0.25;0.50;2.00;10000;9000;27679.65;75949.89;1.01;3.0755;0.3907;12;7;0.5833;-35058.46;6390.52;0.1802;0.0024;1.31;15;0.0807
XAUUSDm;M5;1;14;2.00;0.40;1.50;2.50;4.00;1.0;2.0;3.0;100;0;5;0.55;0.25;0.50;2.00;10000;8858;27042.77;57202.05;1.02;3.0529;0.3933;12;7;0.5833;-23787.78;3126.25;0.1450;0.0023;1.36;15;0.1265
XAUUSDm;M5;1;14;2.00;0.40;1.50;3.50;4.00;1.0;2.0;3.0;100;0;5;0.55;0.25;0.50;2.00;10000;8747;26837.90;60116.96;1.02;3.0682;0.3911;12;7;0.5833;-25343.24;5315.93;0.1474;0.0025;1.37;15;0.1188
XAUUSDm;M5;1;14;2.00;0.40;1.50;4.50;4.00;1.0;2.0;3.0;100;0;5;0.55;0.25;0.50;2.00;10000;8359;20535.16;55257.12;1.02;2.4567;0.3795;12;7;0.5833;-22745.95;3496.17;0.1795;0.0027;1.38;15;0.0802
XAUUSDm;M5;1;14;2.00;0.40;1.50;5.50;4.00;1.0;2.0;3.0;100;0;5;0.55;0.25;0.50;2.00;10000;7762;6364.72;26372.45;1.01;0.8200;0.3681;12;6;0.5000;-10454.69;755.17;0.3174;0.0032;1.41;15;0.0210
XAUUSDm;M5;1;14;2.00;0.40;1.50;6.50;4.00;1.0;2.0;3.0;100;0;5;0.55;0.25;0.50;2.00;10000;7338;4610.32;17386.60;1.01;0.6283;0.3634;12;6;0.5000;-7284.64;766.10;0.3272;0.0034;1.43;15;0.0221
XAUUSDm;M5;1;14;2.00;0.40;1.50;7.50;4.00;1.0;2.0;3.0;100;0;5;0.55;0.25;0.50;2.00;10000;7031;1599.32;12060.03;1.01;0.2275;0.3606;12;6;0.5000;-5193.50;122.50;0.6876;0.0036;1.44;15;0.0052
XAUUSDm;M5;1;14;2.00;0.40;1.50;8.50;4.00;1.0;2.0;3.0;100;0;5;0.55;0.25;0.50;2.00;10000;6846;1959.13;11682.19;1.01;0.2862;0.3599;12;6;0.5000;-5156.13;283.53;0.5299;0.0038;1.44;15;0.0085
XAUUSDm;M5;1;14;2.00;0.40;1.50;9.50;4.00;1.0;2.0;3.0;100;0;5;0.55;0.25;0.50;2.00;10000;6685;1773.73;10072.91;1.01;0.2653;0.3594;12;6;0.5000;-4197.65;384.73;0.5193;0.0039;1.45;15;0.0091
XAUUSDm;M5;1;14;3.00;0.40;1.50;1.50;4.00;1.0;2.0;3.0;100;0;5;0.55;0.25;0.50;2.00;10000;5936;-4693.76;43843.24;0.99;-0.7907;0.4065;12;7;0.5833;-18959.70;1157.46;1.0000;0.0034;1.91;14;0.0000
XAUUSDm;M5;1;14;3.00;0.40;1.50;2.50;4.00;1.0;2.0;3.0;100;0;5;0.55;0.25;0.50;2.00;10000;5930;-3593.11;47318.96;0.99;-0.6059;0.4130;12;7;0.5833;-18431.47;1033.04;1.0000;0.0035;1.98;14;0.0000
XAUUSDm;M5;1;14;3.00;0.40;1.50;3.50;4.00;1.0;2.0;3.0;100;0;5;0.55;0.25;0.50;2.00;10000;5908;-3436.28;42676.17;0.99;-0.5816;0.4130;12;7;0.5833;-14888.71;828.66;1.0000;0.0033;1.99;14;0.0000
XAUUSDm;M5;1;14;3.00;0.40;1.50;4.50;4.00;1.0;2.0;3.0;100;0;5;0.55;0.25;0.50;2.00;10000;5693;-2963.58;26447.64;0.99;-0.5206;0.4048;12;8;0.6667;-9258.76;1650.65;1.0000;0.0030;2.12;14;0.0000
XAUUSDm;M5;1;14;3.00;0.40;1.50;5.50;4.00;1.0;2.0;3.0;100;0;5;0.55;0.25;0.50;2.00;10000;5268;-4119.85;17873.60;0.99;-0.7821;0.3830;12;6;0.5000;-6385.80;214.97;1.0000;0.0036;2.23;14;0.0000
XAUUSDm;M5;1;14;3.00;0.40;1.50;6.50;4.00;1.0;2.0;3.0;100;0;5;0.55;0.25;0.50;2.00;10000;4946;-4885.80;13218.02;0.98;-0.9878;0.3716;12;6;0.5000;-4633.17;-102.32;1.0000;0.0041;2.28;14;0.0000
XAUUSDm;M5;1;14;3.00;0.40;1.50;7.50;4.00;1.0;2.0;3.0;100;0;5;0.55;0.25;0.50;2.00;10000;4723;-4805.84;11680.35;0.97;-1.0175;0.3664;12;5;0.4167;-4120.99;-215.05;1.0000;0.0044;2.30;14;0.0000
XAUUSDm;M5;1;14;3.00;0.40;1.50;8.50;4.00;1.0;2.0;3.0;100;0;5;0.55;0.25;0.50;2.00;10000;4551;-4377.30;12122.89;0.97;-0.9618;0.3632;12;7;0.5833;-4665.44;215.83;1.0000;0.0051;2.31;14;0.0000
XAUUSDm;M5;1;14;3.00;0.40;1.50;9.50;4.00;1.0;2.0;3.0;100;0;5;0.55;0.25;0.50;2.00;10000;4420;-3958.92;9998.31;0.97;-0.8957;0.3603;12;6;0.5000;-3800.61;-25.88;1.0000;0.0054;2.32;14;0.0000
XAUUSDm;M5;1;14;4.00;0.40;1.50;1.50;4.00;1.0;2.0;3.0;100;0;5;0.55;0.25;0.50;2.00;10000;4296;-5607.12;29489.55;0.99;-1.3052;0.4012;12;5;0.4167;-10623.85;-749.15;1.0000;0.0039;2.48;11;0.0000
XAUUSDm;M5;1;14;4.00;0.40;1.50;2.50;4.00;1.0;2.0;3.0;100;0;5;0.55;0.25;0.50;2.00;10000;4304;-4353.30;26892.38;0.99;-1.0115;0.4037;12;5;0.4167;-9873.77;-377.56;1.0000;0.0037;2.55;11;0.0000
XAUUSDm;M5;1;14;4.00;0.40;1.50;3.50;4.00;1.0;2.0;3.0;100;0;5;0.55;0.25;0.50;2.00;10000;4296;-4576.10;22976.18;0.99;-1.0652;0.4052;12;6;0.5000;-8007.49;-252.91;1.0000;0.0036;2.56;11;0.0000
XAUUSDm;M5;1;14;4.00;0.40;1.50;4.50;4.00;1.0;2.0;3.0;100;0;5;0.55;0.25;0.50;2.00;10000;4178;-2364.96;17565.70;0.99;-0.5661;0.4109;12;7;0.5833;-5212.11;1226.58;1.0000;0.0032;2.77;11;0.0000
XAUUSDm;M5;1;14;4.00;0.40;1.50;5.50;4.00;1.0;2.0;3.0;100;0;5;0.55;0.25;0.50;2.00;10000;3907;-4587.31;15365.09;0.98;-1.1741;0.3963;12;7;0.5833;-6222.76;592.90;1.0000;0.0042;3.02;10;0.0000
XAUUSDm;M5;1;14;4.00;0.40;1.50;6.50;4.00;1.0;2.0;3.0;100;0;5;0.55;0.25;0.50;2.00;10000;3703;-3442.89;13448.42;0.98;-0.9298;0.3795;12;6;0.5000;-5202.76;139.13;1.0000;0.0047;3.12;16;0.0000
XAUUSDm;M5;1;14;4.00;0.40;1.50;7.50;4.00;1.0;2.0;3.0;100;0;5;0.55;0.25;0.50;2.00;10000;3520;-4484.00;11060.15;0.97;-1.2739;0.3674;12;6;0.5000;-3588.90;-205.15;1.0000;0.0051;3.17;16;0.0000
XAUUSDm;M5;1;14;4.00;0.40;1.50;8.50;4.00;1.0;2.0;3.0;100;0;5;0.55;0.25;0.50;2.00;10000;3371;-4375.30;9700.04;0.97;-1.2979;0.3601;12;6;0.5000;-3184.80;-85.30;1.0000;0.0054;3.20;16;0.0000
XAUUSDm;M5;1;14;4.00;0.40;1.50;9.50;4.00;1.0;2.0;3.0;100;0;5;0.55;0.25;0.50;2.00;10000;3265;-3518.04;7639.19;0.97;-1.0775;0.3556;12;6;0.5000;-2830.20;-48.07;1.0000;0.0058;3.22;16;0.0000
XAUUSDm;M5;1;14;5.00;0.40;1.50;1.50;4.00;1.0;2.0;3.0;100;0;5;0.55;0.25;0.50;2.00;10000;3274;-5854.28;10966.21;0.97;-1.7881;0.3814;12;5;0.4167;-6015.85;-658.46;1.0000;0.0046;2.89;11;0.0000
XAUUSDm;M5;1;14;5.00;0.40;1.50;2.50;4.00;1.0;2.0;3.0;100;0;5;0.55;0.25;0.50;2.00;10000;3278;-5220.56;8974.61;0.97;-1.5926;0.3845;12;4;0.3333;-5380.49;-654.64;1.0000;0.0047;2.95;11;0.0000
XAUUSDm;M5;1;14;5.00;0.40;1.50;3.50;4.00;1.0;2.0;3.0;100;0;5;0.55;0.25;0.50;2.00;10000;3276;-5135.97;8536.19;0.97;-1.5678;0.3855;12;4;0.3333;-4893.54;-712.46;1.0000;0.0047;2.96;11;0.0000
XAUUSDm;M5;1;14;5.00;0.40;1.50;4.50;4.00;1.0;2.0;3.0;100;0;5;0.55;0.25;0.50;2.00;10000;3200;-3684.60;8805.52;0.98;-1.1514;0.3946;12;5;0.4167;-4220.22;-165.45;1.0000;0.0042;3.22;11;0.0000
XAUUSDm;M5;1;14;5.00;0.40;1.50;5.50;4.00;1.0;2.0;3.0;100;0;5;0.55;0.25;0.50;2.00;10000;3028;-4974.40;7635.35;0.96;-1.6428;0.3975;12;3;0.2500;-2904.46;-467.30;1.0000;0.0048;3.70;14;0.0000
XAUUSDm;M5;1;14;5.00;0.40;1.50;6.50;4.00;1.0;2.0;3.0;100;0;5;0.55;0.25;0.50;2.00;10000;2912;-3179.17;6812.10;0.97;-1.0917;0.4015;12;4;0.3333;-2596.73;-215.67;1.0000;0.0060;3.98;14;0.0000
XAUUSDm;M5;1;14;5.00;0.40;1.50;7.50;4.00;1.0;2.0;3.0;100;0;5;0.55;0.25;0.50;2.00;10000;2759;-3694.13;5861.91;0.96;-1.3389;0.3948;12;3;0.2500;-2128.85;-497.18;1.0000;0.0049;4.08;14;0.0000
XAUUSDm;M5;1;14;5.00;0.40;1.50;8.50;4.00;1.0;2.0;3.0;100;0;5;0.55;0.25;0.50;2.00;10000;2622;-3705.68;5795.03;0.96;-1.4133;0.3843;12;3;0.2500;-2040.98;-417.42;1.0000;0.0051;4.13;14;0.0000
XAUUSDm;M5;1;14;5.00;0.40;1.50;9.50;4.00;1.0;2.0;3.0;100;0;5;0.55;0.25;0.50;2.00;10000;2539;-2788.58;4995.48;0.97;-1.0983;0.3808;12;3;0.2500;-1952.87;-373.07;1.0000;0.0057;4.16;14;0.0000
XAUUSDm;M5;1;14;6.00;0.40;1.50;1.50;4.00;1.0;2.0;3.0;100;0;5;0.55;0.25;0.50;2.00;10000;2644;-4521.77;6908.83;0.96;-1.7102;0.3878;12;7;0.5833;-4277.11;301.98;1.0000;0.0051;3.39;15;0.0000
XAUUSDm;M5;1;14;6.00;0.40;1.50;2.50;4.00;1.0;2.0;3.0;100;0;5;0.55;0.25;0.50;2.00;10000;2642;-4781.88;6753.23;0.96;-1.8099;0.3891;12;7;0.5833;-4266.71;344.39;1.0000;0.0051;3.45;15;0.0000
XAUUSDm;M5;1;14;6.00;0.40;1.50;3.50;4.00;1.0;2.0;3.0;100;0;5;0.55;0.25;0.50;2.00;10000;2642;-4021.20;6456.27;0.96;-1.5220;0.3897;12;7;0.5833;-4282.13;384.76;1.0000;0.0049;3.46;15;0.0000
XAUUSDm;M5;1;14;6.00;0.40;1.50;4.50;4.00;1.0;2.0;3.0;100;0;5;0.55;0.25;0.50;2.00;10000;2577;-3267.78;7673.04;0.97;-1.2681;0.3919;12;8;0.6667;-5021.91;412.18;1.0000;0.0049;3.73;15;0.0000
XAUUSDm;M5;1;14;6.00;0.40;1.50;5.50;4.00;1.0;2.0;3.0;100;0;5;0.55;0.25;0.50;2.00;10000;2467;-2380.30;7601.16;0.98;-0.9649;0.4093;12;7;0.5833;-3679.57;338.92;1.0000;0.0056;4.30;15;0.0000
XAUUSDm;M5;1;14;6.00;0.40;1.50;6.50;4.00;1.0;2.0;3.0;100;0;5;0.55;0.25;0.50;2.00;10000;2385;1203.63;7998.29;1.01;0.5047;0.4146;12;7;0.5833;-3462.46;427.28;0.5311;0.0047;4.65;15;0.0120
XAUUSDm;M5;1;14;6.00;0.40;1.50;7.50;4.00;1.0;2.0;3.0;100;0;5;0.55;0.25;0.50;2.00;10000;2266;-298.96;6310.63;1.00;-0.1319;0.4139;12;6;0.5000;-2582.95;113.26;1.0000;0.0051;4.85;14;0.0000
XAUUSDm;M5;1;14;6.00;0.40;1.50;8.50;4.00;1.0;2.0;3.0;100;0;5;0.55;0.25;0.50;2.00;10000;2167;-895.79;6348.19;0.99;-0.4134;0.4037;12;6;0.5000;-2501.80;-170.36;1.0000;0.0057;4.93;20;0.0000
XAUUSDm;M5;1;14;6.00;0.40;1.50;9.50;4.00;1.0;2.0;3.0;100;0;5;0.55;0.25;0.50;2.00;10000;2087;-1103.17;5589.09;0.99;-0.5286;0.3973;12;5;0.4167;-2337.81;-238.10;1.0000;0.0063;4.98;20;0.0000
XAUUSDm;M5;1;14;7.00;0.40;1.50;1.50;4.00;1.0;2.0;3.0;100;0;5;0.55;0.25;0.50;2.00;10000;2255;17688.49;8726.04;1.10;7.8441;0.4078;12;8;0.6667;-4236.43;1503.44;0.0800;0.0076;3.88;10;0.7348
XAUUSDm;M5;1;14;7.00;0.40;1.50;2.50;4.00;1.0;2.0;3.0;100;0;5;0.55;0.25;0.50;2.00;10000;2248;14584.87;7883.04;1.09;6.4879;0.4078;12;8;0.6667;-3878.85;1306.14;0.0860;0.0073;3.97;10;0.6706
XAUUSDm;M5;1;14;7.00;0.40;1.50;3.50;4.00;1.0;2.0;3.0;100;0;5;0.55;0.25;0.50;2.00;10000;2245;14700.18;7880.25;1.09;6.5480;0.4093;12;8;0.6667;-3198.11;1104.36;0.0866;0.0075;3.98;10;0.6787
XAUUSDm;M5;1;14;7.00;0.40;1.50;4.50;4.00;1.0;2.0;3.0;100;0;5;0.55;0.25;0.50;2.00;10000;2177;9315.85;7264.92;1.06;4.2792;0.4055;12;6;0.5000;-3539.56;337.60;0.1189;0.0070;4.26;10;0.2600
XAUUSDm;M5;1;14;7.00;0.40;1.50;5.50;4.00;1.0;2.0;3.0;100;0;5;0.55;0.25;0.50;2.00;10000;2081;3601.65;6907.42;1.03;1.7307;0.4165;12;6;0.5000;-2950.23;-81.68;0.2432;0.0068;4.80;10;0.0670
XAUUSDm;M5;1;14;7.00;0.40;1.50;6.50;4.00;1.0;2.0;3.0;100;0;5;0.55;0.25;0.50;2.00;10000;1996;1257.06;5596.34;1.01;0.6298;0.4211;12;5;0.4167;-2264.14;-196.00;0.5288;0.0064;5.23;9;0.0093
XAUUSDm;M5;1;14;7.00;0.40;1.50;7.50;4.00;1.0;2.0;3.0;100;0;5;0.55;0.25;0.50;2.00;10000;1907;751.25;5646.06;1.01;0.3939;0.4225;12;5;0.4167;-2312.46;-423.38;0.8745;0.0069;5.47;10;0.0033
XAUUSDm;M5;1;14;7.00;0.40;1.50;8.50;4.00;1.0;2.0;3.0;100;0;5;0.55;0.25;0.50;2.00;10000;1821;498.09;5234.32;1.01;0.2735;0.4186;12;6;0.5000;-2102.74;-69.21;1.1190;0.0066;5.66;10;0.0027
XAUUSDm;M5;1;14;7.00;0.40;1.50;9.50;4.00;1.0;2.0;3.0;100;0;5;0.55;0.25;0.50;2.00;10000;1742;304.62;4635.06;1.00;0.1749;0.4125;12;6;0.5000;-1940.37;2.58;1.7002;0.0071;5.78;10;0.0012
XAUUSDm;M5;1;14;8.00;0.40;1.50;1.50;4.00;1.0;2.0;3.0;100;0;5;0.55;0.25;0.50;2.00;10000;1969;5760.63;5614.58;1.05;2.9257;0.4019;12;7;0.5833;-2492.47;202.26;0.1344;0.0067;3.90;17;0.2806
XAUUSDm;M5;1;14;8.00;0.40;1.50;2.50;4.00;1.0;2.0;3.0;100;0;5;0.55;0.25;0.50;2.00;10000;1970;7086.22;5193.02;1.06;3.5971;0.4045;12;7;0.5833;-2142.61;350.14;0.1267;0.0079;3.96;17;0.3757
XAUUSDm;M5;1;14;8.00;0.40;1.50;3.50;4.00;1.0;2.0;3.0;100;0;5;0.55;0.25;0.50;2.00;10000;1967;7019.45;5109.42;1.06;3.5686;0.4037;12;6;0.5000;-1651.30;292.65;0.1265;0.0080;3.98;17;0.2773
XAUUSDm;M5;1;14;8.00;0.40;1.50;4.50;4.00;1.0;2.0;3.0;100;0;5;0.55;0.25;0.50;2.00;10000;1909;9041.41;5830.82;1.07;4.7362;0.4127;12;6;0.5000;-1787.13;-105.75;0.1177;0.0082;4.32;17;0.3200
XAUUSDm;M5;1;14;8.00;0.40;1.50;5.50;4.00;1.0;2.0;3.0;100;0;5;0.55;0.25;0.50;2.00;10000;1827;6041.32;5700.29;1.05;3.3067;0.4250;12;6;0.5000;-2166.78;-36.70;0.1582;0.0080;5.07;14;0.2136
XAUUSDm;M5;1;14;8.00;0.40;1.50;6.50;4.00;1.0;2.0;3.0;100;0;5;0.55;0.25;0.50;2.00;10000;1748;2857.91;6251.03;1.03;1.6350;0.4319;12;6;0.5000;-2443.83;-5.41;0.2533;0.0078;5.56;14;0.0585
XAUUSDm;M5;1;14;8.00;0.40;1.50;7.50;4.00;1.0;2.0;3.0;100;0;5;0.55;0.25;0.50;2.00;10000;1670;3176.73;4842.60;1.04;1.9022;0.4402;12;6;0.5000;-1785.79;-234.92;0.2068;0.0082;5.88;13;0.1047
XAUUSDm;M5;1;14;8.00;0.40;1.50;8.50;4.00;1.0;2.0;3.0;100;0;5;0.55;0.25;0.50;2.00;10000;1611;3291.91;4669.20;1.04;2.0434;0.4393;12;7;0.5833;-2170.19;188.56;0.1904;0.0079;6.06;13;0.1661
XAUUSDm;M5;1;14;8.00;0.40;1.50;9.50;4.00;1.0;2.0;3.0;100;0;5;0.55;0.25;0.50;2.00;10000;1528;1265.20;4664.08;1.02;0.8280;0.4314;12;6;0.5000;-1973.30;-50.59;0.4093;0.0083;6.23;13;0.0214
XAUUSDm;M5;1;14;9.00;0.40;1.50;1.50;4.00;1.0;2.0;3.0;100;0;5;0.55;0.25;0.50;2.00;10000;1758;-2236.87;4279.41;0.98;-1.2724;0.3850;12;6;0.5000;-2698.78;50.67;1.0000;0.0061;3.86;12;0.0000
XAUUSDm;M5;1;14;9.00;0.40;1.50;2.50;4.00;1.0;2.0;3.0;100;0;5;0.55;0.25;0.50;2.00;10000;1759;-2375.47;4665.77;0.97;-1.3505;0.3859;12;6;0.5000;-2229.53;43.96;1.0000;0.0063;3.93;12;0.0000
XAUUSDm;M5;1;14;9.00;0.40;1.50;3.50;4.00;1.0;2.0;3.0;100;0;5;0.55;0.25;0.50;2.00;10000;1759;-1998.93;4882.31;0.98;-1.1364;0.3859;12;7;0.5833;-1929.65;78.39;1.0000;0.0066;3.96;12;0.0000
XAUUSDm;M5;1;14;9.00;0.40;1.50;4.50;4.00;1.0;2.0;3.0;100;0;5;0.55;0.25;0.50;2.00;10000;1721;972.72;6005.21;1.01;0.5652;0.4004;12;7;0.5833;-3129.90;761.39;0.7813;0.0078;4.31;12;0.0085
XAUUSDm;M5;1;14;9.00;0.40;1.50;5.50;4.00;1.0;2.0;3.0;100;0;5;0.55;0.25;0.50;2.00;10000;1656;3084.77;6634.67;1.03;1.8628;0.4196;12;8;0.6667;-4291.44;552.64;0.3098;0.0085;5.20;12;0.0840
XAUUSDm;M5;1;14;9.00;0.40;1.50;6.50;4.00;1.0;2.0;3.0;100;0;5;0.55;0.25;0.50;2.00;10000;1585;-219.74;5516.76;1.00;-0.1386;0.4287;12;6;0.5000;-2535.75;-134.17;1.0000;0.0077;5.86;12;0.0000
XAUUSDm;M5;1;14;9.00;0.40;1.50;7.50;4.00;1.0;2.0;3.0;100;0;5;0.55;0.25;0.50;2.00;10000;1505;-2040.56;5741.66;0.97;-1.3559;0.4282;12;6;0.5000;-1995.99;139.42;1.0000;0.0079;6.27;11;0.0000
XAUUSDm;M5;1;14;9.00;0.40;1.50;8.50;4.00;1.0;2.0;3.0;100;0;5;0.55;0.25;0.50;2.00;10000;1438;-1844.09;6436.75;0.97;-1.2824;0.4311;12;6;0.5000;-2428.78;-42.57;1.0000;0.0077;6.49;11;0.0000
XAUUSDm;M5;1;14;9.00;0.40;1.50;9.50;4.00;1.0;2.0;3.0;100;0;5;0.55;0.25;0.50;2.00;10000;1385;-1053.97;5885.10;0.98;-0.7610;0.4330;12;6;0.5000;-2285.39;132.15;1.0000;0.0082;6.66;11;0.0000
