2026-01;2907.71;12
2025-01;325.11;18
2025-02;495.37;15
2025-03;-523.41;19
2025-04;-38.96;24
2025-05;809.13;26
2025-06;-376.61;28
2025-07;399.31;26
2025-08;-1.79;29
2025-09;243.77;20
2025-10;63.70;21
2025-11;25.04;14
2025-12;-684.99;24
2026-01;610.44;15
2026-02;160.24;12
2026-03;372.69;16
2026-04;-345.34;27
2026-05;1032.31;15
2026-06;58.72;19
2026-07;979.02;17
2026-08;680.85;23
2026-09;337.26;8
2026-01;-294.84;52
2025-01;-1750.14;49
2025-02;-4748.34;26
2025-03;-1015.76;9
2025-04;8618.73;33
2025-05;18927.41;54
2025-06;7621.59;65
2025-07;7129.44;61
2025-08;-12338.28;63
2025-09;5616.47;73
2025-10;5201.15;62
2025-11;11741.45;52
2025-12;-4114.03;59
2026-01;13669.43;55
2026-02;-567.24;53
2026-03;7616.52;63
2026-04;13219.60;61
2026-05;-4327.02;46
2026-06;9298.15;60
2026-07;9730.30;68
2026-08;1498.72;69
2026-09;1596.04;21
