XAUUSDm;M15;0;1.00;0;0.5;1.0;1.5;0;1043;-1286.02;2728.44;0.94;-1.2330;0.0000
XAUUSDm;M15;0;1.00;0;0.5;1.0;1.5;1;988;-1148.32;2076.23;0.93;-1.1623;0.0000
XAUUSDm;M15;0;1.00;0;0.5;1.0;2.0;1;988;220.75;1417.49;1.01;0.2234;0.1557
XAUUSDm;M15;0;1.00;0;0.5;1.0;2.5;0;1043;159.77;1701.45;1.01;0.1532;0.0939
XAUUSDm;M15;0;1.00;0;0.5;1.0;3.0;1;988;662.59;1315.25;1.04;0.6706;0.5038
XAUUSDm;M15;0;1.00;0;0.5;1.0;3.5;1;988;915.91;1392.04;1.06;0.9270;0.6580
XAUUSDm;M15;0;1.00;0;0.5;1.0;4.0;0;1043;2059.41;1776.98;1.09;1.9745;1.1589
XAUUSDm;M15;0;1.00;0;0.5;1.0;4.5;0;1043;2792.65;1717.90;1.13;2.6775;1.6256
XAUUSDm;M15;0;1.00;0;0.5;1.0;5.0;0;1043;3145.79;1669.65;1.14;3.0161;1.8841
XAUUSDm;M15;0;1.00;0;0.5;1.0;5.0;1;988;1953.54;1335.35;1.13;1.9773;1.4629
XAUUSDm;M15;0;1.00;0;0.5;1.5;3.0;0;997;868.60;1639.39;1.04;0.8712;0.5298
XAUUSDm;M15;0;1.00;0;0.5;1.5;3.0;1;947;831.84;1323.91;1.05;0.8784;0.6283
XAUUSDm;M15;0;1.00;0;0.5;2.0;3.0;1;939;1315.20;1219.57;1.08;1.4006;1.0784
XAUUSDm;M15;0;1.00;0;0.5;2.5;3.5;0;958;2083.78;1882.03;1.09;2.1751;1.1072
XAUUSDm;M15;0;1.00;0;0.5;2.5;4.0;0;958;2658.62;1914.84;1.12;2.7752;1.3884
XAUUSDm;M15;0;1.00;0;0.5;2.5;5.0;1;921;2493.07;1358.89;1.16;2.7069;1.8346
XAUUSDm;M15;0;1.00;0;0.5;3.0;4.5;0;942;3355.84;1936.73;1.15;3.5625;1.7327
XAUUSDm;M15;0;1.00;0;0.5;3.0;4.5;1;913;2089.37;1430.32;1.13;2.2885;1.4608
XAUUSDm;M15;0;1.00;0;1.0;2.5;3.5;1;868;1555.94;2195.53;1.07;1.7926;0.7087
XAUUSDm;M15;0;1.00;0;1.0;2.5;4.0;0;884;2697.96;2060.93;1.11;3.0520;1.3091
XAUUSDm;M15;0;1.00;0;1.0;3.0;4.5;1;855;2498.63;2129.17;1.12;2.9224;1.1735
XAUUSDm;M15;0;1.00;0;1.5;2.0;3.5;1;857;2130.69;1825.41;1.09;2.4862;1.1672
XAUUSDm;M15;0;1.00;0;1.5;2.0;5.0;1;857;3407.21;1826.49;1.14;3.9757;1.8654
XAUUSDm;M15;0;1.00;0;1.5;2.5;3.5;0;838;2176.44;2097.25;1.09;2.5972;1.0378
XAUUSDm;M15;0;1.00;1;1.0;1.5;5.0;0;625;6609.72;2687.67;1.26;10.5756;2.4593
XAUUSDm;M15;0;1.00;1;1.5;2.0;4.0;0;625;4516.04;2607.30;1.18;7.2257;1.7321
XAUUSDm;M15;0;1.00;1;1.5;2.5;3.5;1;625;3127.40;2266.86;1.13;5.0038;1.3796
XAUUSDm;M15;0;1.00;1;1.5;3.0;3.0;0;625;1931.19;2474.02;1.08;3.0899;0.7806
XAUUSDm;M15;0;1.00;1;2.0;2.0;4.0;0;625;4516.04;2607.30;1.18;7.2257;1.7321
XAUUSDm;M15;0;1.00;2;0.5;2.0;4.5;1;625;1344.07;2754.69;1.09;2.1505;0.4879
XAUUSDm;M15;0;1.00;2;0.5;3.0;2.5;1;625;1344.07;2754.69;1.09;2.1505;0.4879
XAUUSDm;M15;0;1.00;2;1.0;1.5;4.0;0;625;4604.99;3700.46;1.18;7.3680;1.2444
XAUUSDm;M15;0;1.00;2;1.0;1.5;5.0;1;625;2917.58;3611.55;1.14;4.6681;0.8078
XAUUSDm;M15;0;1.00;2;1.0;2.0;2.5;0;625;4604.99;3700.46;1.18;7.3680;1.2444
XAUUSDm;M15;0;1.00;2;2.0;1.0;5.0;0;625;4604.99;3700.46;1.18;7.3680;1.2444
XAUUSDm;M15;0;1.00;2;2.0;3.0;2.0;1;625;4351.10;3453.43;1.18;6.9618;1.2599
XAUUSDm;M15;0;1.25;0;0.5;2.5;5.0;0;958;3731.75;1907.32;1.16;3.8954;1.9565
XAUUSDm;M15;0;1.25;0;1.0;2.0;3.5;1;893;1766.46;1941.57;1.08;1.9781;0.9098
XAUUSDm;M15;0;1.25;0;1.0;3.0;4.5;1;855;2498.63;2129.17;1.12;2.9224;1.1735
XAUUSDm;M15;0;1.25;1;0.5;2.0;2.0;0;625;2311.22;1721.80;1.10;3.6980;1.3423
XAUUSDm;M15;0;1.25;1;2.0;2.0;3.5;1;625;3928.48;2474.26;1.16;6.2856;1.5877
XAUUSDm;M15;0;1.25;2;0.5;1.0;1.5;0;625;4604.99;3700.46;1.18;7.3680;1.2444
XAUUSDm;M15;0;1.25;2;1.5;2.0;5.0;0;625;4604.99;3700.46;1.18;7.3680;1.2444
XAUUSDm;M15;0;1.50;1;1.0;1.0;4.5;1;625;3978.23;2486.68;1.19;6.3652;1.5998
XAUUSDm;M15;0;1.50;1;1.5;3.0;4.5;1;625;5192.62;2067.73;1.22;8.3082;2.5113
XAUUSDm;M15;0;1.50;2;1.5;1.5;4.0;1;625;3911.28;3415.11;1.16;6.2580;1.1453
XAUUSDm;M15;0;1.50;2;1.5;3.0;2.5;0;625;4604.99;3700.46;1.18;7.3680;1.2444
XAUUSDm;M15;0;1.50;2;2.0;1.0;3.0;1;625;4351.10;3453.43;1.18;6.9618;1.2599
XAUUSDm;M15;0;1.75;0;0.5;2.0;3.5;0;983;2271.76;1797.32;1.10;2.3110;1.2640
XAUUSDm;M15;0;1.75;1;0.5;1.5;1.5;1;625;-1015.66;2065.28;0.93;-1.6251;0.0000
XAUUSDm;M15;0;1.75;1;2.0;2.0;3.0;1;625;2676.85;2398.66;1.11;4.2830;1.1160
XAUUSDm;M15;0;1.75;2;0.5;1.0;1.5;0;625;4604.99;3700.46;1.18;7.3680;1.2444
XAUUSDm;M15;0;1.75;2;1.0;1.5;1.5;1;625;2917.58;3611.55;1.14;4.6681;0.8078
XAUUSDm;M15;0;2.00;0;1.5;2.0;4.0;0;863;2938.85;2045.76;1.12;3.4054;1.4366
XAUUSDm;M15;0;2.00;1;2.0;2.0;2.5;1;625;1581.12;2152.70;1.06;2.5298;0.7345
XAUUSDm;M15;0;2.00;1;2.0;2.0;3.5;0;625;3317.27;2558.96;1.13;5.3076;1.2963
XAUUSDm;M15;0;2.00;2;0.5;1.5;1.5;1;625;1344.07;2754.69;1.09;2.1505;0.4879
XAUUSDm;M15;0;2.00;2;1.0;1.0;2.0;0;625;4604.99;3700.46;1.18;7.3680;1.2444
XAUUSDm;M15;0;2.00;2;1.5;2.5;2.0;0;625;4604.99;3700.46;1.18;7.3680;1.2444
XAUUSDm;M15;0;2.00;2;2.0;2.5;2.0;0;625;4604.99;3700.46;1.18;7.3680;1.2444
XAUUSDm;M15;0;2.00;2;2.0;2.5;4.5;0;625;4604.99;3700.46;1.18;7.3680;1.2444
XAUUSDm;M15;0;2.25;0;0.5;3.0;3.5;1;913;1664.93;1403.04;1.11;1.8236;1.1867
XAUUSDm;M15;0;2.25;1;0.5;3.0;4.0;0;625;4516.04;2607.30;1.18;7.2257;1.7321
XAUUSDm;M15;0;2.25;1;1.0;2.0;1.5;1;625;-1136.37;3056.52;0.95;-1.8182;0.0000
XAUUSDm;M15;0;2.25;1;1.0;2.0;2.0;1;625;1933.49;1731.08;1.09;3.0936;1.1169
XAUUSDm;M15;0;2.25;1;1.5;1.5;4.5;1;625;5192.62;2067.73;1.22;8.3082;2.5113
XAUUSDm;M15;0;2.25;1;2.0;2.0;5.0;1;625;6672.34;2539.90;1.27;10.6757;2.6270
XAUUSDm;M15;0;2.25;2;1.5;1.5;4.5;0;625;4604.99;3700.46;1.18;7.3680;1.2444
XAUUSDm;M15;0;2.50;0;0.5;2.0;3.5;1;939;1629.65;1345.25;1.11;1.7355;1.2114
XAUUSDm;M15;0;2.50;0;0.5;2.5;3.0;1;921;1140.99;1337.47;1.07;1.2389;0.8531
XAUUSDm;M15;0;2.50;1;0.5;2.5;5.0;1;625;4052.68;1638.72;1.26;6.4843;2.4731
XAUUSDm;M15;0;2.50;1;0.5;3.0;4.5;1;625;2949.10;1738.55;1.19;4.7186;1.6963
XAUUSDm;M15;0;2.50;1;1.0;1.0;4.0;0;625;4516.04;2607.30;1.18;7.2257;1.7321
XAUUSDm;M15;0;2.50;1;1.0;1.5;2.5;0;625;1396.06;1903.16;1.06;2.2337;0.7335
XAUUSDm;M15;0;2.50;1;1.0;2.5;2.5;1;625;946.37;2440.11;1.04;1.5142;0.3878
XAUUSDm;M15;0;2.50;1;1.0;3.0;5.0;1;625;5215.10;2163.46;1.24;8.3442;2.4105
XAUUSDm;M15;0;2.50;1;2.0;2.0;3.0;0;625;1931.19;2474.02;1.08;3.0899;0.7806
XAUUSDm;M15;0;2.50;2;2.0;1.0;2.5;0;625;4604.99;3700.46;1.18;7.3680;1.2444
XAUUSDm;M15;0;2.50;2;2.0;1.5;3.0;1;625;4351.10;3453.43;1.18;6.9618;1.2599
XAUUSDm;M15;0;2.75;0;0.5;1.0;4.0;0;1043;2059.41;1776.98;1.09;1.9745;1.1589
XAUUSDm;M15;0;2.75;0;1.5;2.0;2.5;0;862;1085.10;1738.43;1.04;1.2588;0.6242
XAUUSDm;M15;0;2.75;1;1.0;3.0;3.5;0;625;3317.27;2558.96;1.13;5.3076;1.2963
XAUUSDm;M15;0;2.75;1;1.5;3.0;3.5;1;625;3127.40;2266.86;1.13;5.0038;1.3796
XAUUSDm;M15;0;2.75;1;2.0;1.0;3.0;0;625;1931.19;2474.02;1.08;3.0899;0.7806
XAUUSDm;M15;0;2.75;1;2.0;2.0;2.5;0;625;1396.06;1903.16;1.06;2.2337;0.7335
XAUUSDm;M15;0;2.75;1;2.0;3.0;3.5;1;625;3928.48;2474.26;1.16;6.2856;1.5877
XAUUSDm;M15;0;2.75;2;2.0;2.5;2.5;0;625;4604.99;3700.46;1.18;7.3680;1.2444
XAUUSDm;M15;0;3.00;0;0.5;2.0;2.5;1;939;608.55;1419.34;1.04;0.6481;0.4288
XAUUSDm;M15;0;3.00;0;1.0;2.0;4.0;0;909;2885.54;1976.62;1.12;3.1744;1.4598
XAUUSDm;M15;0;3.00;1;1.0;1.5;5.0;0;625;6609.72;2687.67;1.26;10.5756;2.4593
XAUUSDm;M15;0;3.00;1;1.0;2.0;3.5;1;625;2520.23;2581.04;1.12;4.0324;0.9764
XAUUSDm;M15;0;3.00;1;1.0;2.5;4.0;0;625;4516.04;2607.30;1.18;7.2257;1.7321
XAUUSDm;M15;0;3.00;1;1.0;3.0;2.0;0;625;2311.22;1721.80;1.10;3.6980;1.3423
XAUUSDm;M15;0;3.00;1;2.0;2.5;4.0;1;625;4699.48;2554.10;1.19;7.5192;1.8400
XAUUSDm;M15;0;3.00;2;2.0;2.0;2.0;1;625;4351.10;3453.43;1.18;6.9618;1.2599
XAUUSDm;M15;1;1.00;0;0.5;1.5;5.0;1;1169;-3290.28;4313.81;0.84;-2.8146;0.0000
XAUUSDm;M15;1;1.00;0;2.0;2.5;3.0;1;968;-4942.48;7431.02;0.88;-5.1059;0.0000
XAUUSDm;M15;1;1.00;1;0.5;1.5;1.5;0;637;-3598.98;6232.95;0.90;-5.6499;0.0000
XAUUSDm;M15;1;1.00;1;0.5;1.5;5.0;1;637;-6527.77;7360.53;0.69;-10.2477;0.0000
XAUUSDm;M15;1;1.00;1;0.5;2.0;2.5;0;628;-6486.65;9453.60;0.85;-10.3291;0.0000
XAUUSDm;M15;1;1.00;1;1.0;1.5;4.5;1;637;-7198.92;7395.17;0.77;-11.3013;0.0000
XAUUSDm;M15;1;1.00;1;2.0;2.0;5.0;0;381;-9620.67;9993.10;0.67;-25.2511;0.0000
XAUUSDm;M15;1;1.00;2;0.5;2.0;5.0;1;636;-8011.33;8992.79;0.63;-12.5964;0.0000
XAUUSDm;M15;1;1.25;0;0.5;2.5;3.0;1;1097;-2629.64;3505.94;0.87;-2.3971;0.0000
XAUUSDm;M15;1;1.25;1;2.0;2.0;5.0;0;637;-1957.86;7069.20;0.96;-3.0736;0.0000
XAUUSDm;M15;1;1.25;2;1.0;2.5;4.5;1;637;-4425.70;7800.90;0.86;-6.9477;0.0000
XAUUSDm;M15;1;1.50;1;0.5;2.0;3.5;0;637;-1688.37;6297.09;0.96;-2.6505;0.0000
XAUUSDm;M15;1;1.50;1;2.0;3.0;5.0;1;637;366.08;6551.01;1.01;0.5747;0.0559
XAUUSDm;M15;1;1.50;2;0.5;2.5;5.0;1;637;-4986.87;6627.85;0.76;-7.8287;0.0000
XAUUSDm;M15;1;1.50;2;1.0;1.0;4.0;0;637;6195.32;6213.23;1.15;9.7258;0.9971
XAUUSDm;M15;1;1.50;2;1.5;2.0;1.5;1;637;5130.36;6522.75;1.15;8.0539;0.7865
XAUUSDm;M15;1;1.75;1;1.0;2.0;4.5;0;637;3355.24;4843.30;1.09;5.2673;0.6928
XAUUSDm;M15;1;1.75;1;1.0;2.0;5.0;0;637;4210.36;4337.88;1.11;6.6097;0.9706
XAUUSDm;M15;1;1.75;1;2.0;1.5;4.5;0;637;3355.24;4843.30;1.09;5.2673;0.6928
XAUUSDm;M15;1;1.75;2;0.5;2.0;3.5;0;637;8038.67;4647.52;1.21;12.6196;1.7297
XAUUSDm;M15;1;1.75;2;1.0;1.5;4.0;1;637;396.00;6363.48;1.01;0.6217;0.0622
XAUUSDm;M15;1;1.75;2;1.5;2.5;3.5;0;637;8038.67;4647.52;1.21;12.6196;1.7297
XAUUSDm;M15;1;2.00;0;1.0;2.5;3.0;0;1015;730.94;2982.83;1.02;0.7201;0.2450
XAUUSDm;M15;1;2.00;0;1.5;2.0;4.5;0;980;2301.44;3037.85;1.07;2.3484;0.7576
XAUUSDm;M15;1;2.00;1;0.5;2.5;4.5;0;635;5380.84;3017.59;1.16;8.4738;1.7832
XAUUSDm;M15;1;2.25;0;1.5;3.0;3.5;0;905;2434.75;2814.17;1.08;2.6903;0.8652
XAUUSDm;M15;1;2.25;0;1.5;3.0;5.0;0;906;3162.05;2566.85;1.10;3.4901;1.2319
XAUUSDm;M15;1;2.25;1;1.5;2.0;4.5;1;635;4380.42;3415.57;1.15;6.8983;1.2825
XAUUSDm;M15;1;2.25;1;2.0;2.5;3.5;1;635;3012.94;3188.55;1.10;4.7448;0.9449
XAUUSDm;M15;1;2.25;1;2.0;3.0;3.5;1;635;3012.94;3188.55;1.10;4.7448;0.9449
XAUUSDm;M15;1;2.25;2;1.5;1.0;5.0;1;635;6626.70;3372.21;1.23;10.4357;1.9651
XAUUSDm;M15;1;2.25;2;1.5;2.5;2.0;1;635;6626.70;3372.21;1.23;10.4357;1.9651
XAUUSDm;M15;1;2.25;2;2.0;3.0;1.5;0;635;7185.21;3466.04;1.23;11.3153;2.0730
XAUUSDm;M15;1;2.50;0;1.0;2.5;3.0;0;947;1796.13;2561.50;1.07;1.8967;0.7012
XAUUSDm;M15;1;2.50;1;1.5;1.5;2.5;0;634;1419.00;2560.58;1.05;2.2382;0.5542
XAUUSDm;M15;1;2.50;1;2.0;2.0;2.5;1;634;797.83;2697.35;1.03;1.2584;0.2958
XAUUSDm;M15;1;2.50;2;0.5;2.5;4.0;0;634;7059.19;3013.08;1.24;11.1344;2.3428
XAUUSDm;M15;1;2.50;2;1.0;1.0;2.5;1;634;5245.90;4341.30;1.22;8.2743;1.2084
XAUUSDm;M15;1;2.75;0;0.5;1.0;4.0;0;1087;2147.07;1748.38;1.10;1.9752;1.2280
XAUUSDm;M15;1;2.75;2;0.5;2.5;4.0;1;632;168.07;3133.41;1.01;0.2659;0.0536
XAUUSDm;M15;1;2.75;2;1.0;3.0;3.0;0;632;6291.55;2700.75;1.24;9.9550;2.3296
XAUUSDm;M15;1;2.75;2;1.5;1.0;3.5;1;632;6077.44;2544.62;1.25;9.6162;2.3883
XAUUSDm;M15;1;3.00;1;1.0;1.0;3.5;1;631;3314.60;2793.08;1.16;5.2529;1.1867
XAUUSDm;M15;1;3.00;1;1.5;1.0;4.0;0;631;3993.05;1819.43;1.17;6.3281;2.1947
XAUUSDm;M15;1;3.00;1;1.5;1.5;3.0;0;631;3351.25;1907.24;1.14;5.3110;1.7571
XAUUSDm;M15;1;3.00;1;1.5;2.0;4.5;0;631;4205.01;2386.05;1.18;6.6640;1.7623
XAUUSDm;M15;1;3.00;1;2.0;2.0;5.0;1;631;4916.00;2339.64;1.21;7.7908;2.1012
