XAUUSDm;M15;1;2.25;2;0.5;2.0;3.5;0;-1;0;10;575;5857.95;2992.68;1.19;10.1877;1.9574
XAUUSDm;M15;1;2.25;2;0.5;2.0;3.5;0;-1;1;10;661;8916.14;3216.13;1.28;13.4889;2.7723
XAUUSDm;M15;1;2.25;2;0.5;2.0;3.5;0;-1;2;10;379;136.87;5459.53;1.01;0.3611;0.0251
XAUUSDm;M15;1;2.25;2;0.5;2.0;3.5;0;-1;3;10;891;4827.34;3332.13;1.12;5.4179;1.4487
XAUUSDm;M15;1;2.25;2;0.5;2.0;3.5;0;-2;0;10;609;7670.64;2624.99;1.25;12.5955;2.9222
XAUUSDm;M15;1;2.25;2;0.5;2.0;3.5;0;-2;1;10;718;9360.17;3120.16;1.29;13.0364;2.9999
XAUUSDm;M15;1;2.25;2;0.5;2.0;3.5;0;-2;2;10;425;-277.27;5816.95;0.99;-0.6524;0.0000
XAUUSDm;M15;1;2.25;2;0.5;2.0;3.5;0;-2;3;10;962;8231.61;3016.14;1.20;8.5568;2.7292
XAUUSDm;M15;1;2.25;2;0.5;2.0;3.5;0;-3;0;10;665;6381.03;2691.17;1.19;9.5955;2.3711
XAUUSDm;M15;1;2.25;2;0.5;2.0;3.5;0;-3;1;10;820;9843.01;3507.49;1.29;12.0037;2.8063
XAUUSDm;M15;1;2.25;2;0.5;2.0;3.5;0;-3;2;10;460;4007.38;3469.80;1.17;8.7117;1.1549
XAUUSDm;M15;1;2.25;2;0.5;2.0;3.5;0;-3;3;10;1032;8631.82;3127.76;1.20;8.3642;2.7597
XAUUSDm;M15;1;2.25;2;0.5;2.0;3.5;0;0;0;10;564;5527.14;3887.89;1.18;9.7999;1.4216
XAUUSDm;M15;1;2.25;2;0.5;2.0;3.5;0;0;1;10;635;7179.06;3467.41;1.23;11.3056;2.0704
XAUUSDm;M15;1;2.25;2;0.5;2.0;3.5;0;0;2;10;348;-62.61;5057.67;1.00;-0.1799;0.0000
XAUUSDm;M15;1;2.25;2;0.5;2.0;3.5;0;0;3;10;828;4398.51;3464.91;1.11;5.3122;1.2694
XAUUSDm;M15;1;2.25;2;0.5;2.0;3.5;0;10;0;10;404;8135.73;2975.65;1.36;20.1379;2.7341
XAUUSDm;M15;1;2.25;2;0.5;2.0;3.5;0;10;1;10;386;4178.57;2786.93;1.20;10.8253;1.4993
XAUUSDm;M15;1;2.25;2;0.5;2.0;3.5;0;10;2;10;191;9530.06;3896.65;1.77;49.8956;2.4457
XAUUSDm;M15;1;2.25;2;0.5;2.0;3.5;0;10;3;10;545;6959.10;3296.32;1.24;12.7690;2.1112
XAUUSDm;M15;1;2.25;2;0.5;2.0;3.5;0;11;0;10;397;9732.69;2428.04;1.44;24.5156;4.0085
XAUUSDm;M15;1;2.25;2;0.5;2.0;3.5;0;11;1;10;387;1883.10;2645.59;1.09;4.8659;0.7118
XAUUSDm;M15;1;2.25;2;0.5;2.0;3.5;0;11;2;10;188;10043.18;3783.12;1.87;53.4212;2.6547
XAUUSDm;M15;1;2.25;2;0.5;2.0;3.5;0;11;3;10;522;5063.85;2980.12;1.18;9.7009;1.6992
XAUUSDm;M15;1;2.25;2;0.5;2.0;3.5;0;12;0;10;380;9066.84;2210.62;1.43;23.8601;4.1015
XAUUSDm;M15;1;2.25;2;0.5;2.0;3.5;0;12;1;10;373;153.06;3178.91;1.01;0.4103;0.0481
XAUUSDm;M15;1;2.25;2;0.5;2.0;3.5;0;12;2;10;177;10513.52;3048.53;1.97;59.3984;3.4487
XAUUSDm;M15;1;2.25;2;0.5;2.0;3.5;0;12;3;10;519;5736.26;2422.16;1.20;11.0525;2.3682
XAUUSDm;M15;1;2.25;2;0.5;2.0;3.5;0;13;0;10;379;7767.83;2411.41;1.36;20.4956;3.2213
XAUUSDm;M15;1;2.25;2;0.5;2.0;3.5;0;13;1;10;357;1828.87;4039.13;1.09;5.1229;0.4528
XAUUSDm;M15;1;2.25;2;0.5;2.0;3.5;0;13;2;10;184;6033.26;3992.27;1.53;32.7895;1.5112
XAUUSDm;M15;1;2.25;2;0.5;2.0;3.5;0;13;3;10;503;5062.38;2779.36;1.18;10.0644;1.8214
XAUUSDm;M15;1;2.25;2;0.5;2.0;3.5;0;14;0;10;361;8123.96;2042.77;1.39;22.5040;3.9769
XAUUSDm;M15;1;2.25;2;0.5;2.0;3.5;0;14;1;10;339;-439.19;4514.60;0.98;-1.2955;0.0000
XAUUSDm;M15;1;2.25;2;0.5;2.0;3.5;0;14;2;10;170;8912.87;2487.30;1.86;52.4286;3.5834
XAUUSDm;M15;1;2.25;2;0.5;2.0;3.5;0;14;3;10;494;1754.27;4004.45;1.06;3.5512;0.4381
XAUUSDm;M15;1;2.25;2;0.5;2.0;3.5;0;1;0;10;533;6874.69;3257.33;1.24;12.8981;2.1105
XAUUSDm;M15;1;2.25;2;0.5;2.0;3.5;0;1;1;10;601;6004.78;4044.73;1.19;9.9913;1.4846
XAUUSDm;M15;1;2.25;2;0.5;2.0;3.5;0;1;2;10;317;-276.30;4578.12;0.99;-0.8716;0.0000
XAUUSDm;M15;1;2.25;2;0.5;2.0;3.5;0;1;3;10;779;5215.44;3291.11;1.14;6.6950;1.5847
XAUUSDm;M15;1;2.25;2;0.5;2.0;3.5;0;2;0;10;516;6415.68;2834.50;1.23;12.4335;2.2634
XAUUSDm;M15;1;2.25;2;0.5;2.0;3.5;0;2;1;10;570;5280.71;3287.78;1.18;9.2644;1.6062
XAUUSDm;M15;1;2.25;2;0.5;2.0;3.5;0;2;2;10;293;-2765.96;5287.91;0.85;-9.4401;0.0000
XAUUSDm;M15;1;2.25;2;0.5;2.0;3.5;0;2;3;10;736;6753.24;3033.06;1.19;9.1756;2.2265
XAUUSDm;M15;1;2.25;2;0.5;2.0;3.5;0;9;0;10;422;7084.17;3089.84;1.30;16.7871;2.2927
XAUUSDm;M15;1;2.25;2;0.5;2.0;3.5;0;9;1;10;410;5589.36;2612.77;1.26;13.6326;2.1392
XAUUSDm;M15;1;2.25;2;0.5;2.0;3.5;0;9;2;10;187;10543.71;3711.29;1.84;56.3835;2.8410
XAUUSDm;M15;1;2.25;2;0.5;2.0;3.5;0;9;3;10;567;5329.43;3400.84;1.18;9.3993;1.5671
XAUUSDm;M15;1;2.50;2;0.5;2.0;3.5;0;-1;0;10;575;5219.74;3027.18;1.19;9.0778;1.7243
XAUUSDm;M15;1;2.50;2;0.5;2.0;3.5;0;-1;1;10;661;8016.24;2663.81;1.28;12.1274;3.0093
XAUUSDm;M15;1;2.50;2;0.5;2.0;3.5;0;-1;2;10;379;1253.77;3802.87;1.06;3.3081;0.3297
XAUUSDm;M15;1;2.50;2;0.5;2.0;3.5;0;-1;3;10;889;4312.31;2921.73;1.12;4.8507;1.4759
XAUUSDm;M15;1;2.50;2;0.5;2.0;3.5;0;-2;0;10;609;8061.43;2594.27;1.29;13.2372;3.1074
XAUUSDm;M15;1;2.50;2;0.5;2.0;3.5;0;-2;1;10;718;8443.13;2813.61;1.28;11.7592;3.0008
XAUUSDm;M15;1;2.50;2;0.5;2.0;3.5;0;-2;2;10;425;2379.99;3610.77;1.11;5.6000;0.6591
XAUUSDm;M15;1;2.50;2;0.5;2.0;3.5;0;-2;3;10;960;7456.70;2335.16;1.20;7.7674;3.1932
XAUUSDm;M15;1;2.50;2;0.5;2.0;3.5;0;-3;0;10;665;5482.29;2723.82;1.18;8.2440;2.0127
XAUUSDm;M15;1;2.50;2;0.5;2.0;3.5;0;-3;1;10;820;8896.50;3106.69;1.28;10.8494;2.8637
XAUUSDm;M15;1;2.50;2;0.5;2.0;3.5;0;-3;2;10;460;5879.33;2799.26;1.27;12.7812;2.1003
XAUUSDm;M15;1;2.50;2;0.5;2.0;3.5;0;-3;3;10;1030;7677.40;2875.15;1.20;7.4538;2.6703
XAUUSDm;M15;1;2.50;2;0.5;2.0;3.5;0;0;0;10;564;4851.37;3173.78;1.18;8.6017;1.5286
XAUUSDm;M15;1;2.50;2;0.5;2.0;3.5;0;0;1;10;634;7053.50;3014.38;1.24;11.1254;2.3400
XAUUSDm;M15;1;2.50;2;0.5;2.0;3.5;0;0;2;10;348;921.57;3835.43;1.05;2.6482;0.2403
XAUUSDm;M15;1;2.50;2;0.5;2.0;3.5;0;0;3;10;826;3931.12;2921.38;1.11;4.7592;1.3456
XAUUSDm;M15;1;2.50;2;0.5;2.0;3.5;0;10;0;10;404;8255.07;2839.48;1.40;20.4333;2.9072
XAUUSDm;M15;1;2.50;2;0.5;2.0;3.5;0;10;1;10;386;3868.40;2866.90;1.19;10.0218;1.3493
XAUUSDm;M15;1;2.50;2;0.5;2.0;3.5;0;10;2;10;191;9099.80;3578.69;1.79;47.6429;2.5428
XAUUSDm;M15;1;2.50;2;0.5;2.0;3.5;0;10;3;10;545;5318.14;3142.16;1.20;9.7581;1.6925
XAUUSDm;M15;1;2.50;2;0.5;2.0;3.5;0;11;0;10;397;7382.52;2683.06;1.35;18.5958;2.7515
XAUUSDm;M15;1;2.50;2;0.5;2.0;3.5;0;11;1;10;387;4400.33;2736.30;1.22;11.3704;1.6081
XAUUSDm;M15;1;2.50;2;0.5;2.0;3.5;0;11;2;10;188;9239.75;3902.69;1.82;49.1476;2.3675
XAUUSDm;M15;1;2.50;2;0.5;2.0;3.5;0;11;3;10;522;3531.50;2999.12;1.13;6.7653;1.1775
XAUUSDm;M15;1;2.50;2;0.5;2.0;3.5;0;12;0;10;379;9068.53;2208.93;1.47;23.9275;4.1054
XAUUSDm;M15;1;2.50;2;0.5;2.0;3.5;0;12;1;10;373;2655.40;2764.58;1.14;7.1190;0.9605
XAUUSDm;M15;1;2.50;2;0.5;2.0;3.5;0;12;2;10;177;7786.08;2372.34;1.75;43.9892;3.2820
XAUUSDm;M15;1;2.50;2;0.5;2.0;3.5;0;12;3;10;519;4148.16;2334.81;1.16;7.9926;1.7767
XAUUSDm;M15;1;2.50;2;0.5;2.0;3.5;0;13;0;10;378;6981.70;2161.95;1.36;18.4701;3.2294
XAUUSDm;M15;1;2.50;2;0.5;2.0;3.5;0;13;1;10;357;3446.04;2607.63;1.19;9.6528;1.3215
XAUUSDm;M15;1;2.50;2;0.5;2.0;3.5;0;13;2;10;182;3507.60;3488.75;1.32;19.2725;1.0054
XAUUSDm;M15;1;2.50;2;0.5;2.0;3.5;0;13;3;10;503;3578.62;2692.91;1.14;7.1146;1.3289
XAUUSDm;M15;1;2.50;2;0.5;2.0;3.5;0;14;0;10;361;8617.03;1855.59;1.45;23.8699;4.6438
XAUUSDm;M15;1;2.50;2;0.5;2.0;3.5;0;14;1;10;339;3280.30;2617.03;1.18;9.6764;1.2534
XAUUSDm;M15;1;2.50;2;0.5;2.0;3.5;0;14;2;10;169;5709.33;2108.88;1.56;33.7830;2.7073
XAUUSDm;M15;1;2.50;2;0.5;2.0;3.5;0;14;3;10;493;883.63;3658.18;1.03;1.7924;0.2415
XAUUSDm;M15;1;2.50;2;0.5;2.0;3.5;0;1;0;10;533;5440.20;3233.05;1.21;10.2068;1.6827
XAUUSDm;M15;1;2.50;2;0.5;2.0;3.5;0;1;1;10;600;6651.41;3443.55;1.24;11.0857;1.9316
XAUUSDm;M15;1;2.50;2;0.5;2.0;3.5;0;1;2;10;317;1706.15;3207.88;1.09;5.3822;0.5319
XAUUSDm;M15;1;2.50;2;0.5;2.0;3.5;0;1;3;10;778;5262.75;2870.18;1.16;6.7645;1.8336
XAUUSDm;M15;1;2.50;2;0.5;2.0;3.5;0;2;0;10;516;5411.93;2730.34;1.21;10.4882;1.9821
XAUUSDm;M15;1;2.50;2;0.5;2.0;3.5;0;2;1;10;569;7215.45;2760.86;1.27;12.6809;2.6135
XAUUSDm;M15;1;2.50;2;0.5;2.0;3.5;0;2;2;10;292;1585.25;3148.10;1.10;5.4289;0.5036
XAUUSDm;M15;1;2.50;2;0.5;2.0;3.5;0;9;0;10;422;7983.06;2786.77;1.37;18.9172;2.8646
XAUUSDm;M15;1;2.50;2;0.5;2.0;3.5;0;9;1;10;410;5522.63;1741.17;1.27;13.4698;3.1718
XAUUSDm;M15;1;2.50;2;0.5;2.0;3.5;0;9;2;10;186;8804.38;3430.75;1.75;47.3354;2.5663
XAUUSDm;M15;1;2.50;2;0.5;2.0;3.5;0;9;3;10;567;4782.97;3089.88;1.17;8.4356;1.5479
XAUUSDm;M15;1;2.25;2;0.5;2.0;3.5;0;3;0;10;501;4159.78;2596.76;1.15;8.3030;1.6019
XAUUSDm;M15;1;2.25;2;0.5;2.0;3.5;0;3;1;10;548;2865.30;4234.47;1.10;5.2286;0.6767
XAUUSDm;M15;1;2.25;2;0.5;2.0;3.5;0;3;2;10;271;1149.99;3825.54;1.07;4.2435;0.3006
XAUUSDm;M15;1;2.25;2;0.5;2.0;3.5;0;3;3;10;700;7991.14;2763.13;1.23;11.4159;2.8921
XAUUSDm;M15;1;2.25;2;0.5;2.0;3.5;0;4;0;10;480;2944.19;3474.41;1.11;6.1337;0.8474
XAUUSDm;M15;1;2.25;2;0.5;2.0;3.5;0;4;1;10;511;3561.93;4224.17;1.13;6.9705;0.8432
XAUUSDm;M15;1;2.25;2;0.5;2.0;3.5;0;4;2;10;255;148.78;3812.61;1.01;0.5835;0.0390
XAUUSDm;M15;1;2.25;2;0.5;2.0;3.5;0;4;3;10;669;5462.08;3177.37;1.16;8.1645;1.7191
XAUUSDm;M15;1;2.25;2;0.5;2.0;3.5;0;5;0;10;463;2066.89;3861.58;1.08;4.4641;0.5352
XAUUSDm;M15;1;2.25;2;0.5;2.0;3.5;0;5;1;10;490;3153.02;4002.26;1.12;6.4347;0.7878
XAUUSDm;M15;1;2.25;2;0.5;2.0;3.5;0;5;2;10;238;3167.98;4505.82;1.20;13.3108;0.7031
XAUUSDm;M15;1;2.25;2;0.5;2.0;3.5;0;5;3;10;654;6103.82;2830.13;1.18;9.3331;2.1567
XAUUSDm;M15;1;2.25;2;0.5;2.0;3.5;0;6;0;10;444;5244.13;2508.32;1.21;11.8111;2.0907
XAUUSDm;M15;1;2.25;2;0.5;2.0;3.5;0;6;1;10;479;3000.68;3771.50;1.12;6.2645;0.7956
XAUUSDm;M15;1;2.25;2;0.5;2.0;3.5;0;6;2;10;242;3088.29;4429.93;1.20;12.7615;0.6971
XAUUSDm;M15;1;2.25;2;0.5;2.0;3.5;0;6;3;10;630;5186.33;3122.71;1.16;8.2323;1.6608
XAUUSDm;M15;1;2.25;2;0.5;2.0;3.5;0;7;0;10;431;4037.49;2969.94;1.16;9.3677;1.3595
XAUUSDm;M15;1;2.25;2;0.5;2.0;3.5;0;7;1;10;445;4996.83;3624.23;1.21;11.2288;1.3787
XAUUSDm;M15;1;2.25;2;0.5;2.0;3.5;0;7;2;10;233;5417.18;3866.80;1.36;23.2497;1.4009
XAUUSDm;M15;1;2.25;2;0.5;2.0;3.5;0;7;3;10;604;4868.46;2805.58;1.15;8.0604;1.7353
XAUUSDm;M15;1;2.25;2;0.5;2.0;3.5;0;8;0;10;428;4989.80;2696.50;1.21;11.6584;1.8505
XAUUSDm;M15;1;2.25;2;0.5;2.0;3.5;0;8;1;10;425;5184.20;3054.88;1.22;12.1981;1.6970
XAUUSDm;M15;1;2.25;2;0.5;2.0;3.5;0;8;2;10;208;3793.64;4294.46;1.28;18.2387;0.8834
XAUUSDm;M15;1;2.25;2;0.5;2.0;3.5;0;8;3;10;575;4477.24;3318.65;1.14;7.7865;1.3491
XAUUSDm;M15;1;2.50;2;0.5;2.0;3.5;0;3;0;10;500;3298.02;2537.73;1.13;6.5960;1.2996
XAUUSDm;M15;1;2.50;2;0.5;2.0;3.5;0;3;1;10;547;5636.53;2797.87;1.22;10.3044;2.0146
XAUUSDm;M15;1;2.50;2;0.5;2.0;3.5;0;3;2;10;269;2464.83;2561.03;1.16;9.1629;0.9624
XAUUSDm;M15;1;2.50;2;0.5;2.0;3.5;0;3;3;10;699;7183.55;2774.34;1.23;10.2769;2.5893
XAUUSDm;M15;1;2.50;2;0.5;2.0;3.5;0;4;0;10;479;2746.77;3016.54;1.11;5.7344;0.9106
XAUUSDm;M15;1;2.50;2;0.5;2.0;3.5;0;4;1;10;510;5911.93;2754.78;1.24;11.5920;2.1461
XAUUSDm;M15;1;2.50;2;0.5;2.0;3.5;0;4;2;10;254;3078.79;2597.07;1.20;12.1212;1.1855
XAUUSDm;M15;1;2.50;2;0.5;2.0;3.5;0;4;3;10;669;5293.46;3439.50;1.17;7.9125;1.5390
XAUUSDm;M15;1;2.50;2;0.5;2.0;3.5;0;5;0;10;462;1159.65;3965.21;1.05;2.5101;0.2925
XAUUSDm;M15;1;2.50;2;0.5;2.0;3.5;0;5;1;10;490;5918.31;2516.53;1.25;12.0782;2.3518
XAUUSDm;M15;1;2.50;2;0.5;2.0;3.5;0;5;2;10;237;2644.55;3740.83;1.18;11.1584;0.7069
XAUUSDm;M15;1;2.50;2;0.5;2.0;3.5;0;5;3;10;654;5558.04;2853.88;1.18;8.4985;1.9475
XAUUSDm;M15;1;2.50;2;0.5;2.0;3.5;0;6;0;10;443;3807.86;2579.18;1.16;8.5956;1.4764
XAUUSDm;M15;1;2.50;2;0.5;2.0;3.5;0;6;1;10;479;5277.98;2390.38;1.23;11.0187;2.2080
XAUUSDm;M15;1;2.50;2;0.5;2.0;3.5;0;6;2;10;241;4264.96;3056.21;1.29;17.6969;1.3955
XAUUSDm;M15;1;2.50;2;0.5;2.0;3.5;0;6;3;10;630;4717.54;3231.24;1.16;7.4882;1.4600
XAUUSDm;M15;1;2.50;2;0.5;2.0;3.5;0;7;0;10;430;5523.45;1885.64;1.24;12.8452;2.9292
XAUUSDm;M15;1;2.50;2;0.5;2.0;3.5;0;7;1;10;444;6621.01;2240.56;1.31;14.9122;2.9551
XAUUSDm;M15;1;2.50;2;0.5;2.0;3.5;0;7;2;10;232;5127.27;3172.58;1.36;22.1003;1.6161
XAUUSDm;M15;1;2.50;2;0.5;2.0;3.5;0;7;3;10;604;4594.81;2879.93;1.16;7.6073;1.5955
XAUUSDm;M15;1;2.50;2;0.5;2.0;3.5;0;8;0;10;426;5929.05;2484.17;1.26;13.9180;2.3867
XAUUSDm;M15;1;2.50;2;0.5;2.0;3.5;0;8;1;10;424;6462.15;1933.29;1.31;15.2409;3.3426
XAUUSDm;M15;1;2.50;2;0.5;2.0;3.5;0;8;2;10;207;5976.04;3445.94;1.47;28.8698;1.7342
XAUUSDm;M15;1;2.50;2;0.5;2.0;3.5;0;8;3;10;575;3587.11;3135.56;1.13;6.2385;1.1440
XAUUSDm;M15;1;2.25;2;0.5;2.0;3.5;0;15;0;10;357;5300.91;2061.31;1.25;14.8485;2.5716
XAUUSDm;M15;1;2.25;2;0.5;2.0;3.5;0;15;1;10;335;1379.97;4798.92;1.07;4.1193;0.2876
XAUUSDm;M15;1;2.25;2;0.5;2.0;3.5;0;15;2;10;157;7155.95;3087.76;1.69;45.5793;2.3175
XAUUSDm;M15;1;2.25;2;0.5;2.0;3.5;0;15;3;10;472;2469.93;3508.70;1.09;5.2329;0.7039
XAUUSDm;M15;1;2.25;2;0.5;2.0;3.5;0;16;0;10;345;7997.69;1792.26;1.40;23.1817;4.4623
XAUUSDm;M15;1;2.25;2;0.5;2.0;3.5;0;16;1;10;320;1433.72;3439.27;1.07;4.4804;0.4169
XAUUSDm;M15;1;2.25;2;0.5;2.0;3.5;0;16;2;10;161;3483.53;3131.99;1.32;21.6368;1.1122
XAUUSDm;M15;1;2.25;2;0.5;2.0;3.5;0;16;3;10;451;3019.21;3501.06;1.12;6.6945;0.8624
XAUUSDm;M15;1;2.25;2;0.5;2.0;3.5;0;17;0;10;341;6522.28;1996.06;1.32;19.1269;3.2676
XAUUSDm;M15;1;2.25;2;0.5;2.0;3.5;0;17;1;10;308;4128.88;2991.58;1.22;13.4055;1.3802
XAUUSDm;M15;1;2.25;2;0.5;2.0;3.5;0;17;2;10;152;3883.99;4055.31;1.38;25.5526;0.9578
XAUUSDm;M15;1;2.25;2;0.5;2.0;3.5;0;17;3;10;449;4622.64;3106.60;1.18;10.2954;1.4880
XAUUSDm;M15;1;2.25;2;0.5;2.0;3.5;0;18;0;10;331;6486.51;2240.17;1.33;19.5967;2.8955
XAUUSDm;M15;1;2.25;2;0.5;2.0;3.5;0;18;1;10;299;3621.86;2794.48;1.20;12.1132;1.2961
XAUUSDm;M15;1;2.25;2;0.5;2.0;3.5;0;18;2;10;153;1188.66;4091.12;1.12;7.7690;0.2905
XAUUSDm;M15;1;2.25;2;0.5;2.0;3.5;0;18;3;10;436;2934.21;3755.39;1.12;6.7298;0.7813
XAUUSDm;M15;1;2.25;2;0.5;2.0;3.5;0;19;0;10;322;10333.73;1606.54;1.56;32.0923;6.4323
XAUUSDm;M15;1;2.25;2;0.5;2.0;3.5;0;19;1;10;295;2953.79;2808.26;1.16;10.0128;1.0518
XAUUSDm;M15;1;2.25;2;0.5;2.0;3.5;0;19;2;10;152;-139.38;4522.65;0.99;-0.9170;0.0000
XAUUSDm;M15;1;2.25;2;0.5;2.0;3.5;0;19;3;10;436;4312.74;3697.46;1.17;9.8916;1.1664
XAUUSDm;M15;1;2.25;2;0.5;2.0;3.5;0;20;0;10;316;9492.07;2670.34;1.51;30.0382;3.5546
XAUUSDm;M15;1;2.25;2;0.5;2.0;3.5;0;20;1;10;293;1795.81;3751.93;1.10;6.1290;0.4786
XAUUSDm;M15;1;2.25;2;0.5;2.0;3.5;0;20;2;10;150;-1220.05;5461.28;0.89;-8.1337;0.0000
XAUUSDm;M15;1;2.25;2;0.5;2.0;3.5;0;20;3;10;438;5691.71;3454.82;1.23;12.9948;1.6475
XAUUSDm;M15;1;2.50;2;0.5;2.0;3.5;0;15;0;10;356;5994.17;1858.42;1.31;16.8376;3.2254
XAUUSDm;M15;1;2.50;2;0.5;2.0;3.5;0;15;1;10;335;1738.04;4197.50;1.10;5.1882;0.4141
XAUUSDm;M15;1;2.50;2;0.5;2.0;3.5;0;15;2;10;157;5798.03;2536.96;1.60;36.9301;2.2854
XAUUSDm;M15;1;2.50;2;0.5;2.0;3.5;0;15;3;10;471;2792.67;3295.32;1.11;5.9292;0.8475
XAUUSDm;M15;1;2.50;2;0.5;2.0;3.5;0;16;0;10;344;6035.64;1778.31;1.32;17.5455;3.3940
XAUUSDm;M15;1;2.50;2;0.5;2.0;3.5;0;16;1;10;320;792.04;3269.54;1.04;2.4751;0.2422
XAUUSDm;M15;1;2.50;2;0.5;2.0;3.5;0;16;2;10;161;4056.87;2662.00;1.40;25.1980;1.5240
XAUUSDm;M15;1;2.50;2;0.5;2.0;3.5;0;16;3;10;450;2408.94;3454.60;1.10;5.3532;0.6973
XAUUSDm;M15;1;2.50;2;0.5;2.0;3.5;0;17;0;10;340;5213.45;2064.59;1.27;15.3337;2.5252
XAUUSDm;M15;1;2.50;2;0.5;2.0;3.5;0;17;1;10;307;3702.09;3065.71;1.21;12.0589;1.2076
XAUUSDm;M15;1;2.50;2;0.5;2.0;3.5;0;17;2;10;152;2903.17;3488.27;1.30;19.0998;0.8323
XAUUSDm;M15;1;2.50;2;0.5;2.0;3.5;0;17;3;10;448;3611.23;3389.34;1.16;8.0608;1.0655
XAUUSDm;M15;1;2.50;2;0.5;2.0;3.5;0;18;0;10;331;5818.67;2021.74;1.31;17.5791;2.8781
XAUUSDm;M15;1;2.50;2;0.5;2.0;3.5;0;18;1;10;299;4191.56;2677.26;1.25;14.0186;1.5656
XAUUSDm;M15;1;2.50;2;0.5;2.0;3.5;0;18;2;10;153;2637.37;4373.04;1.27;17.2377;0.6031
XAUUSDm;M15;1;2.50;2;0.5;2.0;3.5;0;18;3;10;433;4243.46;3465.21;1.19;9.8001;1.2246
XAUUSDm;M15;1;2.50;2;0.5;2.0;3.5;0;19;0;10;322;8894.80;1573.78;1.51;27.6236;5.6519
XAUUSDm;M15;1;2.50;2;0.5;2.0;3.5;0;19;1;10;295;2929.70;2827.98;1.17;9.9312;1.0360
XAUUSDm;M15;1;2.50;2;0.5;2.0;3.5;0;19;2;10;152;3685.59;4439.60;1.38;24.2473;0.8302
XAUUSDm;M15;1;2.50;2;0.5;2.0;3.5;0;19;3;10;435;5887.81;3206.17;1.26;13.5352;1.8364
XAUUSDm;M15;1;2.50;2;0.5;2.0;3.5;0;20;0;10;316;9942.28;1830.09;1.58;31.4629;5.4327
XAUUSDm;M15;1;2.50;2;0.5;2.0;3.5;0;20;1;10;293;4368.49;2017.71;1.26;14.9095;2.1651
XAUUSDm;M15;1;2.50;2;0.5;2.0;3.5;0;20;2;10;149;-1301.77;4349.10;0.87;-8.7367;0.0000
XAUUSDm;M15;1;2.50;2;0.5;2.0;3.5;0;20;3;10;437;5312.79;3325.68;1.23;12.1574;1.5975
