category,brand,variant_contains,barcode
ซอสหอยนางรม,ง่วนเชียง,,8851912050209
ซอสหอยนางรม,101 พลัส,,8857123982063
ซีอิ๊วขาว,เด็กสมบูรณ์,ออร์แกนิค,8850206252527
ซีอิ๊วขาว,101 พลัส,,8857123982025
น้ำสลัด,คิวพี,Roasted Sesame,8852022032604
ซีอิ๊วดำ,เด็กสมบูรณ์,,8850206067053
ซอสสำหรับจิ้ม,เด็กสมบูรณ์,บ๊วยเจี่ย,8850206111022
ซอสสำหรับจิ้ม,ภูเขาทอง,ซอสพริก เผ็ดน้อย,8851954103512
ซอสสำหรับจิ้ม,ศรีราชาพานิช,,8851954113061
ซอสสำหรับจิ้ม,เด็กสมบูรณ์,น้ำจิ้มไก่,8850206110025
ซอสหมักเนื้อสัตว์,ทาคูมิอายิ,เทอริยากิ,8850250004035
น้ำปลา,Mega chef,,8857118730686
ซอสปรุงรส,ภูเขาทอง,ฝาเหลือง,8851954101020
