name,region,source_count,status,note,sources
ลาบปลาทับทิม,คู่มือรามาฯ,,rama,,rama_pdf
ต้มซุปไก่มะเขือเทศ,คู่มือรามาฯ,,rama,,rama_pdf
ข้าวผัดหมู,คู่มือรามาฯ,,rama,,rama_pdf
ข้าวผัด,ภาคกลางและทั่วประเทศ,28,pass,,c_nlove;c_sgethai;e_weaving;fish_nlove;g_joomyak100;g_kapook_kg;g_propertyhub;g_streetratchada;nd_kapook40;nd_kapookkj;ne_kapook1;ne_kapook2;ne_kapook3;ne_tfc;np_kapook;ofm_150;pptv_100;rleaw_100;s_kapook;s_kapook2;s_tfc50;sanook_100;soup_kapook;tfc_100;thairath_100;wiki_en;wiki_th_cats;wiki_th_list
ข้าวผัดกะเพรา,ภาคกลางและทั่วประเทศ,2,pass,,sanook_100;wiki_en
ข้าวผัดอเมริกัน,ภาคกลางและทั่วประเทศ,8,pass,,c_nlove;ne_tfc;ofm_150;pptv_100;sanook_100;tfc_100;wiki_en;wiki_th_cats
ข้าวผัดสับปะรด,ภาคกลางและทั่วประเทศ,2,pass,,wiki_th_cats;wiki_th_list
ข้าวผัดแหนม,ภาคกลางและทั่วประเทศ,7,pass,,g_streetratchada;ne_tfc;ofm_150;pptv_100;sanook_100;tfc_100;thairath_100
ข้าวผัดต้มยำ,ภาคกลางและทั่วประเทศ,8,pass,,c_nlove;c_sgethai;g_propertyhub;ofm_150;pptv_100;sanook_100;tfc_100;thairath_100
ข้าวผัดพริกแกง,ภาคกลางและทั่วประเทศ,2,pass,,sanook_100;tfc_100
ข้าวผัดน้ำพริกลงเรือ,ภาคกลางและทั่วประเทศ,4,pass,,ofm_150;sanook_100;tfc_100;wiki_en
ข้าวผัดน้ำพริกเผา,ภาคกลางและทั่วประเทศ,4,pass,,c_nlove;ofm_150;pptv_100;thairath_100
ข้าวผัดปลาเค็ม,ภาคกลางและทั่วประเทศ,3,pass,,ofm_150;sanook_100;thairath_100
ข้าวผัดกุนเชียง,ภาคกลางและทั่วประเทศ,4,pass,,g_propertyhub;ofm_150;pptv_100;thairath_100
ข้าวผัดไข่,ภาคกลางและทั่วประเทศ,3,pass,,g_streetratchada;pptv_100;sanook_100
ข้าวผัดหนำเลี๊ยบ,ภาคกลางและทั่วประเทศ,2,pass,,ofm_150;wiki_en
ผัดกะเพรา,ภาคกลางและทั่วประเทศ,25,pass,,c_nlove;e_anurak;e_dasta;e_weaving;fish_trueid;g_aroimak_30;g_joomyak100;g_kapook_kg;g_propertyhub;g_streetratchada;g_trueid30;g_wongnai_viands;kj_krua;ne_tfc;ofm_150;pptv_100;rleaw_100;s_tfc50;sanook_100;soup_kapook;tfc_100;thairath_100;wiki_en;wiki_th_cats;wiki_th_list
ข้าวไข่เจียว,ภาคกลางและทั่วประเทศ,33,pass,,c_nlove;e_remawadee;e_weaving;fish_nlove;g_joomyak100;g_kapook_kg;g_propertyhub;g_streetratchada;g_trueid30;nd_kapook40;nd_kapookkj;ne_kapook1;ne_kapook2;ne_kapook3;ne_nlove;ne_tfc;np_kapook;np_krua;np_nlove;np_wongnai;ofm_150;pptv_100;rleaw_100;s_kapook;s_kapook2;sanook_100;soup_kapook;soup_tpp;tfc_100;thairath_100;wiki_en;wiki_th_list;yum_nlove
ไข่ข้น,ภาคกลางและทั่วประเทศ,8,pass,,c_sgethai;g_propertyhub;g_streetratchada;ofm_150;pptv_100;sanook_100;tfc_100;thairath_100
ไข่ดาว,ภาคกลางและทั่วประเทศ,14,pass,,c_nlove;g_aroimak_30;g_propertyhub;g_streetratchada;g_wongnai_viands;ofm_150;pptv_100;rleaw_100;sanook_100;tfc_100;thairath_100;wiki_en;wiki_th_cats;yum_nlove
ไข่พะโล้,ภาคกลางและทั่วประเทศ,15,pass,,c_nlove;c_sgethai;fish_nlove;g_aroimak_30;g_joomyak100;g_trueid30;g_wongnai_viands;ne_nlove;np_nlove;sanook_100;tfc_100;wiki_en;wiki_th_cats;wiki_th_list;yum_nlove
ไข่ลูกเขย,ภาคกลางและทั่วประเทศ,11,pass,,c_nlove;c_sgethai;fish_steam;fish_wongnai;g_trueid30;g_wongnai_viands;s_wongnai;soup_wongnai;wiki_en;wiki_th_cats;wiki_th_list
ไข่ตุ๋น,ภาคกลางและทั่วประเทศ,7,pass,,c_nlove;fish_nlove;g_streetratchada;ne_nlove;np_nlove;tfc_100;yum_nlove
ไข่ยัดไส้,ภาคกลางและทั่วประเทศ,3,pass,,wiki_en;wiki_th_cats;wiki_th_list
ไข่เจียวชะอม,ภาคกลางและทั่วประเทศ,4,pass,,g_kapook_kg;np_kapook;pptv_100;sanook_100
ไข่น้ำ,ภาคกลางและทั่วประเทศ,11,pass,,g_propertyhub;g_streetratchada;g_trueid30;g_wongnai_viands;pptv_100;sanook_100;soup_aroifin;soup_tpp;soup_wongnai;tfc_100;wiki_th_cats
ผัดพริกแกง,ภาคกลางและทั่วประเทศ,12,pass,,c_nlove;fish_nlove;g_aroimak_30;g_joomyak100;g_kapook_kg;g_streetratchada;g_trueid30;ofm_150;rleaw_100;sanook_100;tfc_100;thairath_100
ผัดพริกเผา,ภาคกลางและทั่วประเทศ,10,pass,,c_nlove;g_aroimak_30;g_trueid30;g_wongnai_viands;ofm_150;pptv_100;sanook_100;tfc_100;thairath_100;wiki_en
ผัดน้ำมันหอย,ภาคกลางและทั่วประเทศ,5,pass,,e_dasta;g_propertyhub;g_streetratchada;ofm_150;sanook_100
ผัดเปรี้ยวหวาน,ภาคกลางและทั่วประเทศ,10,pass,,c_nlove;c_sgethai;g_aroimak_30;g_propertyhub;g_wongnai_viands;ne_tfc;rleaw_100;sanook_100;tfc_100;wiki_th_cats
ผัดขิง,ภาคกลางและทั่วประเทศ,5,pass,,c_nlove;sanook_100;tfc_100;wiki_en;wiki_th_cats
ผัดผงกะหรี่,ภาคกลางและทั่วประเทศ,8,pass,,c_nlove;ofm_150;pptv_100;rleaw_100;tfc_100;thairath_100;wiki_en;wiki_th_cats
ผัดพริกขิง,ภาคกลางและทั่วประเทศ,2,pass,,g_trueid30;wiki_th_cats
ผัดฉ่า,ภาคกลางและทั่วประเทศ,12,pass,,c_nlove;e_anowl;e_anurak;e_weaving;fish_nlove;g_propertyhub;g_wongnai_viands;ofm_150;rleaw_100;thairath_100;wiki_th_cats;wiki_th_list
ผัดพริกเกลือ,ภาคกลางและทั่วประเทศ,5,pass,,g_streetratchada;ofm_150;pptv_100;rleaw_100;thairath_100
ผัดพริกหยวก,ภาคกลางและทั่วประเทศ,4,pass,,c_nlove;fish_nlove;tfc_100;thairath_100
ผัดพริกไทยดำ,ภาคกลางและทั่วประเทศ,5,pass,,c_nlove;fish_nlove;g_propertyhub;ofm_150;rleaw_100
ผัดเม็ดมะม่วงหิมพานต์,ภาคกลางและทั่วประเทศ,2,pass,,rleaw_100;wiki_en
ทอดกระเทียม,ภาคกลางและทั่วประเทศ,20,pass,,c_nlove;c_sgethai;e_weaving;fish_trueid;fish_wongnai;g_kapook_kg;g_propertyhub;g_streetratchada;g_trueid30;ne_michelin;ne_nlove;ne_tfc;ofm_150;pptv_100;rleaw_100;s_mybest;s_tfc50;sanook_100;thairath_100;wiki_en
ข้าวหมูกรอบ,ภาคกลางและทั่วประเทศ,4,pass,,ofm_150;sanook_100;tfc_100;wiki_en
คะน้าหมูกรอบ,ภาคกลางและทั่วประเทศ,7,pass,,g_aroimak_30;pptv_100;rleaw_100;sanook_100;tfc_100;thairath_100;wiki_en
ผัดคะน้า,ภาคกลางและทั่วประเทศ,9,pass,,g_aroimak_30;ofm_150;pptv_100;rleaw_100;sanook_100;tfc_100;thairath_100;wiki_en;wiki_th_list
ผัดผักบุ้ง,ภาคกลางและทั่วประเทศ,10,pass,,c_nlove;e_anowl;g_aroimak_30;g_streetratchada;pptv_100;tfc_100;thairath_100;wiki_en;wiki_th_cats;wiki_th_list
ผัดผักรวม,ภาคกลางและทั่วประเทศ,13,pass,,c_nlove;fish_nlove;g_joomyak100;g_kapook_kg;g_streetratchada;ne_nlove;np_nlove;pptv_100;rleaw_100;sanook_100;tfc_100;wiki_en;yum_nlove
ผัดกะหล่ำปลี,ภาคกลางและทั่วประเทศ,6,pass,,g_aroimak_30;g_trueid30;ofm_150;pptv_100;tfc_100;thairath_100
ผัดถั่วงอก,ภาคกลางและทั่วประเทศ,5,pass,,g_propertyhub;g_streetratchada;pptv_100;tfc_100;thairath_100
ผัดถั่วฝักยาว,ภาคกลางและทั่วประเทศ,5,pass,,e_anowl;e_anurak;pptv_100;tfc_100;thairath_100
ผัดบวบ,ภาคกลางและทั่วประเทศ,2,pass,,pptv_100;wiki_en
ผัดฟักทอง,ภาคกลางและทั่วประเทศ,5,pass,,g_propertyhub;g_streetratchada;g_trueid30;pptv_100;tfc_100
ผัดผักกระเฉด,ภาคกลางและทั่วประเทศ,3,pass,,ofm_150;thairath_100;wiki_th_list
ผัดเห็ด,ภาคกลางและทั่วประเทศ,5,pass,,c_nlove;fish_nlove;ne_nlove;np_nlove;yum_nlove
ผัดมะเขือยาว,ภาคกลางและทั่วประเทศ,2,pass,,g_kapook_kg;tfc_100
ผัดเต้าหู้,ภาคกลางและทั่วประเทศ,6,pass,,c_nlove;fish_nlove;ne_nlove;np_nlove;thairath_100;yum_nlove
ผัดวุ้นเส้น,ภาคกลางและทั่วประเทศ,11,pass,,c_nlove;e_weaving;g_propertyhub;g_streetratchada;g_trueid30;ofm_150;rleaw_100;sanook_100;tfc_100;wiki_en;wiki_th_list
ผัดไทย,ภาคกลางและทั่วประเทศ,25,pass,,c_sgethai;e_anowl;e_anurak;g_aroimak_30;g_joomyak100;g_kapook_kg;kj_krua;nd_aroifin15;nd_kapook40;nd_kapookkj;ne_kapook1;ne_kapook2;ne_kapook3;ne_tfc;np_kapook;ofm_150;s_kapook;s_kapook2;sanook_100;soup_kapook;tfc_100;thairath_100;wiki_en;wiki_th_cats;wiki_th_list
ผัดซีอิ๊ว,ภาคกลางและทั่วประเทศ,12,pass,,g_propertyhub;kj_krua;nd_aroifin15;nd_kapook40;ne_tfc;ofm_150;rleaw_100;sanook_100;tfc_100;thairath_100;wiki_en;wiki_th_cats
ราดหน้า,ภาคกลางและทั่วประเทศ,28,pass,,c_sgethai;fish_nlove;fish_trueid;g_joomyak100;g_kapook_kg;g_propertyhub;g_trueid30;kj_krua;nd_aroifin15;nd_kapook40;nd_kapookkj;ne_kapook1;ne_kapook2;ne_kapook3;ne_tfc;np_kapook;ofm_150;pptv_100;rleaw_100;s_kapook;s_kapook2;sanook_100;soup_kapook;tfc_100;thairath_100;wiki_en;wiki_th_cats;wiki_th_list
ผัดขี้เมา,ภาคกลางและทั่วประเทศ,9,pass,,kj_krua;ofm_150;pptv_100;rleaw_100;tfc_100;thairath_100;wiki_en;wiki_th_cats;wiki_th_list
ผัดมาม่า,ภาคกลางและทั่วประเทศ,7,pass,,g_propertyhub;g_streetratchada;ofm_150;sanook_100;tfc_100;thairath_100;wiki_en
ก๋วยเตี๋ยวคั่วไก่,ภาคกลางและทั่วประเทศ,9,pass,,c_sgethai;g_propertyhub;n_aroifin;nd_kapook40;ofm_150;sanook_100;soup_aroifin;tfc_100;wiki_th_cats
หมี่กรอบ,ภาคกลางและทั่วประเทศ,8,pass,,g_propertyhub;n_toketong;nd_kapook40;ofm_150;pptv_100;thairath_100;wiki_en;wiki_th_cats
หอยทอด,ภาคกลางและทั่วประเทศ,5,pass,,c_nlove;e_weaving;fish_trueid;s_trueid;wiki_th_cats
ผัดหมี่,ภาคกลางและทั่วประเทศ,8,pass,,g_propertyhub;nd_aroifin15;ne_nlove;ne_trueid32;ofm_150;rleaw_100;s_tfc50;wiki_en
สุกี้,ภาคกลางและทั่วประเทศ,12,pass,,g_joomyak100;g_propertyhub;g_streetratchada;nd_aroifin15;ofm_150;pptv_100;rleaw_100;tfc_100;thairath_100;wiki_en;wiki_th_cats;wiki_th_list
ข้าวคลุกกะปิ,ภาคกลางและทั่วประเทศ,12,pass,,c_sgethai;g_aroimak_30;g_joomyak100;g_propertyhub;ne_tfc;ofm_150;rleaw_100;tfc_100;thairath_100;wiki_en;wiki_th_cats;wiki_th_list
ข้าวยำปลากระป๋อง,ภาคกลางและทั่วประเทศ,21,pass,,c_nlove;fish_nlove;fish_trueid;fish_wongnai;g_propertyhub;g_streetratchada;g_trueid30;kj_gc;nd_aroifin15;nd_kapookkj;ne_nlove;ne_tfc;ne_trueid32;np_krua;np_nlove;ofm_150;pptv_100;soup_kapook;tfc_100;thairath_100;yum_nlove
ข้าวมันไก่,ภาคกลางและทั่วประเทศ,22,pass,,fish_steam;fish_wongnai;g_joomyak100;g_kapook_kg;g_streetratchada;g_wongnai_viands;nd_kapook40;nd_kapookkj;ne_kapook1;ne_kapook2;ne_kapook3;np_kapook;s_kapook;s_kapook2;s_wongnai;sanook_100;soup_kapook;soup_wongnai;tfc_100;wiki_en;wiki_th_cats;wiki_th_list
ข้าวขาหมู,ภาคกลางและทั่วประเทศ,13,pass,,c_nlove;fish_nlove;n_toketong;n_trueid;nd_kapook40;ne_nlove;ne_tfc;np_nlove;sanook_100;tfc_100;wiki_en;wiki_th_cats;yum_nlove
ข้าวต้ม,ภาคกลางและทั่วประเทศ,15,pass,,c_nlove;e_remawadee;e_weaving;fish_wongnai;g_streetratchada;n_bkkair;nd_kapookkj;ne_kapook2;ne_tfc;rleaw_100;s_mybest;s_tfc50;tfc_100;wiki_en;wiki_th_cats
โจ๊ก,ภาคกลางและทั่วประเทศ,4,pass,,ne_tfc;rleaw_100;wiki_en;wiki_th_cats
ก๋วยเตี๋ยวน้ำใส,ภาคกลางและทั่วประเทศ,9,pass,,e_anurak;e_chillpainai;e_nayoo;e_nayoo2;e_remawadee;g_streetratchada;nd_aroifin15;nd_kapook40;ne_tfc
ก๋วยเตี๋ยวต้มยำ,ภาคกลางและทั่วประเทศ,3,pass,,g_joomyak100;nd_kapook40;np_kapook
เย็นตาโฟ,ภาคกลางและทั่วประเทศ,8,pass,,e_nayoo;e_nayoo2;nd_aroifin15;nd_kapook40;ne_michelin_bf;ne_tfc;wiki_en;wiki_th_cats
ก๋วยเตี๋ยวเป็ด,ภาคกลางและทั่วประเทศ,2,pass,,nd_kapook40;ne_michelin_bf
ก๋วยเตี๋ยวไก่ตุ๋น,ภาคกลางและทั่วประเทศ,4,pass,,nd_kapook40;soup_tpp;soup_wongnai;wiki_en
ก๋วยเตี๋ยวเนื้อ,ภาคกลางและทั่วประเทศ,6,pass,,c_nlove;c_sgethai;n_bkkair;nd_kapook40;ne_tfc;wiki_en
ก๋วยเตี๋ยวลุยสวน,ภาคกลางและทั่วประเทศ,2,pass,,kj_krua;nd_kapook40
กวยจั๊บ,ภาคกลางและทั่วประเทศ,4,pass,,e_anurak;nd_kapook40;wiki_en;wiki_th_cats
บะหมี่,ภาคกลางและทั่วประเทศ,13,pass,,g_propertyhub;g_streetratchada;kj_krua;n_bkkair;n_toketong;nd_aroifin15;nd_kapook40;ne_michelin_bf;ne_tfc;ofm_150;thairath_100;wiki_en;wiki_th_list
เกาเหลา,ภาคกลางและทั่วประเทศ,2,pass,,rleaw_100;wiki_en
ขนมจีนน้ำยา,ภาคกลางและทั่วประเทศ,18,pass,,c_nlove;c_sgethai;fish_nlove;g_joomyak100;kj_gc;kj_krua;n_aroifin;nd_aroifin15;nd_kapookkj;rleaw_100;s_bkkbus;s_kapook;s_kapook2;s_tfc50;s_trueid;s_wongnai;soup_aroifin;wiki_en
ขนมจีนน้ำพริก,ภาคกลางและทั่วประเทศ,3,pass,,kj_krua;nd_kapookkj;np_krua
ขนมจีนซาวน้ำ,ภาคกลางและทั่วประเทศ,3,pass,,kj_gc;kj_krua;wiki_en
ยำขนมจีน,ภาคกลางและทั่วประเทศ,15,pass,,g_kapook_kg;kj_gc;nd_aroifin15;nd_kapook40;nd_kapookkj;ne_kapook1;ne_kapook2;ne_kapook3;ne_trueid32;np_kapook;rleaw_100;s_kapook;s_kapook2;soup_kapook;wiki_en
แกงเขียวหวาน,ภาคกลางและทั่วประเทศ,24,pass,,c_nlove;c_sgethai;g_aroimak_30;g_joomyak100;g_kapook_kg;g_propertyhub;g_trueid30;g_wongnai_viands;nd_kapook40;nd_kapookkj;ne_kapook1;ne_kapook2;ne_kapook3;ne_tfc;np_kapook;rleaw_100;s_kapook;s_kapook2;sanook_100;soup_kapook;tfc_100;wiki_en;wiki_th_cats;wiki_th_list
แกงเผ็ด,ภาคกลางและทั่วประเทศ,21,pass,,c_nlove;e_anowl;e_dasta;fish_trueid;fish_wongnai;g_aroimak_30;g_joomyak100;g_kapook_kg;g_trueid30;n_toketong;nd_kapookkj;ne_tfc;ne_trueid32;s_kapook;s_kapook2;s_wongnai;sanook_100;soup_kapook;wiki_en;wiki_th_cats;wiki_th_list
พะแนง,ภาคกลางและทั่วประเทศ,11,pass,,g_aroimak_30;g_kapook_kg;g_trueid30;nd_kapookkj;ne_michelin;ne_tfc;sanook_100;tfc_100;wiki_en;wiki_th_cats;wiki_th_list
แกงมัสมั่น,ภาคกลางและทั่วประเทศ,13,pass,,e_anowl;e_anurak;e_chillpainai;g_aroimak_30;g_joomyak100;g_trueid30;ne_tfc;rleaw_100;s_tfc50;tfc_100;wiki_en;wiki_th_cats;wiki_th_list
แกงกะหรี่,ภาคกลางและทั่วประเทศ,7,pass,,n_prd;nd_aroifin15;ne_michelin;ne_tfc;wiki_en;wiki_th_cats;wiki_th_list
แกงป่า,ภาคกลางและทั่วประเทศ,13,pass,,c_nlove;e_anowl;e_weaving;fish_nlove;g_aroimak_30;g_joomyak100;nd_aroifin15;ne_tfc;s_tfc50;tfc_100;wiki_en;wiki_th_cats;wiki_th_list
แกงส้ม,ภาคกลางและทั่วประเทศ,35,pass,,c_nlove;c_sgethai;e_anurak;e_dasta;e_nayoo;e_nayoo2;e_weaving;fish_nlove;g_aroimak_30;g_joomyak100;g_kapook_kg;g_streetratchada;g_trueid30;g_wongnai_viands;nd_kapook40;nd_kapookkj;ne_kapook1;ne_kapook2;ne_kapook3;ne_tfc;np_kapook;rleaw_100;s_bkkbus;s_kapook;s_kapook2;s_mybest;s_tfc50;s_trueid;s_wongnai;sanook_100;soup_kapook;tfc_100;wiki_en;wiki_th_cats;wiki_th_list
แกงเลียง,ภาคกลางและทั่วประเทศ,13,pass,,c_nlove;c_sgethai;e_weaving;fish_nlove;g_aroimak_30;g_trueid30;ne_nlove;np_nlove;s_bkkbus;soup_wongnai;wiki_th_cats;wiki_th_list;yum_nlove
แกงจืด,ภาคกลางและทั่วประเทศ,15,pass,,c_nlove;g_joomyak100;g_kapook_kg;g_propertyhub;g_wongnai_viands;pptv_100;rleaw_100;s_tfc50;sanook_100;soup_aroifin;soup_kapook;soup_wongnai;tfc_100;wiki_en;wiki_th_list
แกงจืดเต้าหู้,ภาคกลางและทั่วประเทศ,13,pass,,c_nlove;fish_nlove;g_propertyhub;ne_nlove;np_nlove;pptv_100;rleaw_100;sanook_100;soup_aroifin;soup_kapook;tfc_100;thairath_100;yum_nlove
แกงจืดวุ้นเส้น,ภาคกลางและทั่วประเทศ,2,pass,,soup_tpp;tfc_100
แกงจืดมะระ,ภาคกลางและทั่วประเทศ,2,pass,,soup_aroifin;wiki_en
แกงจืดฟักแฟง,ภาคกลางและทั่วประเทศ,3,pass,,g_aroimak_30;soup_aroifin;soup_tpp
แกงจืดผักกาดดอง,ภาคกลางและทั่วประเทศ,2,pass,,g_kapook_kg;wiki_en
แกงขี้เหล็ก,ภาคกลางและทั่วประเทศ,3,pass,,ne_tfc;wiki_en;wiki_th_cats
แกงเทโพ,ภาคกลางและทั่วประเทศ,5,pass,,g_aroimak_30;g_trueid30;wiki_en;wiki_th_cats;wiki_th_list
แกงบอน,ภาคกลางและทั่วประเทศ,2,pass,,wiki_th_cats;wiki_th_list
แกงคั่วหอยขม,ภาคกลางและทั่วประเทศ,3,pass,,g_joomyak100;s_tfc50;s_trueid
ฉู่ฉี่,ภาคกลางและทั่วประเทศ,4,pass,,fish_trueid;fish_wongnai;wiki_en;wiki_th_cats
ห่อหมก,ภาคกลางและทั่วประเทศ,12,pass,,c_nlove;e_remawadee;e_weaving;g_aroimak_30;g_joomyak100;g_kapook_kg;g_trueid30;ne_michelin;ne_tfc;wiki_en;wiki_th_cats;wiki_th_list
ต้มยำ,ภาคกลางและทั่วประเทศ,31,pass,,c_nlove;c_sgethai;e_anowl;e_anurak;e_dasta;e_weaving;fish_nlove;g_aroimak_30;g_joomyak100;g_propertyhub;g_streetratchada;n_aroifin;nd_aroifin15;nd_kapook40;ne_kapook1;ne_kapook2;ne_tfc;np_kapook;ofm_150;pptv_100;rleaw_100;s_trueid;s_wongnai;sanook_100;soup_aroifin;soup_kapook;tfc_100;thairath_100;wiki_en;wiki_th_cats;wiki_th_list
ต้มยำน้ำข้น,ภาคกลางและทั่วประเทศ,2,pass,,nd_kapook40;tfc_100
ต้มข่าไก่,ภาคกลางและทั่วประเทศ,29,pass,,c_nlove;c_sgethai;fish_nlove;fish_wongnai;g_aroimak_30;g_joomyak100;g_kapook_kg;g_trueid30;g_wongnai_viands;nd_kapook40;nd_kapookkj;ne_kapook1;ne_kapook2;ne_kapook3;ne_nlove;ne_tfc;np_kapook;np_nlove;pptv_100;rleaw_100;s_kapook;s_kapook2;sanook_100;soup_kapook;tfc_100;wiki_en;wiki_th_cats;wiki_th_list;yum_nlove
ต้มโคล้ง,ภาคกลางและทั่วประเทศ,6,pass,,c_nlove;c_sgethai;g_joomyak100;wiki_en;wiki_th_cats;wiki_th_list
ต้มส้ม,ภาคกลางและทั่วประเทศ,10,pass,,e_anowl;e_weaving;fish_trueid;fish_wongnai;rleaw_100;s_kapook2;s_tfc50;wiki_en;wiki_th_cats;wiki_th_list
ต้มเลือดหมู,ภาคกลางและทั่วประเทศ,2,pass,,rleaw_100;soup_aroifin
ต้มเครื่องในหมู,ภาคกลางและทั่วประเทศ,2,pass,,ne_tfc;wiki_th_cats
ปลาทอด,ภาคกลางและทั่วประเทศ,17,pass,,c_nlove;e_weaving;fish_nlove;fish_trueid;fish_wongnai;g_aroimak_30;g_joomyak100;g_kapook_kg;g_streetratchada;g_trueid30;ne_trueid32;np_kapook;rleaw_100;s_mybest;sanook_100;soup_kapook;wiki_en
ปลาทูทอด,ภาคกลางและทั่วประเทศ,8,pass,,e_weaving;fish_trueid;g_kapook_kg;np_kapook;np_krua;np_wongnai;ofm_150;wiki_en
ปลาราดพริก,ภาคกลางและทั่วประเทศ,9,pass,,c_nlove;fish_nlove;fish_trueid;fish_wongnai;g_aroimak_30;g_streetratchada;g_trueid30;ne_trueid32;wiki_th_list
ปลาสามรส,ภาคกลางและทั่วประเทศ,10,pass,,c_nlove;e_chillpainai;fish_trueid;fish_wongnai;g_aroimak_30;g_trueid30;ne_trueid32;s_kapook;wiki_en;yum_nlove
ปลานึ่งมะนาว,ภาคกลางและทั่วประเทศ,8,pass,,c_nlove;fish_nlove;fish_steam;fish_trueid;fish_wongnai;g_kapook_kg;s_tfc50;wiki_en
ปลานึ่งซีอิ๊ว,ภาคกลางและทั่วประเทศ,3,pass,,fish_steam;g_kapook_kg;soup_kapook
ปลาสลิดทอด,ภาคกลางและทั่วประเทศ,5,pass,,fish_trueid;g_propertyhub;np_krua;np_wongnai;ofm_150
ปลาเค็ม,ภาคกลางและทั่วประเทศ,11,pass,,c_nlove;fish_nlove;kj_krua;np_krua;ofm_150;s_mybest;s_tfc50;sanook_100;thairath_100;wiki_en;wiki_th_list
หมูทอด,ภาคกลางและทั่วประเทศ,19,pass,,c_nlove;e_anowl;g_aroimak_30;g_joomyak100;g_kapook_kg;g_propertyhub;g_streetratchada;n_bkkair;ne_kapook1;ne_tfc;np_kapook;np_wongnai;ofm_150;pptv_100;rleaw_100;s_mybest;sanook_100;thairath_100;wiki_en
หมูแดดเดียว,ภาคกลางและทั่วประเทศ,8,pass,,g_joomyak100;ne_kapook2;ne_nlove;ne_tfc;ofm_150;s_mybest;sanook_100;wiki_en
เนื้อแดดเดียว,ภาคกลางและทั่วประเทศ,2,pass,,sanook_100;wiki_en
หมูย่าง,ภาคกลางและทั่วประเทศ,14,pass,,e_weaving;g_joomyak100;g_wongnai_viands;kj_krua;ne_kapook1;ne_kapook2;ne_kapook3;ne_nlove;ne_tfc;ne_trueid32;ofm_150;rleaw_100;tfc_100;wiki_en
หมูปิ้ง,ภาคกลางและทั่วประเทศ,3,pass,,c_nlove;tfc_100;wiki_en
ไก่ทอด,ภาคกลางและทั่วประเทศ,19,pass,,c_nlove;g_joomyak100;g_streetratchada;g_trueid30;ne_kapook2;ne_trueid32;ofm_150;pptv_100;rleaw_100;s_bkkbus;s_mthai;s_mybest;s_tfc50;s_trueid;sanook_100;tfc_100;thairath_100;wiki_en;wiki_th_list
ปีกไก่ทอด,ภาคกลางและทั่วประเทศ,4,pass,,c_nlove;ne_kapook2;rleaw_100;sanook_100
ทอดมัน,ภาคกลางและทั่วประเทศ,9,pass,,c_nlove;fish_nlove;fish_wongnai;g_aroimak_30;g_kapook_kg;g_streetratchada;g_trueid30;wiki_en;wiki_th_cats
กุ้งอบวุ้นเส้น,ภาคกลางและทั่วประเทศ,11,pass,,c_nlove;g_kapook_kg;nd_kapook40;nd_kapookkj;ne_kapook1;ne_kapook2;ne_kapook3;np_kapook;s_kapook;s_kapook2;soup_kapook
กุ้งแช่น้ำปลา,ภาคกลางและทั่วประเทศ,2,pass,,wiki_en;wiki_th_list
กุ้งเผา,ภาคกลางและทั่วประเทศ,5,pass,,e_weaving;g_joomyak100;kj_krua;np_wongnai;wiki_en
หอยแครงลวก,ภาคกลางและทั่วประเทศ,3,pass,,ne_kapook2;ne_kapook3;ofm_150
ปูผัดผงกะหรี่,ภาคกลางและทั่วประเทศ,3,pass,,ofm_150;pptv_100;thairath_100
ปลาหมึกผัดไข่เค็ม,ภาคกลางและทั่วประเทศ,6,pass,,c_nlove;e_weaving;g_kapook_kg;g_propertyhub;ofm_150;thairath_100
ยำวุ้นเส้น,ภาคกลางและทั่วประเทศ,11,pass,,g_joomyak100;g_streetratchada;nd_aroifin15;ne_kapook2;ofm_150;pptv_100;rleaw_100;sanook_100;thairath_100;wiki_en;yum_nlove
ยำมาม่า,ภาคกลางและทั่วประเทศ,4,pass,,pptv_100;rleaw_100;sanook_100;tfc_100
ยำทะเล,ภาคกลางและทั่วประเทศ,6,pass,,e_anurak;ofm_150;sanook_100;tfc_100;thairath_100;wiki_en
ยำหมูยอ,ภาคกลางและทั่วประเทศ,4,pass,,ne_kapook2;ofm_150;thairath_100;wiki_en
ยำไข่ดาว,ภาคกลางและทั่วประเทศ,9,pass,,c_nlove;g_propertyhub;g_streetratchada;ofm_150;pptv_100;rleaw_100;wiki_en;wiki_th_cats;yum_nlove
ยำปลาดุกฟู,ภาคกลางและทั่วประเทศ,5,pass,,c_nlove;fish_nlove;ofm_150;wiki_en;yum_nlove
ยำมะม่วง,ภาคกลางและทั่วประเทศ,7,pass,,e_weaving;fish_trueid;g_joomyak100;g_trueid30;ne_kapook2;pptv_100;s_mybest
ยำใหญ่,ภาคกลางและทั่วประเทศ,2,pass,,wiki_th_cats;wiki_th_list
ยำเนื้อย่าง,ภาคกลางและทั่วประเทศ,2,pass,,ofm_150;wiki_en
ยำกุนเชียง,ภาคกลางและทั่วประเทศ,3,pass,,g_streetratchada;ofm_150;wiki_en
ยำแหนม,ภาคกลางและทั่วประเทศ,3,pass,,ne_kapook1;ofm_150;wiki_en
ยำเห็ด,ภาคกลางและทั่วประเทศ,3,pass,,c_nlove;ofm_150;soup_kapook
ยำปลากระป๋อง,ภาคกลางและทั่วประเทศ,4,pass,,g_streetratchada;ofm_150;soup_kapook;thairath_100
ยำส้มโอ,ภาคกลางและทั่วประเทศ,2,pass,,g_joomyak100;wiki_en
พล่ากุ้ง,ภาคกลางและทั่วประเทศ,11,pass,,e_weaving;g_kapook_kg;kj_krua;ne_kapook1;np_nlove;np_wongnai;rleaw_100;wiki_en;wiki_th_cats;wiki_th_list;yum_nlove
น้ำพริกกะปิ,ภาคกลางและทั่วประเทศ,18,pass,,c_nlove;e_weaving;g_joomyak100;g_kapook_kg;g_streetratchada;g_wongnai_viands;np_kapook;np_krua;np_nlove;np_wongnai;ofm_150;s_kapook2;s_trueid;soup_wongnai;tfc_100;wiki_en;wiki_th_cats;wiki_th_list
น้ำพริกลงเรือ,ภาคกลางและทั่วประเทศ,9,pass,,g_wongnai_viands;np_krua;np_nlove;np_wongnai;ofm_150;sanook_100;tfc_100;wiki_en;wiki_th_cats
น้ำพริกปลาทู,ภาคกลางและทั่วประเทศ,6,pass,,fish_wongnai;g_kapook_kg;ne_trueid32;np_kapook;np_krua;ofm_150
น้ำพริกเผา,ภาคกลางและทั่วประเทศ,19,pass,,c_nlove;e_dasta;fish_trueid;g_aroimak_30;g_kapook_kg;g_propertyhub;g_trueid30;g_wongnai_viands;ne_kapook2;ne_kapook3;np_kapook;np_nlove;ofm_150;s_tfc50;soup_kapook;thairath_100;wiki_en;wiki_th_cats;yum_nlove
น้ำพริกนรก,ภาคกลางและทั่วประเทศ,4,pass,,np_nlove;np_wongnai;ofm_150;wiki_en
น้ำพริกตาแดง,ภาคกลางและทั่วประเทศ,5,pass,,c_nlove;np_kapook;np_krua;np_nlove;ofm_150
น้ำพริกมะขาม,ภาคกลางและทั่วประเทศ,4,pass,,np_kapook;np_nlove;np_wongnai;ofm_150
หลนเต้าเจี้ยว,ภาคกลางและทั่วประเทศ,5,pass,,c_nlove;c_sgethai;g_wongnai_viands;np_nlove;np_wongnai
เมี่ยงคำ,ภาคกลางและทั่วประเทศ,3,pass,,g_wongnai_viands;wiki_en;wiki_th_cats
เมี่ยงปลาทู,ภาคกลางและทั่วประเทศ,3,pass,,c_sgethai;fish_trueid;wiki_th_cats
ผัดพริกสด,ภาคกลางและทั่วประเทศ,3,pass,,ofm_150;thairath_100;wiki_en
ไก่ผัดขิง,ภาคกลางและทั่วประเทศ,2,pass,,c_nlove;wiki_en
ไก่ต้มน้ำปลา,ภาคกลางและทั่วประเทศ,14,pass,,c_nlove;g_aroimak_30;g_kapook_kg;g_trueid30;nd_kapook40;nd_kapookkj;ne_kapook1;ne_kapook2;ne_kapook3;np_kapook;s_kapook;s_kapook2;soup_kapook;wiki_th_list
แกงส้มชะอม,ภาคกลางและทั่วประเทศ,7,pass,,c_nlove;g_aroimak_30;g_joomyak100;g_kapook_kg;g_trueid30;rleaw_100;tfc_100
ข้าวซอย,ภาคเหนือ,10,pass,,g_joomyak100;n_aroifin;n_bkkair;n_prd;n_toketong;n_trueid;ne_michelin_bf;rleaw_100;wiki_en;wiki_th_cats
ขนมจีนน้ำเงี้ยว,ภาคเหนือ,12,pass,,g_joomyak100;kj_gc;kj_krua;n_aroifin;n_bkkair;n_prd;n_toketong;n_trueid;nd_kapookkj;rleaw_100;wiki_en;wiki_th_cats
แกงฮังเล,ภาคเหนือ,11,pass,,g_joomyak100;g_wongnai_viands;n_aroifin;n_bkkair;n_prd;n_toketong;n_trueid;ne_tfc;rleaw_100;wiki_en;wiki_th_cats
น้ำพริกหนุ่ม,ภาคเหนือ,13,pass,,g_joomyak100;n_bkkair;n_prd;n_toketong;n_trueid;ne_tfc;np_kapook;np_krua;np_wongnai;ofm_150;rleaw_100;wiki_en;wiki_th_cats
น้ำพริกอ่อง,ภาคเหนือ,19,pass,,c_nlove;fish_nlove;g_joomyak100;n_aroifin;n_bkkair;n_prd;n_toketong;n_trueid;ne_nlove;ne_tfc;np_kapook;np_krua;np_nlove;np_wongnai;ofm_150;rleaw_100;wiki_en;wiki_th_cats;yum_nlove
ลาบคั่ว,ภาคเหนือ,6,pass,,g_joomyak100;n_aroifin;n_bkkair;n_trueid;rleaw_100;wiki_en
แกงแค,ภาคเหนือ,8,pass,,g_joomyak100;n_bkkair;n_prd;n_toketong;n_trueid;rleaw_100;wiki_en;wiki_th_cats
แกงโฮะ,ภาคเหนือ,8,pass,,n_bkkair;n_prd;n_toketong;n_trueid;rleaw_100;wiki_en;wiki_th_cats;wiki_th_list
แกงขนุน,ภาคเหนือ,3,pass,,n_trueid;wiki_en;wiki_th_cats
ไข่ป่าม,ภาคเหนือ,6,pass,,g_joomyak100;n_aroifin;n_toketong;n_trueid;rleaw_100;wiki_th_cats
จอผักกาด,ภาคเหนือ,4,pass,,n_toketong;n_trueid;rleaw_100;wiki_th_cats
ข้าวกั๊นจิ๊น,ภาคเหนือ,4,pass,,n_toketong;n_trueid;wiki_en;wiki_th_cats
ยำจิ๊นไก่,ภาคเหนือ,5,pass,,n_toketong;n_trueid;rleaw_100;wiki_en;wiki_th_cats
อ่องปู,ภาคเหนือ,3,pass,,n_trueid;wiki_en;wiki_th_cats
แอ็บ,ภาคเหนือ,5,pass,,n_toketong;n_trueid;rleaw_100;wiki_en;wiki_th_cats
น้ำพริกน้ำปู,ภาคเหนือ,5,pass,,kj_krua;n_trueid;np_krua;wiki_en;wiki_th_cats
แกงกระด้าง,ภาคเหนือ,4,pass,,n_toketong;n_trueid;wiki_en;wiki_th_cats
จิ้นส้ม,ภาคเหนือ,3,pass,,g_joomyak100;n_trueid;rleaw_100
ตำขนุน,ภาคเหนือ,3,pass,,n_toketong;rleaw_100;wiki_en
ตำซั่ว,ภาคอีสาน,8,pass,,kj_gc;nd_aroifin15;ne_kapook1;ne_michelin;ne_nlove;ne_tfc;ne_trueid32;rleaw_100
ตำถั่ว,ภาคอีสาน,5,pass,,ne_kapook2;ne_nlove;ne_tfc;ne_trueid32;yum_nlove
ตำแตง,ภาคอีสาน,3,pass,,ne_michelin;ne_tfc;wiki_th_cats
ตำข้าวโพด,ภาคอีสาน,5,pass,,ne_kapook1;ne_kapook2;ne_michelin;ne_trueid32;rleaw_100
ลาบหมู,ภาคอีสาน,13,pass,,g_joomyak100;g_propertyhub;g_streetratchada;ne_kapook1;ne_kapook2;ne_kapook3;ne_michelin;ne_nlove;ne_tfc;ne_trueid32;rleaw_100;sanook_100;yum_nlove
ลาบเป็ด,ภาคอีสาน,5,pass,,ne_kapook2;ne_nlove;ne_tfc;ne_trueid32;yum_nlove
ลาบปลาดุก,ภาคอีสาน,4,pass,,ne_kapook1;ne_kapook2;ne_tfc;ne_trueid32
น้ำตกหมู,ภาคอีสาน,6,pass,,g_joomyak100;ne_kapook1;ne_kapook2;ne_kapook3;ne_trueid32;sanook_100
ก้อย,ภาคอีสาน,7,pass,,g_aroimak_30;ne_michelin;ne_nlove;ne_trueid32;wiki_en;wiki_th_cats;yum_nlove
ไก่ย่าง,ภาคอีสาน,11,pass,,g_joomyak100;ne_kapook2;ne_michelin;ne_nlove;ne_trueid32;ofm_150;rleaw_100;s_mybest;s_wongnai;wiki_en;wiki_th_cats
คอหมูย่าง,ภาคอีสาน,8,pass,,ne_kapook1;ne_kapook2;ne_kapook3;ne_nlove;ne_tfc;ne_trueid32;rleaw_100;wiki_en
เสือร้องไห้,ภาคอีสาน,6,pass,,ne_nlove;ne_tfc;ne_trueid32;rleaw_100;wiki_en;wiki_th_cats
ต้มแซ่บ,ภาคอีสาน,13,pass,,g_joomyak100;ne_kapook1;ne_kapook2;ne_kapook3;ne_nlove;ne_tfc;ne_trueid32;rleaw_100;sanook_100;soup_kapook;tfc_100;wiki_en;wiki_th_cats
ซุปหน่อไม้,ภาคอีสาน,9,pass,,g_joomyak100;ne_kapook1;ne_kapook2;ne_kapook3;ne_nlove;ne_tfc;ne_trueid32;rleaw_100;yum_nlove
แกงอ่อม,ภาคอีสาน,10,pass,,g_joomyak100;n_toketong;ne_kapook1;ne_michelin;ne_nlove;ne_tfc;ne_trueid32;rleaw_100;wiki_en;wiki_th_cats
แกงหน่อไม้,ภาคอีสาน,10,pass,,c_sgethai;g_joomyak100;n_aroifin;n_toketong;nd_aroifin15;ne_kapook1;ne_michelin;ne_nlove;s_tfc50;soup_aroifin
แจ่วบอง,ภาคอีสาน,4,pass,,g_joomyak100;ne_kapook3;rleaw_100;wiki_th_cats
จิ้มจุ่ม,ภาคอีสาน,4,pass,,g_joomyak100;ne_tfc;wiki_en;wiki_th_cats
หมกหน่อไม้,ภาคอีสาน,3,pass,,ne_kapook3;ne_tfc;ne_trueid32
ปลาร้าทรงเครื่อง,ภาคอีสาน,9,pass,,c_nlove;fish_nlove;kj_krua;n_toketong;ne_nlove;ne_trueid32;np_nlove;wiki_th_list;yum_nlove
ตับหวาน,ภาคอีสาน,6,pass,,ne_kapook1;ne_kapook2;ne_kapook3;ne_nlove;ne_tfc;rleaw_100
ซุปเปอร์ขาไก่,ภาคอีสาน,2,pass,,ne_kapook1;soup_kapook
ยำหน่อไม้,ภาคอีสาน,2,pass,,rleaw_100;wiki_en
ก๋วยจั๊บญวน,ภาคอีสาน,3,pass,,nd_aroifin15;sanook_100;tfc_100
แกงเห็ด,ภาคอีสาน,11,pass,,fish_nlove;fish_steam;fish_wongnai;g_joomyak100;g_wongnai_viands;n_toketong;ne_nlove;rleaw_100;s_wongnai;soup_wongnai;wiki_en
ผัดหมี่โคราช,ภาคอีสาน,3,pass,,ne_nlove;ne_trueid32;wiki_en
ลาบวุ้นเส้น,ภาคอีสาน,5,pass,,g_streetratchada;ne_kapook2;ne_kapook3;ne_nlove;thairath_100
แกงเหลือง,ภาคใต้,14,pass,,g_kapook_kg;rleaw_100;s_bkkbus;s_kapook;s_kapook2;s_mybest;s_tfc50;s_trueid;s_wongnai;soup_kapook;tfc_100;wiki_en;wiki_th_cats;wiki_th_list
แกงไตปลา,ภาคใต้,19,pass,,fish_nlove;g_aroimak_30;g_joomyak100;g_kapook_kg;g_trueid30;kj_krua;ne_tfc;np_krua;rleaw_100;s_bkkbus;s_kapook;s_kapook2;s_mybest;s_tfc50;s_trueid;s_wongnai;wiki_en;wiki_th_cats;wiki_th_list
คั่วกลิ้ง,ภาคใต้,14,pass,,e_anowl;g_streetratchada;nd_kapookkj;rleaw_100;s_bkkbus;s_kapook;s_mybest;s_tfc50;s_trueid;s_wongnai;tfc_100;wiki_en;wiki_th_cats;wiki_th_list
ขนมจีนแกงไตปลา,ภาคใต้,2,pass,,g_joomyak100;kj_krua
ข้าวยำ,ภาคใต้,14,pass,,g_joomyak100;ne_tfc;ofm_150;rleaw_100;s_bkkbus;s_kapook;s_mybest;s_tfc50;s_trueid;s_wongnai;thairath_100;wiki_en;wiki_th_cats;wiki_th_list
ผัดสะตอ,ภาคใต้,10,pass,,e_anowl;fish_nlove;rleaw_100;s_bkkbus;s_kapook;s_mybest;s_tfc50;s_trueid;s_wongnai;wiki_en
ใบเหลียงผัดไข่,ภาคใต้,9,pass,,e_anowl;g_joomyak100;g_trueid30;rleaw_100;s_bkkbus;s_mybest;s_tfc50;s_trueid;s_wongnai
แกงคั่วหมู,ภาคใต้,3,pass,,c_nlove;s_mybest;wiki_en
แกงพริก,ภาคใต้,2,pass,,s_kapook;s_kapook2
หมูฮ้อง,ภาคใต้,6,pass,,g_joomyak100;rleaw_100;s_bkkbus;s_tfc50;s_trueid;s_wongnai
ไก่ทอดหาดใหญ่,ภาคใต้,5,pass,,g_joomyak100;s_bkkbus;s_mybest;s_tfc50;s_trueid
ไก่กอและ,ภาคใต้,5,pass,,rleaw_100;s_tfc50;s_trueid;s_wongnai;wiki_th_cats
แกงส้มปลา,ภาคใต้,8,pass,,fish_nlove;g_joomyak100;g_streetratchada;s_kapook;s_kapook2;s_mybest;s_tfc50;soup_kapook
แกงเหลืองหน่อไม้ดอง,ภาคใต้,2,pass,,g_kapook_kg;s_kapook2
น้ำพริกกุ้งเสียบ,ภาคใต้,10,pass,,g_joomyak100;np_krua;np_wongnai;ofm_150;rleaw_100;s_bkkbus;s_tfc50;s_trueid;s_wongnai;wiki_th_cats
ปลาทอดขมิ้น,ภาคใต้,12,pass,,c_nlove;fish_nlove;g_joomyak100;g_kapook_kg;ne_nlove;np_nlove;rleaw_100;s_mybest;s_tfc50;s_trueid;wiki_en;yum_nlove
หมูผัดกะปิ,ภาคใต้,10,pass,,e_anowl;e_anurak;e_weaving;g_aroimak_30;rleaw_100;s_kapook;s_mybest;s_tfc50;s_trueid;s_wongnai
ข้าวหมกไก่,ภาคใต้,2,pass,,wiki_en;wiki_th_cats
ข้าวต้มปลา,ภาคใต้,3,pass,,e_weaving;fish_wongnai;ne_tfc
ซุปหางวัว,ภาคใต้,2,pass,,soup_aroifin;tfc_100
ไก่ต้มขมิ้น,ภาคใต้,5,pass,,rleaw_100;s_kapook2;s_tfc50;s_trueid;s_wongnai
ยำไตปลา,ภาคใต้,2,pass,,s_kapook;s_wongnai
แกงส้มปลากระบอก,ภาคใต้,2,pass,,s_kapook;s_kapook2
ขนมจีนน้ำยาปักษ์ใต้,ภาคใต้,5,pass,,kj_krua;nd_kapookkj;rleaw_100;s_kapook2;s_tfc50
ไข่ครอบ,ภาคใต้,3,pass,,s_mybest;s_wongnai;wiki_th_cats
แกงหมูชะมวง,ภาคตะวันออก,8,pass,,e_anurak;e_chillpainai;e_dasta;e_nayoo;e_nayoo2;e_weaving;g_joomyak100;wiki_th_cats
ก๋วยเตี๋ยวหมูเลียง,ภาคตะวันออก,4,pass,,e_anurak;e_chillpainai;e_nayoo;e_nayoo2
เส้นจันท์ผัดปู,ภาคตะวันออก,7,pass,,e_anowl;e_anurak;e_dasta;e_nayoo;e_nayoo2;kj_krua;ne_trueid32
ข้าวคลุกพริกเกลือ,ภาคตะวันออก,5,pass,,e_chillpainai;e_dasta;e_nayoo;e_nayoo2;e_weaving
ปลาคก,ภาคตะวันออก,2,pass,,e_dasta;e_remawadee
น้ำพริกระกำ,ภาคตะวันออก,5,pass,,c_nlove;e_anurak;e_weaving;np_krua;np_nlove
ต้มส้มปลาทู,ภาคตะวันออก,2,pass,,fish_trueid;wiki_th_list
ไก่ต้มกระวาน,ภาคตะวันออก,2,pass,,e_nayoo;e_nayoo2
น้ำพริกเกลือ,ภาคตะวันออก,4,pass,,e_chillpainai;e_dasta;e_nayoo;e_nayoo2
ส้มตำไทย,ภาคอีสาน,15,pass,,c_nlove;c_sgethai;g_joomyak100;n_aroifin;nd_aroifin15;ne_kapook1;ne_kapook2;ne_kapook3;ne_nlove;ne_tfc;ne_trueid32;rleaw_100;sanook_100;soup_aroifin;yum_nlove
ส้มตำปู,ภาคอีสาน,8,pass,,g_joomyak100;ne_kapook1;ne_kapook2;ne_kapook3;ne_nlove;ne_tfc;sanook_100;wiki_en
ส้มตำปูปลาร้า,ภาคอีสาน,6,pass,,g_joomyak100;ne_kapook3;ne_tfc;ne_trueid32;np_krua;wiki_th_list
ข้าวผัดปลาทู,ภาคกลางและทั่วประเทศ,1,review,,ofm_150
ผัดบร็อกโคลี,ภาคกลางและทั่วประเทศ,1,review,,thairath_100
ก๋วยเตี๋ยวต้มยำสุโขทัย,ภาคกลางและทั่วประเทศ,1,review,,nd_kapook40
ขนมจีนแกงเขียวหวาน,ภาคกลางและทั่วประเทศ,1,review,,wiki_en
ขนมจีนแกงไก่คั่ว,ภาคกลางและทั่วประเทศ,1,review,,wiki_th_cats
แกงแดง,ภาคกลางและทั่วประเทศ,1,review,,g_trueid30
แกงคั่วสับปะรด,ภาคกลางและทั่วประเทศ,0,review,,
แกงจืดสาหร่าย,ภาคกลางและทั่วประเทศ,1,review,,sanook_100
ต้มจับฉ่าย,ภาคกลางและทั่วประเทศ,1,review,,soup_wongnai
ต้มซี่โครงหมู,ภาคกลางและทั่วประเทศ,1,review,,n_toketong
ต้มยำขาไก่,ภาคกลางและทั่วประเทศ,0,review,,
ปลาเผา,ภาคกลางและทั่วประเทศ,1,review,,fish_trueid
หอยแมลงภู่อบ,ภาคกลางและทั่วประเทศ,0,review,,
ปลาหมึกนึ่งมะนาว,ภาคกลางและทั่วประเทศ,1,review,,g_kapook_kg
ยำถั่วพู,ภาคกลางและทั่วประเทศ,1,review,,wiki_en
ยำไข่เยี่ยวม้า,ภาคกลางและทั่วประเทศ,1,review,,ofm_150
ยำหัวปลี,ภาคกลางและทั่วประเทศ,1,review,,wiki_en
ยำผักกาดดอง,ภาคกลางและทั่วประเทศ,0,review,,
แกงไก่หน่อไม้,ภาคกลางและทั่วประเทศ,1,review,,tfc_100
เต้าหู้ทรงเครื่อง,ภาคกลางและทั่วประเทศ,1,review,,rleaw_100
แกงผักกาด,ภาคเหนือ,1,review,,wiki_en
ผักเชียงดาผัดไข่,ภาคเหนือ,1,review,,n_trueid
แกงหน่อไม้ใส่ปลาย่าง,ภาคเหนือ,0,review,,
ข้าวแรมฟืน,ภาคเหนือ,0,review,,
ตำมั่ว,ภาคอีสาน,0,review,,
ต้มเปรต,ภาคอีสาน,0,review,,
อ่อมหอย,ภาคอีสาน,0,review,,
ป่นปลา,ภาคอีสาน,1,review,,ne_trueid32
อู๋,ภาคอีสาน,1,review,,wiki_th_cats
ข้าวเปียก,ภาคอีสาน,0,review,,
ไข่กระทะ,ภาคอีสาน,0,review,,
ต้มไก่บ้าน,ภาคอีสาน,0,review,,
หมกไข่มดแดง,ภาคอีสาน,0,review,,
แกงเผ็ดใต้,ภาคใต้,10,review,,g_aroimak_30;g_streetratchada;nd_kapookkj;s_bkkbus;s_kapook;s_kapook2;s_mybest;s_tfc50;s_trueid;s_wongnai
มะตะบะ,ภาคใต้,1,review,,wiki_th_cats
ผัดเผ็ดสะตอ,ภาคใต้,0,review,,
น้ำพริกสะตอ,ภาคใต้,1,review,,ne_tfc
หมี่ผัดฮกเกี้ยน,ภาคใต้,1,review,,ofm_150
ลูกเหลียง,ภาคใต้,0,review,,
แกงหอยแครงใบชะพลู,ภาคใต้,0,review,,
ผักเหนาะ,ภาคใต้,1,review,,kj_krua
แกงป่าไก่ใส่ผักหวาน,ภาคตะวันออก,0,review,,
ผัดไทยจันทบุรี,ภาคตะวันออก,0,review,,
ห่อหมกทะเล,ภาคตะวันออก,1,review,,c_nlove
ปูไข่นึ่ง,ภาคตะวันออก,0,review,,
แกงเลียงผักหวาน,ภาคตะวันออก,0,review,,
ข้าวหมูแดง,ภาคกลางและทั่วประเทศ,4,pass,ผู้ใช้ให้เก็บไว้,c_nlove;sanook_100;tfc_100;wiki_th_cats
ข้าวหน้าเป็ด,ภาคกลางและทั่วประเทศ,7,pass,ผู้ใช้ให้เก็บไว้,c_nlove;g_aroimak_30;ne_michelin_bf;tfc_100;wiki_en;wiki_th_cats;wiki_th_list
ข้าวแช่,ภาคกลางและทั่วประเทศ,5,cut,ตำรับชาววัง ขั้นตอนมาก ไม่ค่อยทำกินเอง,g_joomyak100;kj_gc;ne_michelin_bf;wiki_th_cats;wiki_th_list
ข้าวมันส้มตำ,ภาคกลางและทั่วประเทศ,2,cut,ชุดอาหารแบบร้าน,c_nlove;wiki_th_cats
ข้าวต้มกุ๊ย,ภาคกลางและทั่วประเทศ,2,pass,ผู้ใช้ให้เก็บไว้,nd_kapookkj;wiki_en
ก๋วยเตี๋ยวเรือ,ภาคกลางและทั่วประเทศ,15,cut,กินที่ร้านเป็นหลัก,c_nlove;c_sgethai;g_joomyak100;g_kapook_kg;nd_kapook40;nd_kapookkj;ne_kapook1;ne_kapook2;ne_kapook3;np_kapook;s_kapook;s_kapook2;soup_kapook;wiki_en;wiki_th_cats
หมูสะเต๊ะ,ภาคกลางและทั่วประเทศ,3,cut,ส่วนใหญ่ซื้อสำเร็จ,g_joomyak100;wiki_en;wiki_th_cats
หมูกระทะ,ภาคกลางและทั่วประเทศ,3,cut,ร้านปิ้งย่าง ไม่ใช่กับข้าวทำเอง,g_joomyak100;wiki_en;wiki_th_cats
ไส้อั่ว,ภาคเหนือ,11,cut,สินค้าแปรรูป → ย้ายไปชั้นสินค้า,g_joomyak100;n_aroifin;n_bkkair;n_prd;n_toketong;n_trueid;ne_michelin;rleaw_100;s_mybest;wiki_en;wiki_th_cats
แคบหมู,ภาคเหนือ,15,cut,สินค้าแปรรูป → ย้ายไปชั้นสินค้า,g_joomyak100;g_kapook_kg;kj_gc;n_bkkair;n_prd;n_toketong;ne_kapook1;ne_kapook2;ne_trueid32;np_kapook;np_krua;np_wongnai;rleaw_100;wiki_en;wiki_th_cats
แหนม,ภาคเหนือ,21,cut,สินค้าแปรรูป → ย้ายไปชั้นสินค้า,c_nlove;fish_nlove;g_propertyhub;g_streetratchada;n_prd;n_toketong;n_trueid;ne_kapook1;ne_nlove;ne_tfc;np_nlove;ofm_150;pptv_100;rleaw_100;sanook_100;tfc_100;thairath_100;wiki_en;wiki_th_cats;wiki_th_list;yum_nlove
หมูยอ,ภาคเหนือ,8,cut,สินค้าแปรรูป → ย้ายไปชั้นสินค้า,kj_gc;n_bkkair;ne_kapook2;ne_michelin_bf;ne_trueid32;ofm_150;thairath_100;wiki_en
ข้าวต้มหัวหงอก,ภาคเหนือ,1,cut,เป็นของหวาน,n_bkkair
ไส้กรอกอีสาน,ภาคอีสาน,6,cut,สินค้าแปรรูป → ย้ายไปชั้นสินค้า,g_joomyak100;ne_michelin;ne_michelin_bf;rleaw_100;wiki_en;wiki_th_cats
หม่ำ,ภาคอีสาน,6,cut,สินค้าแปรรูป → ย้ายไปชั้นสินค้า,ne_kapook1;ne_michelin;ne_nlove;ne_tfc;np_kapook;wiki_th_cats
ไข่มดแดง,ภาคอีสาน,9,cut,เป็นวัตถุดิบ ไม่ใช่เมนู,fish_nlove;g_joomyak100;n_toketong;ne_michelin;ne_nlove;rleaw_100;wiki_en;wiki_th_cats;yum_nlove
โรตี,ภาคใต้,2,cut,ซื้อจากร้าน และส่วนใหญ่กินเป็นของหวาน,ne_tfc;wiki_en
