menu,protein_options,ingredient,role,note
ผัดกะเพรา,หมูสับ / ไก่สับ / เนื้อ / กุ้ง / ปลาหมึก / ทะเลรวม,หมูสับ,หลัก,เปลี่ยนตามเนื้อสัตว์ที่เลือก
ผัดกะเพรา,,ใบกะเพรา,หลัก,
ผัดกะเพรา,,กระเทียมสับ,ผักและสมุนไพร,
ผัดกะเพรา,,พริกขี้หนู,ผักและสมุนไพร,
ผัดกะเพรา,,น้ำมันพืช,เครื่องปรุง,
ผัดกะเพรา,,ซอสหอยนางรม,เครื่องปรุง (เปลี่ยนยี่ห้อได้),
ผัดกะเพรา,,น้ำปลา,เครื่องปรุง (เปลี่ยนยี่ห้อได้),
ผัดกะเพรา,,น้ำตาลทราย,เครื่องปรุง,
ผัดกะเพรา,,ข้าวสวย,เครื่องเคียง,
ข้าวผัด,หมู / ไก่ / กุ้ง / ปู / ทะเลรวม,ข้าวสวย,หลัก,
ข้าวผัด,,เนื้อหมูหั่นชิ้น,หลัก,เปลี่ยนตามเนื้อสัตว์ที่เลือก
ข้าวผัด,,ไข่ไก่,หลัก,
ข้าวผัด,,หอมหัวใหญ่,ผักและสมุนไพร,
ข้าวผัด,,มะเขือเทศ,ผักและสมุนไพร,
ข้าวผัด,,ต้นหอม,ผักและสมุนไพร,
ข้าวผัด,,กระเทียมสับ,ผักและสมุนไพร,
ข้าวผัด,,น้ำมันพืช,เครื่องปรุง,
ข้าวผัด,,ซอสหอยนางรม,เครื่องปรุง (เปลี่ยนยี่ห้อได้),
ข้าวผัด,,ซีอิ๊วขาว,เครื่องปรุง (เปลี่ยนยี่ห้อได้),
ข้าวผัด,,ซอสปรุงรส,เครื่องปรุง (เปลี่ยนยี่ห้อได้),
ข้าวผัด,,น้ำตาลทราย,เครื่องปรุง,
ข้าวผัด,,พริกไทยป่น,เครื่องปรุง,
ข้าวผัด,,แตงกวา / มะนาว,ไม่บังคับ,เครื่องเคียง
ต้มยำ,กุ้ง / ปลา / ไก่ / ทะเลรวม / เห็ด,กุ้ง,หลัก,เปลี่ยนตามเนื้อสัตว์ที่เลือก
ต้มยำ,,เห็ดฟาง,ผักและสมุนไพร,
ต้มยำ,,ข่าอ่อนหั่นแว่น,ผักและสมุนไพร,
ต้มยำ,,ตะไคร้,ผักและสมุนไพร,
ต้มยำ,,ใบมะกรูด,ผักและสมุนไพร,
ต้มยำ,,หอมแดง,ผักและสมุนไพร,
ต้มยำ,,พริกขี้หนู,ผักและสมุนไพร,
ต้มยำ,,ผักชีฝรั่ง,ผักและสมุนไพร,
ต้มยำ,,น้ำปลา,เครื่องปรุง (เปลี่ยนยี่ห้อได้),
ต้มยำ,,น้ำมะนาว,เครื่องปรุง,
แกงเขียวหวาน,ไก่ / หมู / เนื้อ / ลูกชิ้นปลา,เนื้อไก่,หลัก,เปลี่ยนตามเนื้อสัตว์ที่เลือก
แกงเขียวหวาน,,กะทิ,หลัก,
แกงเขียวหวาน,,พริกแกงเขียวหวาน,หลัก,พริกแกงสำเร็จรูปมักมีกะปิ ต้องตรวจส่วนประกอบ
แกงเขียวหวาน,,มะเขือเปราะ,ผักและสมุนไพร,
แกงเขียวหวาน,,มะเขือพวง,ผักและสมุนไพร,
แกงเขียวหวาน,,ใบมะกรูด,ผักและสมุนไพร,
แกงเขียวหวาน,,พริกชี้ฟ้า,ผักและสมุนไพร,
แกงเขียวหวาน,,ใบโหระพา,ผักและสมุนไพร,
แกงเขียวหวาน,,น้ำปลา,เครื่องปรุง (เปลี่ยนยี่ห้อได้),
แกงเขียวหวาน,,น้ำตาลปี๊บ,เครื่องปรุง,
ต้มข่าไก่,ไก่,เนื้อไก่,หลัก,
ต้มข่าไก่,,หัวกะทิ,หลัก,
ต้มข่าไก่,,ข่าอ่อนหั่นแว่น,หลัก,
ต้มข่าไก่,,ตะไคร้,ผักและสมุนไพร,
ต้มข่าไก่,,ใบมะกรูด,ผักและสมุนไพร,
ต้มข่าไก่,,เห็ดฟาง,ผักและสมุนไพร,
ต้มข่าไก่,,พริกขี้หนู,ผักและสมุนไพร,
ต้มข่าไก่,,ผักชี,ไม่บังคับ,โรยหน้า
ต้มข่าไก่,,น้ำปลา,เครื่องปรุง (เปลี่ยนยี่ห้อได้),
ต้มข่าไก่,,เกลือ,เครื่องปรุง (เปลี่ยนยี่ห้อได้),เกลือในไทยส่วนใหญ่เสริมไอโอดีน
ต้มข่าไก่,,น้ำมะนาว,เครื่องปรุง,
ไข่พะโล้,หมูสามชั้น / ไม่ใส่เนื้อสัตว์,ไข่ไก่หรือไข่เป็ด,หลัก,
ไข่พะโล้,,หมูสามชั้น,หลัก,เปลี่ยนตามเนื้อสัตว์ที่เลือก
ไข่พะโล้,,เต้าหู้แข็ง,ไม่บังคับ,
ไข่พะโล้,,กระเทียม,ผักและสมุนไพร,
ไข่พะโล้,,รากผักชี,ผักและสมุนไพร,
ไข่พะโล้,,พริกไทยเม็ด,เครื่องปรุง,
ไข่พะโล้,,ผงพะโล้,เครื่องปรุง (เปลี่ยนยี่ห้อได้),
ไข่พะโล้,,น้ำตาลปี๊บ,เครื่องปรุง,
ไข่พะโล้,,ซีอิ๊วขาว,เครื่องปรุง (เปลี่ยนยี่ห้อได้),
ไข่พะโล้,,ซีอิ๊วดำ,เครื่องปรุง (เปลี่ยนยี่ห้อได้),
ไข่พะโล้,,เกลือ,เครื่องปรุง (เปลี่ยนยี่ห้อได้),เกลือในไทยส่วนใหญ่เสริมไอโอดีน
ไข่พะโล้,,น้ำมันพืช,เครื่องปรุง,
ผัดผักบุ้ง,ไม่มีเนื้อสัตว์,ผักบุ้ง,หลัก,
ผัดผักบุ้ง,,กระเทียมบุบ,ผักและสมุนไพร,
ผัดผักบุ้ง,,พริกชี้ฟ้าหรือพริกจินดา,ผักและสมุนไพร,
ผัดผักบุ้ง,,น้ำมันพืช,เครื่องปรุง,
ผัดผักบุ้ง,,ซอสหอยนางรม,เครื่องปรุง (เปลี่ยนยี่ห้อได้),
ผัดผักบุ้ง,,เต้าเจี้ยว,เครื่องปรุง (เปลี่ยนยี่ห้อได้),
ผัดผักบุ้ง,,น้ำตาลทราย,เครื่องปรุง,
ส้มตำไทย,ไม่มีเนื้อสัตว์,มะละกอดิบขูดเส้น,หลัก,
ส้มตำไทย,,ถั่วฝักยาว,ผักและสมุนไพร,
ส้มตำไทย,,มะเขือเทศ,ผักและสมุนไพร,
ส้มตำไทย,,พริกขี้หนู,ผักและสมุนไพร,
ส้มตำไทย,,กระเทียม,ผักและสมุนไพร,
ส้มตำไทย,,ถั่วลิสงคั่ว,ผักและสมุนไพร,
ส้มตำไทย,,กุ้งแห้ง,ไม่บังคับ,อาหารทะเล ตัดออกได้โดยยังเป็นส้มตำไทย
ส้มตำไทย,,น้ำปลา,เครื่องปรุง (เปลี่ยนยี่ห้อได้),
ส้มตำไทย,,น้ำมะนาว,เครื่องปรุง,
ส้มตำไทย,,น้ำตาลปี๊บ,เครื่องปรุง,
ข้าวซอย,ไก่ / เนื้อ / หมู,น่องไก่,หลัก,เปลี่ยนตามเนื้อสัตว์ที่เลือก
ข้าวซอย,,บะหมี่ไข่,หลัก,แบ่งลวกส่วนหนึ่ง ทอดกรอบส่วนหนึ่ง
ข้าวซอย,,กะทิ,หลัก,
ข้าวซอย,,น้ำพริกแกงข้าวซอย,หลัก,ต้องตรวจส่วนประกอบของพริกแกงสำเร็จรูป
ข้าวซอย,,น้ำปลา,เครื่องปรุง (เปลี่ยนยี่ห้อได้),
ข้าวซอย,,เกลือ,เครื่องปรุง (เปลี่ยนยี่ห้อได้),เกลือในไทยส่วนใหญ่เสริมไอโอดีน
ข้าวซอย,,น้ำตาลมะพร้าว,เครื่องปรุง,
ข้าวซอย,,ผักกาดดอง,ไม่บังคับ,เครื่องเคียง; ของดองต้องตรวจเกลือที่ใช้
ข้าวซอย,,หอมแดง,ไม่บังคับ,เครื่องเคียง
ข้าวซอย,,มะนาว,ไม่บังคับ,เครื่องเคียง
ข้าวซอย,,พริกผัดน้ำมัน,ไม่บังคับ,เครื่องเคียง
แกงหน่อไม้,ไม่มีเนื้อสัตว์,หน่อไม้สด,หลัก,ต้มสุกก่อนอย่างน้อย 10 นาที (สถาบันโภชนาการ)
แกงหน่อไม้,,ใบย่านาง (คั้นน้ำ),หลัก,
แกงหน่อไม้,,ข้าวเบือ (ข้าวเหนียวแช่น้ำ),หลัก,
แกงหน่อไม้,,หอมแดง,ผักและสมุนไพร,
แกงหน่อไม้,,พริกสด,ผักและสมุนไพร,
แกงหน่อไม้,,พริกหลอหรือพริกโดด,ผักและสมุนไพร,
แกงหน่อไม้,,ตะไคร้,ผักและสมุนไพร,
แกงหน่อไม้,,ฟักทอง,ผักและสมุนไพร,
แกงหน่อไม้,,ยอดฟักทอง,ผักและสมุนไพร,
แกงหน่อไม้,,ใบแมงลัก,ผักและสมุนไพร,
แกงหน่อไม้,,ผักขะแยง,ไม่บังคับ,
แกงหน่อไม้,,น้ำปลาร้า,เครื่องปรุง (เปลี่ยนยี่ห้อได้),ทำจากปลาหมัก ต้องตรวจไอโอดีน
แกงหน่อไม้,,น้ำตาลทราย,เครื่องปรุง,
ข้าวผัดกะเพรา,หมู / ไก่ / เนื้อ / กุ้ง / ทะเลรวม,ข้าวสวย,หลัก,
ข้าวผัดกะเพรา,,หมูสับ,หลัก,เปลี่ยนตามเนื้อสัตว์ที่เลือก
ข้าวผัดกะเพรา,,ใบกะเพรา,หลัก,
ข้าวผัดกะเพรา,,กระเทียม,ผักและสมุนไพร,
ข้าวผัดกะเพรา,,พริกขี้หนู,ผักและสมุนไพร,
ข้าวผัดกะเพรา,,ถั่วฝักยาว,ไม่บังคับ,
ข้าวผัดกะเพรา,,น้ำมันพืช,เครื่องปรุง,
ข้าวผัดกะเพรา,,ซอสหอยนางรม,เครื่องปรุง (เปลี่ยนยี่ห้อได้),
ข้าวผัดกะเพรา,,น้ำปลา,เครื่องปรุง (เปลี่ยนยี่ห้อได้),
ข้าวผัดกะเพรา,,น้ำตาลทราย,เครื่องปรุง,
ข้าวผัดอเมริกัน,ไก่,ข้าวสวย,หลัก,
ข้าวผัดอเมริกัน,,ซอสมะเขือเทศ,หลัก,ให้สีและรสหลักของข้าว
ข้าวผัดอเมริกัน,,ไก่ทอด,หลัก,
ข้าวผัดอเมริกัน,,ไส้กรอก,หลัก,สินค้าแปรรูป ต้องตรวจส่วนประกอบ
ข้าวผัดอเมริกัน,,ไข่ไก่,หลัก,ไข่ดาว
ข้าวผัดอเมริกัน,,ลูกเกด,ผักและสมุนไพร,
ข้าวผัดอเมริกัน,,ถั่วลันเตา,ผักและสมุนไพร,
ข้าวผัดอเมริกัน,,แครอท,ผักและสมุนไพร,
ข้าวผัดอเมริกัน,,หอมหัวใหญ่,ผักและสมุนไพร,
ข้าวผัดอเมริกัน,,เนย,เครื่องปรุง,
ข้าวผัดอเมริกัน,,ซีอิ๊วขาว,เครื่องปรุง (เปลี่ยนยี่ห้อได้),
ข้าวผัดอเมริกัน,,น้ำตาลทราย,เครื่องปรุง,
ข้าวผัดอเมริกัน,,พริกไทยป่น,เครื่องปรุง,
ข้าวผัดสับปะรด,กุ้ง / ไก่ / หมู,ข้าวสวย,หลัก,
ข้าวผัดสับปะรด,,สับปะรด,หลัก,
ข้าวผัดสับปะรด,,กุ้ง,หลัก,เปลี่ยนตามเนื้อสัตว์ที่เลือก
ข้าวผัดสับปะรด,,ไข่ไก่,ผักและสมุนไพร,
ข้าวผัดสับปะรด,,หอมหัวใหญ่,ผักและสมุนไพร,
ข้าวผัดสับปะรด,,แครอท,ผักและสมุนไพร,
ข้าวผัดสับปะรด,,ลูกเกด,ไม่บังคับ,
ข้าวผัดสับปะรด,,เม็ดมะม่วงหิมพานต์,ไม่บังคับ,
ข้าวผัดสับปะรด,,ต้นหอม,ผักและสมุนไพร,
ข้าวผัดสับปะรด,,กระเทียม,ผักและสมุนไพร,
ข้าวผัดสับปะรด,,ผงกะหรี่,เครื่องปรุง,
ข้าวผัดสับปะรด,,ซอสปรุงรส,เครื่องปรุง (เปลี่ยนยี่ห้อได้),
ข้าวผัดสับปะรด,,ซอสหอยนางรม,เครื่องปรุง (เปลี่ยนยี่ห้อได้),
ข้าวผัดสับปะรด,,น้ำตาลทราย,เครื่องปรุง,
ข้าวผัดสับปะรด,,น้ำมันพืช,เครื่องปรุง,
ข้าวผัดต้มยำ,กุ้ง / ทะเลรวม / ไก่ / หมู,ข้าวสวย,หลัก,
ข้าวผัดต้มยำ,,กุ้ง,หลัก,เปลี่ยนตามเนื้อสัตว์ที่เลือก
ข้าวผัดต้มยำ,,น้ำพริกเผา,หลัก,ให้รสต้มยำ; น้ำพริกเผาสำเร็จรูปบางยี่ห้อมีกุ้งแห้งหรือกะปิ
ข้าวผัดต้มยำ,,ตะไคร้,ผักและสมุนไพร,
ข้าวผัดต้มยำ,,ข่า,ผักและสมุนไพร,
ข้าวผัดต้มยำ,,ใบมะกรูด,ผักและสมุนไพร,
ข้าวผัดต้มยำ,,พริกขี้หนู,ผักและสมุนไพร,
ข้าวผัดต้มยำ,,หอมแดง,ผักและสมุนไพร,
ข้าวผัดต้มยำ,,เห็ดฟาง,ไม่บังคับ,
ข้าวผัดต้มยำ,,กระเทียม,ผักและสมุนไพร,
ข้าวผัดต้มยำ,,น้ำปลา,เครื่องปรุง (เปลี่ยนยี่ห้อได้),
ข้าวผัดต้มยำ,,น้ำมะนาว,เครื่องปรุง,
ข้าวผัดต้มยำ,,น้ำตาลทราย,เครื่องปรุง,
ข้าวผัดต้มยำ,,น้ำมันพืช,เครื่องปรุง,
ข้าวผัดกุนเชียง,กุนเชียงหมู,ข้าวสวย,หลัก,
ข้าวผัดกุนเชียง,,กุนเชียง,หลัก,สินค้าแปรรูป ต้องตรวจส่วนประกอบ
ข้าวผัดกุนเชียง,,ไข่ไก่,หลัก,
ข้าวผัดกุนเชียง,,กระเทียม,ผักและสมุนไพร,
ข้าวผัดกุนเชียง,,ต้นหอม,ผักและสมุนไพร,
ข้าวผัดกุนเชียง,,ซีอิ๊วขาว,เครื่องปรุง (เปลี่ยนยี่ห้อได้),
ข้าวผัดกุนเชียง,,ซอสปรุงรส,เครื่องปรุง (เปลี่ยนยี่ห้อได้),
ข้าวผัดกุนเชียง,,น้ำตาลทราย,เครื่องปรุง,
ข้าวผัดกุนเชียง,,พริกไทยป่น,เครื่องปรุง,
ข้าวผัดกุนเชียง,,น้ำมันพืช,เครื่องปรุง,
ข้าวผัดไข่,ไม่มีเนื้อสัตว์,ข้าวสวย,หลัก,
ข้าวผัดไข่,,ไข่ไก่,หลัก,
ข้าวผัดไข่,,กระเทียม,ผักและสมุนไพร,
ข้าวผัดไข่,,ต้นหอม,ผักและสมุนไพร,
ข้าวผัดไข่,,ซีอิ๊วขาว,เครื่องปรุง (เปลี่ยนยี่ห้อได้),
ข้าวผัดไข่,,ซอสปรุงรส,เครื่องปรุง (เปลี่ยนยี่ห้อได้),
ข้าวผัดไข่,,น้ำตาลทราย,เครื่องปรุง,
ข้าวผัดไข่,,พริกไทยป่น,เครื่องปรุง,
ข้าวผัดไข่,,น้ำมันพืช,เครื่องปรุง,
ข้าวผัดหนำเลี๊ยบ,หมูสับ,ข้าวสวย,หลัก,
ข้าวผัดหนำเลี๊ยบ,,หนำเลี๊ยบ,หลัก,ของดอง ต้องตรวจเกลือที่ใช้
ข้าวผัดหนำเลี๊ยบ,,หมูสับ,หลัก,เปลี่ยนตามเนื้อสัตว์ที่เลือก
ข้าวผัดหนำเลี๊ยบ,,กระเทียม,ผักและสมุนไพร,
ข้าวผัดหนำเลี๊ยบ,,ซีอิ๊วขาว,เครื่องปรุง (เปลี่ยนยี่ห้อได้),
ข้าวผัดหนำเลี๊ยบ,,ซอสหอยนางรม,เครื่องปรุง (เปลี่ยนยี่ห้อได้),
ข้าวผัดหนำเลี๊ยบ,,พริกไทยป่น,เครื่องปรุง,
ข้าวผัดหนำเลี๊ยบ,,น้ำมันพืช,เครื่องปรุง,
ข้าวไข่เจียว,หมูสับ / ไม่ใส่เนื้อสัตว์,ข้าวสวย,หลัก,
ข้าวไข่เจียว,,ไข่ไก่,หลัก,
ข้าวไข่เจียว,,หมูสับ,ไม่บังคับ,
ข้าวไข่เจียว,,น้ำปลา,เครื่องปรุง (เปลี่ยนยี่ห้อได้),
ข้าวไข่เจียว,,น้ำมันพืช,เครื่องปรุง,
ข้าวไข่เจียว,,ซอสพริก,ไม่บังคับ,ราดหน้า
ไข่ดาว,ไม่มีเนื้อสัตว์,ไข่ไก่,หลัก,
ไข่ดาว,,น้ำมันพืช,เครื่องปรุง,
ไข่ดาว,,ซีอิ๊วขาว,ไม่บังคับ,เหยาะ
ไข่เจียวชะอม,ไม่มีเนื้อสัตว์,ไข่ไก่,หลัก,
ไข่เจียวชะอม,,ชะอม,หลัก,
ไข่เจียวชะอม,,น้ำปลา,เครื่องปรุง (เปลี่ยนยี่ห้อได้),
ไข่เจียวชะอม,,น้ำมันพืช,เครื่องปรุง,
ผัดพริกแกง,หมู / ไก่ / เนื้อ / กุ้ง / ปลาหมึก / ทะเลรวม,เนื้อหมู,หลัก,เปลี่ยนตามเนื้อสัตว์ที่เลือก
ผัดพริกแกง,,พริกแกงเผ็ด,หลัก,พริกแกงสำเร็จรูปมักมีกะปิ ต้องตรวจส่วนประกอบ
ผัดพริกแกง,,ถั่วฝักยาว,ผักและสมุนไพร,
ผัดพริกแกง,,ใบมะกรูด,ผักและสมุนไพร,
ผัดพริกแกง,,พริกชี้ฟ้า,ผักและสมุนไพร,
ผัดพริกแกง,,ใบโหระพา,ไม่บังคับ,
ผัดพริกแกง,,น้ำปลา,เครื่องปรุง (เปลี่ยนยี่ห้อได้),
ผัดพริกแกง,,น้ำตาลปี๊บ,เครื่องปรุง,
ผัดพริกแกง,,น้ำมันพืช,เครื่องปรุง,
ผัดน้ำมันหอย,หมู / ไก่ / เนื้อ / กุ้ง,เนื้อหมู,หลัก,เปลี่ยนตามเนื้อสัตว์ที่เลือก
ผัดน้ำมันหอย,,ซอสหอยนางรม,หลัก,ให้รสหลักของเมนู
ผัดน้ำมันหอย,,หอมหัวใหญ่,ผักและสมุนไพร,
ผัดน้ำมันหอย,,ต้นหอม,ผักและสมุนไพร,
ผัดน้ำมันหอย,,กระเทียม,ผักและสมุนไพร,
ผัดน้ำมันหอย,,พริกชี้ฟ้า,ไม่บังคับ,
ผัดน้ำมันหอย,,ซีอิ๊วขาว,เครื่องปรุง (เปลี่ยนยี่ห้อได้),
ผัดน้ำมันหอย,,น้ำตาลทราย,เครื่องปรุง,
ผัดน้ำมันหอย,,พริกไทยป่น,เครื่องปรุง,
ผัดน้ำมันหอย,,น้ำมันพืช,เครื่องปรุง,
ผัดเปรี้ยวหวาน,หมู / ไก่ / กุ้ง / ปลา,เนื้อหมู,หลัก,เปลี่ยนตามเนื้อสัตว์ที่เลือก
ผัดเปรี้ยวหวาน,,สับปะรด,ผักและสมุนไพร,
ผัดเปรี้ยวหวาน,,แตงกวา,ผักและสมุนไพร,
ผัดเปรี้ยวหวาน,,มะเขือเทศ,ผักและสมุนไพร,
ผัดเปรี้ยวหวาน,,หอมหัวใหญ่,ผักและสมุนไพร,
ผัดเปรี้ยวหวาน,,พริกหวาน,ผักและสมุนไพร,
ผัดเปรี้ยวหวาน,,ต้นหอม,ผักและสมุนไพร,
ผัดเปรี้ยวหวาน,,กระเทียม,ผักและสมุนไพร,
ผัดเปรี้ยวหวาน,,ซอสมะเขือเทศ,หลัก,ให้รสเปรี้ยวหวาน
ผัดเปรี้ยวหวาน,,น้ำส้มสายชู,เครื่องปรุง,
ผัดเปรี้ยวหวาน,,น้ำตาลทราย,เครื่องปรุง,
ผัดเปรี้ยวหวาน,,น้ำปลา,เครื่องปรุง (เปลี่ยนยี่ห้อได้),
ผัดเปรี้ยวหวาน,,น้ำมันพืช,เครื่องปรุง,
ผัดขิง,ไก่ / หมู / เนื้อ,เนื้อไก่,หลัก,เปลี่ยนตามเนื้อสัตว์ที่เลือก
ผัดขิง,,ขิงอ่อน,หลัก,
ผัดขิง,,เห็ดหูหนู,ผักและสมุนไพร,
ผัดขิง,,หอมหัวใหญ่,ผักและสมุนไพร,
ผัดขิง,,ต้นหอม,ผักและสมุนไพร,
ผัดขิง,,พริกชี้ฟ้า,ผักและสมุนไพร,
ผัดขิง,,กระเทียม,ผักและสมุนไพร,
ผัดขิง,,เต้าเจี้ยว,เครื่องปรุง (เปลี่ยนยี่ห้อได้),
ผัดขิง,,ซอสหอยนางรม,เครื่องปรุง (เปลี่ยนยี่ห้อได้),
ผัดขิง,,ซีอิ๊วขาว,เครื่องปรุง (เปลี่ยนยี่ห้อได้),
ผัดขิง,,น้ำตาลทราย,เครื่องปรุง,
ผัดขิง,,น้ำมันพืช,เครื่องปรุง,
ผัดฉ่า,ปลาหมึก / ทะเลรวม / กุ้ง / หมู / ไก่,ปลาหมึก,หลัก,เปลี่ยนตามเนื้อสัตว์ที่เลือก
ผัดฉ่า,,กระชาย,หลัก,
ผัดฉ่า,,พริกไทยอ่อน,หลัก,
ผัดฉ่า,,พริกขี้หนู,ผักและสมุนไพร,
ผัดฉ่า,,กระเทียม,ผักและสมุนไพร,
ผัดฉ่า,,ใบมะกรูด,ผักและสมุนไพร,
ผัดฉ่า,,ใบกะเพรา,ผักและสมุนไพร,
ผัดฉ่า,,ข้าวโพดอ่อน,ไม่บังคับ,
ผัดฉ่า,,ถั่วฝักยาว,ไม่บังคับ,
ผัดฉ่า,,น้ำปลา,เครื่องปรุง (เปลี่ยนยี่ห้อได้),
ผัดฉ่า,,ซอสหอยนางรม,เครื่องปรุง (เปลี่ยนยี่ห้อได้),
ผัดฉ่า,,น้ำตาลทราย,เครื่องปรุง,
ผัดฉ่า,,น้ำมันพืช,เครื่องปรุง,
ผัดเม็ดมะม่วงหิมพานต์,ไก่ / กุ้ง / หมู,เนื้อไก่,หลัก,เปลี่ยนตามเนื้อสัตว์ที่เลือก
ผัดเม็ดมะม่วงหิมพานต์,,เม็ดมะม่วงหิมพานต์,หลัก,
ผัดเม็ดมะม่วงหิมพานต์,,แป้งชุบทอด,ผักและสมุนไพร,
ผัดเม็ดมะม่วงหิมพานต์,,พริกแห้ง,ผักและสมุนไพร,
ผัดเม็ดมะม่วงหิมพานต์,,หอมหัวใหญ่,ผักและสมุนไพร,
ผัดเม็ดมะม่วงหิมพานต์,,พริกหวาน,ผักและสมุนไพร,
ผัดเม็ดมะม่วงหิมพานต์,,ต้นหอม,ผักและสมุนไพร,
ผัดเม็ดมะม่วงหิมพานต์,,กระเทียม,ผักและสมุนไพร,
ผัดเม็ดมะม่วงหิมพานต์,,น้ำพริกเผา,เครื่องปรุง (เปลี่ยนยี่ห้อได้),บางยี่ห้อมีกุ้งแห้งหรือกะปิ
ผัดเม็ดมะม่วงหิมพานต์,,ซอสหอยนางรม,เครื่องปรุง (เปลี่ยนยี่ห้อได้),
ผัดเม็ดมะม่วงหิมพานต์,,ซีอิ๊วขาว,เครื่องปรุง (เปลี่ยนยี่ห้อได้),
ผัดเม็ดมะม่วงหิมพานต์,,น้ำตาลทราย,เครื่องปรุง,
ผัดเม็ดมะม่วงหิมพานต์,,น้ำมันพืช,เครื่องปรุง,
ข้าวหมูกรอบ,หมูกรอบ,ข้าวสวย,หลัก,
ข้าวหมูกรอบ,,หมูกรอบ,หลัก,
ข้าวหมูกรอบ,,ซีอิ๊วดำ,เครื่องปรุง (เปลี่ยนยี่ห้อได้),ทำน้ำราด
ข้าวหมูกรอบ,,ซีอิ๊วขาว,เครื่องปรุง (เปลี่ยนยี่ห้อได้),ทำน้ำราด
ข้าวหมูกรอบ,,น้ำตาลทราย,เครื่องปรุง,
ข้าวหมูกรอบ,,แป้งข้าวโพด,เครื่องปรุง,
ข้าวหมูกรอบ,,ไข่ต้ม,ไม่บังคับ,
ข้าวหมูกรอบ,,แตงกวา,เครื่องเคียง,
คะน้าหมูกรอบ,หมูกรอบ,คะน้า,หลัก,
คะน้าหมูกรอบ,,หมูกรอบ,หลัก,
คะน้าหมูกรอบ,,กระเทียม,ผักและสมุนไพร,
คะน้าหมูกรอบ,,พริกขี้หนู,ผักและสมุนไพร,
คะน้าหมูกรอบ,,ซอสหอยนางรม,เครื่องปรุง (เปลี่ยนยี่ห้อได้),
คะน้าหมูกรอบ,,เต้าเจี้ยว,เครื่องปรุง (เปลี่ยนยี่ห้อได้),
คะน้าหมูกรอบ,,ซีอิ๊วขาว,เครื่องปรุง (เปลี่ยนยี่ห้อได้),
คะน้าหมูกรอบ,,น้ำตาลทราย,เครื่องปรุง,
คะน้าหมูกรอบ,,น้ำมันพืช,เครื่องปรุง,
ผัดถั่วงอก,เต้าหู้ / หมู / ไม่ใส่เนื้อสัตว์,ถั่วงอก,หลัก,
ผัดถั่วงอก,,เต้าหู้เหลือง,ไม่บังคับ,
ผัดถั่วงอก,,ต้นหอม,ผักและสมุนไพร,
ผัดถั่วงอก,,กระเทียม,ผักและสมุนไพร,
ผัดถั่วงอก,,ซอสหอยนางรม,เครื่องปรุง (เปลี่ยนยี่ห้อได้),
ผัดถั่วงอก,,ซีอิ๊วขาว,เครื่องปรุง (เปลี่ยนยี่ห้อได้),
ผัดถั่วงอก,,น้ำตาลทราย,เครื่องปรุง,
ผัดถั่วงอก,,น้ำมันพืช,เครื่องปรุง,
ผัดถั่วฝักยาว,หมู / ไก่ / กุ้ง,ถั่วฝักยาว,หลัก,
ผัดถั่วฝักยาว,,เนื้อหมู,หลัก,เปลี่ยนตามเนื้อสัตว์ที่เลือก
ผัดถั่วฝักยาว,,กระเทียม,ผักและสมุนไพร,
ผัดถั่วฝักยาว,,พริกขี้หนู,ผักและสมุนไพร,
ผัดถั่วฝักยาว,,ซอสหอยนางรม,เครื่องปรุง (เปลี่ยนยี่ห้อได้),
ผัดถั่วฝักยาว,,น้ำปลา,เครื่องปรุง (เปลี่ยนยี่ห้อได้),
ผัดถั่วฝักยาว,,น้ำตาลทราย,เครื่องปรุง,
ผัดถั่วฝักยาว,,น้ำมันพืช,เครื่องปรุง,
ผัดเห็ด,ไม่มีเนื้อสัตว์ / หมู,เห็ดรวม (เห็ดนางฟ้า เห็ดหอม เห็ดออรินจิ),หลัก,
ผัดเห็ด,,กระเทียม,ผักและสมุนไพร,
ผัดเห็ด,,ต้นหอม,ผักและสมุนไพร,
ผัดเห็ด,,พริกชี้ฟ้า,ไม่บังคับ,
ผัดเห็ด,,ซอสหอยนางรม,เครื่องปรุง (เปลี่ยนยี่ห้อได้),
ผัดเห็ด,,ซีอิ๊วขาว,เครื่องปรุง (เปลี่ยนยี่ห้อได้),
ผัดเห็ด,,น้ำตาลทราย,เครื่องปรุง,
ผัดเห็ด,,พริกไทยป่น,เครื่องปรุง,
ผัดเห็ด,,น้ำมันพืช,เครื่องปรุง,
ผัดมะเขือยาว,หมูสับ / ไก่ / ไม่ใส่เนื้อสัตว์,มะเขือยาว,หลัก,
ผัดมะเขือยาว,,หมูสับ,ไม่บังคับ,เปลี่ยนตามเนื้อสัตว์ที่เลือก
ผัดมะเขือยาว,,ใบโหระพา,ผักและสมุนไพร,
ผัดมะเขือยาว,,กระเทียม,ผักและสมุนไพร,
ผัดมะเขือยาว,,พริกขี้หนู,ผักและสมุนไพร,
ผัดมะเขือยาว,,เต้าเจี้ยว,เครื่องปรุง (เปลี่ยนยี่ห้อได้),
ผัดมะเขือยาว,,ซอสหอยนางรม,เครื่องปรุง (เปลี่ยนยี่ห้อได้),
ผัดมะเขือยาว,,น้ำตาลทราย,เครื่องปรุง,
ผัดมะเขือยาว,,น้ำมันพืช,เครื่องปรุง,
ผัดเต้าหู้,ไม่มีเนื้อสัตว์ / หมูสับ,เต้าหู้,หลัก,
ผัดเต้าหู้,,ผักรวม (กะหล่ำปลี แครอท ข้าวโพดอ่อน),ผักและสมุนไพร,
ผัดเต้าหู้,,กระเทียม,ผักและสมุนไพร,
ผัดเต้าหู้,,หมูสับ,ไม่บังคับ,
ผัดเต้าหู้,,ซอสหอยนางรม,เครื่องปรุง (เปลี่ยนยี่ห้อได้),
ผัดเต้าหู้,,ซีอิ๊วขาว,เครื่องปรุง (เปลี่ยนยี่ห้อได้),
ผัดเต้าหู้,,น้ำตาลทราย,เครื่องปรุง,
ผัดเต้าหู้,,น้ำมันพืช,เครื่องปรุง,
ผัดวุ้นเส้น,หมู / ไก่ / กุ้ง / ทะเลรวม,วุ้นเส้น,หลัก,
ผัดวุ้นเส้น,,เนื้อหมู,หลัก,เปลี่ยนตามเนื้อสัตว์ที่เลือก
ผัดวุ้นเส้น,,ไข่ไก่,หลัก,
ผัดวุ้นเส้น,,กะหล่ำปลี,ผักและสมุนไพร,
ผัดวุ้นเส้น,,แครอท,ผักและสมุนไพร,
ผัดวุ้นเส้น,,หอมหัวใหญ่,ผักและสมุนไพร,
ผัดวุ้นเส้น,,ต้นหอม,ผักและสมุนไพร,
ผัดวุ้นเส้น,,มะเขือเทศ,ผักและสมุนไพร,
ผัดวุ้นเส้น,,กระเทียม,ผักและสมุนไพร,
ผัดวุ้นเส้น,,น้ำปลา,เครื่องปรุง (เปลี่ยนยี่ห้อได้),
ผัดวุ้นเส้น,,ซอสหอยนางรม,เครื่องปรุง (เปลี่ยนยี่ห้อได้),
ผัดวุ้นเส้น,,ซีอิ๊วดำ,เครื่องปรุง (เปลี่ยนยี่ห้อได้),
ผัดวุ้นเส้น,,น้ำตาลทราย,เครื่องปรุง,
ผัดวุ้นเส้น,,พริกไทยป่น,เครื่องปรุง,
ผัดวุ้นเส้น,,น้ำมันพืช,เครื่องปรุง,
ผัดไทย,กุ้ง / หมู / ไก่ / ไม่ใส่เนื้อสัตว์,เส้นจันท์ (เส้นผัดไทย),หลัก,
ผัดไทย,,กุ้งสด,หลัก,เปลี่ยนตามเนื้อสัตว์ที่เลือก
ผัดไทย,,ไข่ไก่,หลัก,
ผัดไทย,,เต้าหู้เหลือง,หลัก,
ผัดไทย,,ไชโป๊วหวานสับ,หลัก,ของดอง ต้องตรวจเกลือที่ใช้
ผัดไทย,,ถั่วงอก,ผักและสมุนไพร,
ผัดไทย,,กุยช่าย,ผักและสมุนไพร,
ผัดไทย,,หอมแดง,ผักและสมุนไพร,
ผัดไทย,,ถั่วลิสงคั่ว,ผักและสมุนไพร,
ผัดไทย,,กุ้งแห้ง,ไม่บังคับ,อาหารทะเล ตัดออกได้
ผัดไทย,,น้ำมะขามเปียก,เครื่องปรุง,
ผัดไทย,,น้ำตาลปี๊บ,เครื่องปรุง,
ผัดไทย,,น้ำปลา,เครื่องปรุง (เปลี่ยนยี่ห้อได้),
ผัดไทย,,พริกป่น,ไม่บังคับ,
ผัดไทย,,มะนาว,เครื่องเคียง,
ผัดไทย,,น้ำมันพืช,เครื่องปรุง,
ผัดซีอิ๊ว,หมู / ไก่ / กุ้ง / ทะเลรวม,เส้นใหญ่,หลัก,
ผัดซีอิ๊ว,,เนื้อหมู,หลัก,เปลี่ยนตามเนื้อสัตว์ที่เลือก
ผัดซีอิ๊ว,,คะน้า,หลัก,
ผัดซีอิ๊ว,,ไข่ไก่,หลัก,
ผัดซีอิ๊ว,,ซีอิ๊วดำ,หลัก,ให้สีและรสหลักของเมนู
ผัดซีอิ๊ว,,กระเทียม,ผักและสมุนไพร,
ผัดซีอิ๊ว,,ซีอิ๊วขาว,เครื่องปรุง (เปลี่ยนยี่ห้อได้),
ผัดซีอิ๊ว,,ซอสหอยนางรม,เครื่องปรุง (เปลี่ยนยี่ห้อได้),
ผัดซีอิ๊ว,,น้ำตาลทราย,เครื่องปรุง,
ผัดซีอิ๊ว,,พริกไทยป่น,เครื่องปรุง,
ผัดซีอิ๊ว,,น้ำมันพืช,เครื่องปรุง,
ราดหน้า,หมู / ไก่ / กุ้ง / ทะเลรวม,เส้นใหญ่หรือเส้นหมี่กรอบ,หลัก,
ราดหน้า,,เนื้อหมู,หลัก,เปลี่ยนตามเนื้อสัตว์ที่เลือก
ราดหน้า,,คะน้า,หลัก,
ราดหน้า,,แป้งมันหรือแป้งข้าวโพด,หลัก,ทำน้ำราดข้น
ราดหน้า,,กระเทียม,ผักและสมุนไพร,
ราดหน้า,,เต้าเจี้ยว,เครื่องปรุง (เปลี่ยนยี่ห้อได้),
ราดหน้า,,ซีอิ๊วดำ,เครื่องปรุง (เปลี่ยนยี่ห้อได้),
ราดหน้า,,ซีอิ๊วขาว,เครื่องปรุง (เปลี่ยนยี่ห้อได้),
ราดหน้า,,ซอสหอยนางรม,เครื่องปรุง (เปลี่ยนยี่ห้อได้),
ราดหน้า,,น้ำตาลทราย,เครื่องปรุง,
ราดหน้า,,พริกไทยป่น,เครื่องปรุง,
ราดหน้า,,น้ำมันพืช,เครื่องปรุง,
ราดหน้า,,น้ำส้มพริกดอง,เครื่องเคียง,
ผัดขี้เมา,หมู / ไก่ / ทะเลรวม / กุ้ง,เส้นใหญ่,หลัก,
ผัดขี้เมา,,เนื้อหมู,หลัก,เปลี่ยนตามเนื้อสัตว์ที่เลือก
ผัดขี้เมา,,ใบกะเพรา,หลัก,
ผัดขี้เมา,,พริกขี้หนู,ผักและสมุนไพร,
ผัดขี้เมา,,กระเทียม,ผักและสมุนไพร,
ผัดขี้เมา,,กระชาย,ผักและสมุนไพร,
ผัดขี้เมา,,พริกไทยอ่อน,ผักและสมุนไพร,
ผัดขี้เมา,,ข้าวโพดอ่อน,ผักและสมุนไพร,
ผัดขี้เมา,,มะเขือเทศ,ผักและสมุนไพร,
ผัดขี้เมา,,หอมหัวใหญ่,ผักและสมุนไพร,
ผัดขี้เมา,,ซอสหอยนางรม,เครื่องปรุง (เปลี่ยนยี่ห้อได้),
ผัดขี้เมา,,น้ำปลา,เครื่องปรุง (เปลี่ยนยี่ห้อได้),
ผัดขี้เมา,,ซีอิ๊วดำ,เครื่องปรุง (เปลี่ยนยี่ห้อได้),
ผัดขี้เมา,,น้ำตาลทราย,เครื่องปรุง,
ผัดขี้เมา,,น้ำมันพืช,เครื่องปรุง,
ก๋วยเตี๋ยวคั่วไก่,ไก่,เส้นใหญ่,หลัก,
ก๋วยเตี๋ยวคั่วไก่,,เนื้อไก่,หลัก,
ก๋วยเตี๋ยวคั่วไก่,,ไข่ไก่,หลัก,
ก๋วยเตี๋ยวคั่วไก่,,ผักกาดหอม,เครื่องเคียง,
ก๋วยเตี๋ยวคั่วไก่,,ปลาหมึกแช่น้ำด่าง,ไม่บังคับ,อาหารทะเล ตัดออกได้
ก๋วยเตี๋ยวคั่วไก่,,กระเทียม,ผักและสมุนไพร,
ก๋วยเตี๋ยวคั่วไก่,,ซีอิ๊วขาว,เครื่องปรุง (เปลี่ยนยี่ห้อได้),
ก๋วยเตี๋ยวคั่วไก่,,ซอสหอยนางรม,เครื่องปรุง (เปลี่ยนยี่ห้อได้),
ก๋วยเตี๋ยวคั่วไก่,,น้ำตาลทราย,เครื่องปรุง,
ก๋วยเตี๋ยวคั่วไก่,,พริกไทยป่น,เครื่องปรุง,
ก๋วยเตี๋ยวคั่วไก่,,น้ำมันพืช,เครื่องปรุง,
หมี่กรอบ,กุ้ง / หมู / ไม่ใส่เนื้อสัตว์,เส้นหมี่ทอดกรอบ,หลัก,
หมี่กรอบ,,น้ำมะขามเปียก,หลัก,ทำซอสเคลือบ
หมี่กรอบ,,น้ำตาลปี๊บ,หลัก,ทำซอสเคลือบ
หมี่กรอบ,,กุ้ง,ไม่บังคับ,เปลี่ยนตามเนื้อสัตว์ที่เลือก
หมี่กรอบ,,เต้าหู้เหลือง,ผักและสมุนไพร,
หมี่กรอบ,,ผิวส้มซ่า,ผักและสมุนไพร,
หมี่กรอบ,,ถั่วงอก,เครื่องเคียง,
หมี่กรอบ,,กุยช่าย,เครื่องเคียง,
หมี่กรอบ,,หอมแดง,ผักและสมุนไพร,
หมี่กรอบ,,กระเทียม,ผักและสมุนไพร,
หมี่กรอบ,,น้ำปลา,เครื่องปรุง (เปลี่ยนยี่ห้อได้),
หมี่กรอบ,,ซอสมะเขือเทศ,ไม่บังคับ,
หมี่กรอบ,,น้ำมันพืช,เครื่องปรุง,
หอยทอด,หอยนางรม / หอยแมลงภู่,หอยนางรม,หลัก,อาหารทะเล; เปลี่ยนเป็นหอยแมลงภู่ได้ แต่ยังเป็นอาหารทะเล
หอยทอด,,แป้งหอยทอด (แป้งมัน แป้งข้าวเจ้า),หลัก,
หอยทอด,,ไข่ไก่,หลัก,
หอยทอด,,ถั่วงอก,ผักและสมุนไพร,
หอยทอด,,ต้นหอม,ผักและสมุนไพร,
หอยทอด,,กระเทียม,ผักและสมุนไพร,
หอยทอด,,ซอสพริก,เครื่องปรุง (เปลี่ยนยี่ห้อได้),น้ำจิ้ม
หอยทอด,,ซีอิ๊วขาว,เครื่องปรุง (เปลี่ยนยี่ห้อได้),
หอยทอด,,พริกไทยป่น,เครื่องปรุง,
หอยทอด,,น้ำมันพืช,เครื่องปรุง,
ผัดหมี่,หมู / ไก่ / กุ้ง / ไม่ใส่เนื้อสัตว์,เส้นหมี่ขาว,หลัก,
ผัดหมี่,,เนื้อหมู,ไม่บังคับ,เปลี่ยนตามเนื้อสัตว์ที่เลือก
ผัดหมี่,,ถั่วงอก,ผักและสมุนไพร,
ผัดหมี่,,กุยช่าย,ผักและสมุนไพร,
ผัดหมี่,,เต้าหู้เหลือง,ผักและสมุนไพร,
ผัดหมี่,,หอมแดง,ผักและสมุนไพร,
ผัดหมี่,,กระเทียม,ผักและสมุนไพร,
ผัดหมี่,,ซีอิ๊วดำ,เครื่องปรุง (เปลี่ยนยี่ห้อได้),
ผัดหมี่,,ซีอิ๊วขาว,เครื่องปรุง (เปลี่ยนยี่ห้อได้),
ผัดหมี่,,น้ำปลา,เครื่องปรุง (เปลี่ยนยี่ห้อได้),
ผัดหมี่,,น้ำตาลทราย,เครื่องปรุง,
ผัดหมี่,,พริกป่น,ไม่บังคับ,
ผัดหมี่,,น้ำมันพืช,เครื่องปรุง,
ข้าวคลุกกะปิ,หมูหวาน,ข้าวสวย,หลัก,
ข้าวคลุกกะปิ,,กะปิ,หลัก,ทำจากกุ้งหมัก เป็นตัวตนของเมนู
ข้าวคลุกกะปิ,,หมูหวาน,หลัก,
ข้าวคลุกกะปิ,,ไข่เจียวฝอย,หลัก,
ข้าวคลุกกะปิ,,มะม่วงดิบ,ผักและสมุนไพร,
ข้าวคลุกกะปิ,,หอมแดง,ผักและสมุนไพร,
ข้าวคลุกกะปิ,,พริกขี้หนู,ผักและสมุนไพร,
ข้าวคลุกกะปิ,,ถั่วฝักยาว,ผักและสมุนไพร,
ข้าวคลุกกะปิ,,กุ้งแห้งทอด,ไม่บังคับ,อาหารทะเล ตัดออกได้
ข้าวคลุกกะปิ,,มะนาว,เครื่องเคียง,
ข้าวคลุกกะปิ,,น้ำมันพืช,เครื่องปรุง,
ข้าวมันไก่,ไก่ต้ม / ไก่ทอด,ข้าวหอมมะลิ,หลัก,
ข้าวมันไก่,,ไก่,หลัก,
ข้าวมันไก่,,น้ำมันไก่หรือน้ำมันพืช,หลัก,หุงข้าวมัน
ข้าวมันไก่,,กระเทียม,ผักและสมุนไพร,
ข้าวมันไก่,,ขิง,ผักและสมุนไพร,
ข้าวมันไก่,,ใบเตย,ผักและสมุนไพร,
ข้าวมันไก่,,เกลือ,เครื่องปรุง (เปลี่ยนยี่ห้อได้),
ข้าวมันไก่,,เต้าเจี้ยว,เครื่องปรุง (เปลี่ยนยี่ห้อได้),ทำน้ำจิ้ม
ข้าวมันไก่,,ซีอิ๊วดำ,เครื่องปรุง (เปลี่ยนยี่ห้อได้),ทำน้ำจิ้ม
ข้าวมันไก่,,น้ำส้มสายชู,เครื่องปรุง,ทำน้ำจิ้ม
ข้าวมันไก่,,พริกขี้หนู,ผักและสมุนไพร,ทำน้ำจิ้ม
ข้าวมันไก่,,แตงกวา,เครื่องเคียง,
ข้าวมันไก่,,ผักชี,เครื่องเคียง,
ข้าวมันไก่,,น้ำซุปไก่ (ฟักต้ม),เครื่องเคียง,
ข้าวขาหมู,ขาหมู,ข้าวสวย,หลัก,
ข้าวขาหมู,,ขาหมู,หลัก,
ข้าวขาหมู,,ผงพะโล้,เครื่องปรุง,
ข้าวขาหมู,,ซีอิ๊วดำ,เครื่องปรุง (เปลี่ยนยี่ห้อได้),
ข้าวขาหมู,,ซีอิ๊วขาว,เครื่องปรุง (เปลี่ยนยี่ห้อได้),
ข้าวขาหมู,,น้ำตาลปี๊บ,เครื่องปรุง,
ข้าวขาหมู,,กระเทียม,ผักและสมุนไพร,
ข้าวขาหมู,,รากผักชี,ผักและสมุนไพร,
ข้าวขาหมู,,พริกไทย,เครื่องปรุง,
ข้าวขาหมู,,ไข่พะโล้,ไม่บังคับ,
ข้าวขาหมู,,ผักกาดดอง,เครื่องเคียง,ของดอง ต้องตรวจเกลือที่ใช้
ข้าวขาหมู,,คะน้าลวก,เครื่องเคียง,
ข้าวขาหมู,,พริกขี้หนูกระเทียม,เครื่องเคียง,
ข้าวขาหมู,,น้ำส้มพริก,เครื่องเคียง,
โจ๊ก,หมู / ไก่ / ไม่ใส่เนื้อสัตว์,ข้าวหัก,หลัก,
โจ๊ก,,หมูสับ,หลัก,เปลี่ยนตามเนื้อสัตว์ที่เลือก
โจ๊ก,,ไข่ไก่,ไม่บังคับ,
โจ๊ก,,ขิงซอย,ผักและสมุนไพร,
โจ๊ก,,ต้นหอม,ผักและสมุนไพร,
โจ๊ก,,ผักชี,ผักและสมุนไพร,
โจ๊ก,,ซีอิ๊วขาว,เครื่องปรุง (เปลี่ยนยี่ห้อได้),
โจ๊ก,,พริกไทยป่น,เครื่องปรุง,
โจ๊ก,,กระเทียมเจียว,ไม่บังคับ,
โจ๊ก,,ปาท่องโก๋,ไม่บังคับ,
ก๋วยเตี๋ยวน้ำใส,หมู / ไก่ / ลูกชิ้นหมู / ลูกชิ้นปลา,เส้นก๋วยเตี๋ยว (เส้นเล็ก เส้นใหญ่ หรือเส้นหมี่),หลัก,
ก๋วยเตี๋ยวน้ำใส,,หมูสับ / หมูชิ้น,หลัก,เปลี่ยนตามเนื้อสัตว์ที่เลือก
ก๋วยเตี๋ยวน้ำใส,,ลูกชิ้น,ไม่บังคับ,สินค้าแปรรูป; ลูกชิ้นปลาเป็นอาหารทะเล
ก๋วยเตี๋ยวน้ำใส,,น้ำซุปกระดูกหมู,หลัก,
ก๋วยเตี๋ยวน้ำใส,,ถั่วงอก,ผักและสมุนไพร,
ก๋วยเตี๋ยวน้ำใส,,ผักบุ้งหรือผักกาด,ผักและสมุนไพร,
ก๋วยเตี๋ยวน้ำใส,,ต้นหอม,ผักและสมุนไพร,
ก๋วยเตี๋ยวน้ำใส,,ผักชี,ผักและสมุนไพร,
ก๋วยเตี๋ยวน้ำใส,,กระเทียมเจียว,ผักและสมุนไพร,
ก๋วยเตี๋ยวน้ำใส,,น้ำปลา,เครื่องปรุง (เปลี่ยนยี่ห้อได้),
ก๋วยเตี๋ยวน้ำใส,,ซีอิ๊วขาว,เครื่องปรุง (เปลี่ยนยี่ห้อได้),
ก๋วยเตี๋ยวน้ำใส,,พริกป่น,เครื่องเคียง,
ก๋วยเตี๋ยวน้ำใส,,น้ำส้มพริก,เครื่องเคียง,
ก๋วยเตี๋ยวน้ำใส,,น้ำตาลทราย,เครื่องเคียง,
ก๋วยเตี๋ยวต้มยำ,หมู / ลูกชิ้นหมู / ลูกชิ้นปลา / ทะเลรวม,เส้นก๋วยเตี๋ยว,หลัก,
ก๋วยเตี๋ยวต้มยำ,,หมูสับ / หมูชิ้น,หลัก,เปลี่ยนตามเนื้อสัตว์ที่เลือก
ก๋วยเตี๋ยวต้มยำ,,ลูกชิ้น,ไม่บังคับ,สินค้าแปรรูป; ลูกชิ้นปลาเป็นอาหารทะเล
ก๋วยเตี๋ยวต้มยำ,,น้ำซุปกระดูกหมู,หลัก,
ก๋วยเตี๋ยวต้มยำ,,น้ำมะนาว,หลัก,
ก๋วยเตี๋ยวต้มยำ,,พริกป่น,หลัก,
ก๋วยเตี๋ยวต้มยำ,,ถั่วลิสงคั่ว,ผักและสมุนไพร,
ก๋วยเตี๋ยวต้มยำ,,ถั่วฝักยาว,ผักและสมุนไพร,
ก๋วยเตี๋ยวต้มยำ,,ถั่วงอก,ผักและสมุนไพร,
ก๋วยเตี๋ยวต้มยำ,,กุ้งแห้ง,ไม่บังคับ,อาหารทะเล ตัดออกได้
ก๋วยเตี๋ยวต้มยำ,,น้ำปลา,เครื่องปรุง (เปลี่ยนยี่ห้อได้),
ก๋วยเตี๋ยวต้มยำ,,น้ำตาลทราย,เครื่องปรุง,
ก๋วยเตี๋ยวต้มยำ,,ต้นหอม,ผักและสมุนไพร,
ก๋วยเตี๋ยวต้มยำ,,ผักชี,ผักและสมุนไพร,
เย็นตาโฟ,ลูกชิ้นปลา / ทะเลรวม / หมู,เส้นก๋วยเตี๋ยว,หลัก,
เย็นตาโฟ,,ซอสเย็นตาโฟ,หลัก,ทำจากเต้าหู้ยี้แดง ต้องตรวจส่วนประกอบ
เย็นตาโฟ,,ลูกชิ้นปลา / ปลาหมึก,หลัก,อาหารทะเล; เปลี่ยนเป็นลูกชิ้นหมูได้
เย็นตาโฟ,,เต้าหู้ทอด,ผักและสมุนไพร,
เย็นตาโฟ,,ผักบุ้ง,ผักและสมุนไพร,
เย็นตาโฟ,,น้ำซุปกระดูกหมู,หลัก,
เย็นตาโฟ,,กระเทียมเจียว,ผักและสมุนไพร,
เย็นตาโฟ,,น้ำปลา,เครื่องปรุง (เปลี่ยนยี่ห้อได้),
เย็นตาโฟ,,น้ำส้มพริก,เครื่องเคียง,
ก๋วยเตี๋ยวเป็ด,เป็ด,เส้นก๋วยเตี๋ยว,หลัก,
ก๋วยเตี๋ยวเป็ด,,เนื้อเป็ดตุ๋น,หลัก,
ก๋วยเตี๋ยวเป็ด,,น้ำซุปเป็ดตุ๋น (เครื่องพะโล้),หลัก,
ก๋วยเตี๋ยวเป็ด,,ผงพะโล้,เครื่องปรุง,
ก๋วยเตี๋ยวเป็ด,,ซีอิ๊วดำ,เครื่องปรุง (เปลี่ยนยี่ห้อได้),
ก๋วยเตี๋ยวเป็ด,,ซีอิ๊วขาว,เครื่องปรุง (เปลี่ยนยี่ห้อได้),
ก๋วยเตี๋ยวเป็ด,,ถั่วงอก,ผักและสมุนไพร,
ก๋วยเตี๋ยวเป็ด,,ผักบุ้ง,ผักและสมุนไพร,
ก๋วยเตี๋ยวเป็ด,,ต้นหอม,ผักและสมุนไพร,
ก๋วยเตี๋ยวเป็ด,,ผักชี,ผักและสมุนไพร,
ก๋วยเตี๋ยวเป็ด,,กระเทียมเจียว,ผักและสมุนไพร,
ก๋วยเตี๋ยวเนื้อ,เนื้อตุ๋น / เนื้อสด / ลูกชิ้นเนื้อ,เส้นก๋วยเตี๋ยว,หลัก,
ก๋วยเตี๋ยวเนื้อ,,เนื้อวัว,หลัก,
ก๋วยเตี๋ยวเนื้อ,,น้ำซุปเนื้อตุ๋น,หลัก,
ก๋วยเตี๋ยวเนื้อ,,ลูกชิ้นเนื้อ,ไม่บังคับ,สินค้าแปรรูป
ก๋วยเตี๋ยวเนื้อ,,ผงพะโล้,เครื่องปรุง,
ก๋วยเตี๋ยวเนื้อ,,ซีอิ๊วดำ,เครื่องปรุง (เปลี่ยนยี่ห้อได้),
ก๋วยเตี๋ยวเนื้อ,,ซีอิ๊วขาว,เครื่องปรุง (เปลี่ยนยี่ห้อได้),
ก๋วยเตี๋ยวเนื้อ,,ถั่วงอก,ผักและสมุนไพร,
ก๋วยเตี๋ยวเนื้อ,,ผักบุ้ง,ผักและสมุนไพร,
ก๋วยเตี๋ยวเนื้อ,,ต้นหอม,ผักและสมุนไพร,
ก๋วยเตี๋ยวเนื้อ,,ผักชี,ผักและสมุนไพร,
ก๋วยเตี๋ยวเนื้อ,,กระเทียมเจียว,ผักและสมุนไพร,
กวยจั๊บ,หมู / เครื่องในหมู,เส้นกวยจั๊บ,หลัก,
กวยจั๊บ,,หมูสามชั้นหรือหมูกรอบ,หลัก,
กวยจั๊บ,,เครื่องในหมู,ไม่บังคับ,
กวยจั๊บ,,ไข่พะโล้,ไม่บังคับ,
กวยจั๊บ,,น้ำซุปพะโล้,หลัก,
กวยจั๊บ,,ผงพะโล้,เครื่องปรุง,
กวยจั๊บ,,ซีอิ๊วดำ,เครื่องปรุง (เปลี่ยนยี่ห้อได้),
กวยจั๊บ,,ซีอิ๊วขาว,เครื่องปรุง (เปลี่ยนยี่ห้อได้),
กวยจั๊บ,,พริกไทย,เครื่องปรุง,
กวยจั๊บ,,กระเทียมเจียว,ผักและสมุนไพร,
กวยจั๊บ,,ต้นหอม,ผักและสมุนไพร,
บะหมี่,หมูแดง / หมูกรอบ / เกี๊ยว,บะหมี่ไข่,หลัก,
บะหมี่,,หมูแดง,หลัก,สินค้าแปรรูป หรือทำเอง; ต้องตรวจส่วนประกอบ
บะหมี่,,เกี๊ยวหมู,ไม่บังคับ,
บะหมี่,,ผักกวางตุ้ง,ผักและสมุนไพร,
บะหมี่,,น้ำซุปกระดูกหมู,หลัก,
บะหมี่,,กระเทียมเจียว,ผักและสมุนไพร,
บะหมี่,,ต้นหอม,ผักและสมุนไพร,
บะหมี่,,น้ำปลา,เครื่องปรุง (เปลี่ยนยี่ห้อได้),
บะหมี่,,ซีอิ๊วขาว,เครื่องปรุง (เปลี่ยนยี่ห้อได้),
ขนมจีนน้ำยา,ปลา / ไก่,ขนมจีน,หลัก,
ขนมจีนน้ำยา,,เนื้อปลา,หลัก,อาหารทะเลหรือปลาน้ำจืดตามสูตร; ปลาน้ำจืด เช่น ปลาช่อน
ขนมจีนน้ำยา,,พริกแกงน้ำยา (กระชาย หอมแดง กระเทียม พริกแห้ง),หลัก,
ขนมจีนน้ำยา,,กะทิ,หลัก,
ขนมจีนน้ำยา,,กะปิ,เครื่องปรุง (เปลี่ยนยี่ห้อได้),เป็นส่วนหนึ่งของพริกแกง
ขนมจีนน้ำยา,,น้ำปลา,เครื่องปรุง (เปลี่ยนยี่ห้อได้),
ขนมจีนน้ำยา,,กระชาย,ผักและสมุนไพร,
ขนมจีนน้ำยา,,ถั่วงอก,เครื่องเคียง,
ขนมจีนน้ำยา,,ถั่วฝักยาว,เครื่องเคียง,
ขนมจีนน้ำยา,,แตงกวา,เครื่องเคียง,
ขนมจีนน้ำยา,,ผักบุ้ง,เครื่องเคียง,
ขนมจีนน้ำยา,,ไข่ต้ม,เครื่องเคียง,
ขนมจีนซาวน้ำ,ไม่มีเนื้อสัตว์ / กุ้งแห้ง,ขนมจีน,หลัก,
ขนมจีนซาวน้ำ,,หัวกะทิ,หลัก,
ขนมจีนซาวน้ำ,,สับปะรด,หลัก,
ขนมจีนซาวน้ำ,,ขิงซอย,ผักและสมุนไพร,
ขนมจีนซาวน้ำ,,กระเทียม,ผักและสมุนไพร,
ขนมจีนซาวน้ำ,,พริกขี้หนู,ผักและสมุนไพร,
ขนมจีนซาวน้ำ,,มะนาว,ผักและสมุนไพร,
ขนมจีนซาวน้ำ,,กุ้งแห้งป่น,ไม่บังคับ,อาหารทะเล ตัดออกได้
ขนมจีนซาวน้ำ,,ลูกชิ้นปลากราย,ไม่บังคับ,อาหารทะเลหรือปลาน้ำจืด
ขนมจีนซาวน้ำ,,น้ำปลา,เครื่องปรุง (เปลี่ยนยี่ห้อได้),
ขนมจีนซาวน้ำ,,น้ำตาลทราย,เครื่องปรุง,
แกงเผ็ด,ไก่ / หมู / เนื้อ / เป็ดย่าง,เนื้อไก่,หลัก,เปลี่ยนตามเนื้อสัตว์ที่เลือก
แกงเผ็ด,,พริกแกงเผ็ด,หลัก,พริกแกงสำเร็จรูปมักมีกะปิ ต้องตรวจส่วนประกอบ
แกงเผ็ด,,กะทิ,หลัก,
แกงเผ็ด,,มะเขือเปราะ,ผักและสมุนไพร,
แกงเผ็ด,,หน่อไม้,ผักและสมุนไพร,
แกงเผ็ด,,ใบมะกรูด,ผักและสมุนไพร,
แกงเผ็ด,,พริกชี้ฟ้า,ผักและสมุนไพร,
แกงเผ็ด,,ใบโหระพา,ผักและสมุนไพร,
แกงเผ็ด,,น้ำปลา,เครื่องปรุง (เปลี่ยนยี่ห้อได้),
แกงเผ็ด,,น้ำตาลปี๊บ,เครื่องปรุง,
พะแนง,หมู / ไก่ / เนื้อ,เนื้อหมู,หลัก,เปลี่ยนตามเนื้อสัตว์ที่เลือก
พะแนง,,พริกแกงพะแนง,หลัก,พริกแกงสำเร็จรูปมักมีกะปิ ต้องตรวจส่วนประกอบ
พะแนง,,กะทิ,หลัก,
พะแนง,,ใบมะกรูด,ผักและสมุนไพร,
พะแนง,,พริกชี้ฟ้า,ผักและสมุนไพร,
พะแนง,,ถั่วลิสงคั่วบด,ไม่บังคับ,
พะแนง,,น้ำปลา,เครื่องปรุง (เปลี่ยนยี่ห้อได้),
พะแนง,,น้ำตาลปี๊บ,เครื่องปรุง,
แกงมัสมั่น,ไก่ / เนื้อ / หมู,เนื้อไก่,หลัก,เปลี่ยนตามเนื้อสัตว์ที่เลือก
แกงมัสมั่น,,พริกแกงมัสมั่น,หลัก,พริกแกงสำเร็จรูปมักมีกะปิ ต้องตรวจส่วนประกอบ
แกงมัสมั่น,,กะทิ,หลัก,
แกงมัสมั่น,,มันฝรั่ง,ผักและสมุนไพร,
แกงมัสมั่น,,หอมหัวใหญ่,ผักและสมุนไพร,
แกงมัสมั่น,,ถั่วลิสงคั่ว,ผักและสมุนไพร,
แกงมัสมั่น,,น้ำมะขามเปียก,เครื่องปรุง,
แกงมัสมั่น,,น้ำตาลปี๊บ,เครื่องปรุง,
แกงมัสมั่น,,น้ำปลา,เครื่องปรุง (เปลี่ยนยี่ห้อได้),
แกงกะหรี่,ไก่ / หมู / เนื้อ,เนื้อไก่,หลัก,เปลี่ยนตามเนื้อสัตว์ที่เลือก
แกงกะหรี่,,พริกแกงกะหรี่,หลัก,พริกแกงสำเร็จรูปมักมีกะปิ ต้องตรวจส่วนประกอบ
แกงกะหรี่,,ผงกะหรี่,เครื่องปรุง,
แกงกะหรี่,,กะทิ,หลัก,
แกงกะหรี่,,มันฝรั่ง,ผักและสมุนไพร,
แกงกะหรี่,,หอมหัวใหญ่,ผักและสมุนไพร,
แกงกะหรี่,,น้ำปลา,เครื่องปรุง (เปลี่ยนยี่ห้อได้),
แกงกะหรี่,,น้ำตาลปี๊บ,เครื่องปรุง,
แกงกะหรี่,,อาจาด,เครื่องเคียง,
แกงป่า,ไก่ / หมู / ปลา / ลูกชิ้นปลา,เนื้อไก่,หลัก,เปลี่ยนตามเนื้อสัตว์ที่เลือก
แกงป่า,,พริกแกงป่า,หลัก,พริกแกงสำเร็จรูปมักมีกะปิ ต้องตรวจส่วนประกอบ
แกงป่า,,มะเขือเปราะ,ผักและสมุนไพร,
แกงป่า,,มะเขือพวง,ผักและสมุนไพร,
แกงป่า,,ถั่วฝักยาว,ผักและสมุนไพร,
แกงป่า,,หน่อไม้,ผักและสมุนไพร,
แกงป่า,,ข้าวโพดอ่อน,ผักและสมุนไพร,
แกงป่า,,กระชาย,ผักและสมุนไพร,
แกงป่า,,พริกไทยอ่อน,ผักและสมุนไพร,
แกงป่า,,ใบกะเพรา,ผักและสมุนไพร,
แกงป่า,,ใบมะกรูด,ผักและสมุนไพร,
แกงป่า,,น้ำปลา,เครื่องปรุง (เปลี่ยนยี่ห้อได้),
แกงส้ม,ปลา / กุ้ง / ไม่ใส่เนื้อสัตว์ (ไข่ชะอมทอด),เนื้อปลา,หลัก,ปลาน้ำจืดหรือปลาทะเล; เปลี่ยนตามเนื้อสัตว์ที่เลือก
แกงส้ม,,พริกแกงส้ม,หลัก,พริกแกงส้มมักมีกะปิ ต้องตรวจส่วนประกอบ
แกงส้ม,,ผักรวม (ผักกาดขาว กะหล่ำดอก ถั่วฝักยาว แครอท),หลัก,
แกงส้ม,,น้ำมะขามเปียก,เครื่องปรุง,
แกงส้ม,,น้ำมะนาว,เครื่องปรุง,
แกงส้ม,,น้ำปลา,เครื่องปรุง (เปลี่ยนยี่ห้อได้),
แกงส้ม,,น้ำตาลปี๊บ,เครื่องปรุง,
แกงเลียง,กุ้ง / กุ้งแห้ง / ไม่ใส่เนื้อสัตว์,ผักรวม (บวบ ฟักทอง ข้าวโพดอ่อน ตำลึง ใบแมงลัก),หลัก,
แกงเลียง,,หอมแดง,หลัก,โขลกเป็นเครื่องแกง
แกงเลียง,,พริกไทย,เครื่องปรุง,
แกงเลียง,,กะปิ,เครื่องปรุง (เปลี่ยนยี่ห้อได้),ใส่ในเครื่องแกง
แกงเลียง,,กุ้งแห้ง,ไม่บังคับ,อาหารทะเล ตัดออกได้
แกงเลียง,,กุ้งสด,ไม่บังคับ,อาหารทะเล ตัดออกได้
แกงเลียง,,น้ำปลา,เครื่องปรุง (เปลี่ยนยี่ห้อได้),
แกงขี้เหล็ก,หมูย่าง / ปลาย่าง / หนังหมู,ใบขี้เหล็ก,หลัก,
แกงขี้เหล็ก,,พริกแกง (พริกแห้ง หอมแดง กระเทียม ตะไคร้ ข่า),หลัก,
แกงขี้เหล็ก,,กะปิ,เครื่องปรุง (เปลี่ยนยี่ห้อได้),ใส่ในเครื่องแกง
แกงขี้เหล็ก,,กะทิ,หลัก,
แกงขี้เหล็ก,,หมูย่าง,หลัก,เปลี่ยนตามเนื้อสัตว์ที่เลือก
แกงขี้เหล็ก,,ปลาย่างหรือปลาร้า,ไม่บังคับ,ปลาย่างที่เป็นปลาน้ำจืด
แกงขี้เหล็ก,,น้ำปลา,เครื่องปรุง (เปลี่ยนยี่ห้อได้),
แกงเทโพ,หมูสามชั้น,หมูสามชั้น,หลัก,
แกงเทโพ,,ผักบุ้ง,หลัก,
แกงเทโพ,,พริกแกงเผ็ด,หลัก,พริกแกงสำเร็จรูปมักมีกะปิ ต้องตรวจส่วนประกอบ
แกงเทโพ,,กะทิ,หลัก,
แกงเทโพ,,ใบมะกรูด,ผักและสมุนไพร,
แกงเทโพ,,น้ำมะขามเปียก,เครื่องปรุง,
แกงเทโพ,,น้ำตาลปี๊บ,เครื่องปรุง,
แกงเทโพ,,น้ำปลา,เครื่องปรุง (เปลี่ยนยี่ห้อได้),
ฉู่ฉี่,ปลา / กุ้ง / หมู,เนื้อปลา,หลัก,เปลี่ยนตามเนื้อสัตว์ที่เลือก
ฉู่ฉี่,,พริกแกงฉู่ฉี่ (พริกแกงแดง),หลัก,พริกแกงสำเร็จรูปมักมีกะปิ ต้องตรวจส่วนประกอบ
ฉู่ฉี่,,กะทิ,หลัก,
ฉู่ฉี่,,ใบมะกรูด,ผักและสมุนไพร,
ฉู่ฉี่,,พริกชี้ฟ้า,ผักและสมุนไพร,
ฉู่ฉี่,,น้ำปลา,เครื่องปรุง (เปลี่ยนยี่ห้อได้),
ฉู่ฉี่,,น้ำตาลปี๊บ,เครื่องปรุง,
ห่อหมก,ปลา / ไก่ / ทะเลรวม,เนื้อปลา,หลัก,เปลี่ยนตามเนื้อสัตว์ที่เลือก
ห่อหมก,,พริกแกงแดง,หลัก,พริกแกงสำเร็จรูปมักมีกะปิ ต้องตรวจส่วนประกอบ
ห่อหมก,,กะทิ,หลัก,
ห่อหมก,,ไข่ไก่,หลัก,
ห่อหมก,,ใบยอหรือกะหล่ำปลี,ผักและสมุนไพร,
ห่อหมก,,ใบโหระพา,ผักและสมุนไพร,
ห่อหมก,,ใบมะกรูด,ผักและสมุนไพร,
ห่อหมก,,พริกชี้ฟ้า,ผักและสมุนไพร,
ห่อหมก,,ใบตองหรือกระทง,ผักและสมุนไพร,
ห่อหมก,,น้ำปลา,เครื่องปรุง (เปลี่ยนยี่ห้อได้),
ห่อหมก,,น้ำตาลปี๊บ,เครื่องปรุง,
ต้มยำน้ำข้น,กุ้ง / ทะเลรวม / ไก่ / หมู,กุ้ง,หลัก,เปลี่ยนตามเนื้อสัตว์ที่เลือก
ต้มยำน้ำข้น,,นมจืดหรือกะทิ,หลัก,ทำให้น้ำข้น
ต้มยำน้ำข้น,,น้ำพริกเผา,หลัก,บางยี่ห้อมีกุ้งแห้งหรือกะปิ
ต้มยำน้ำข้น,,เห็ดฟาง,ผักและสมุนไพร,
ต้มยำน้ำข้น,,ข่า,ผักและสมุนไพร,
ต้มยำน้ำข้น,,ตะไคร้,ผักและสมุนไพร,
ต้มยำน้ำข้น,,ใบมะกรูด,ผักและสมุนไพร,
ต้มยำน้ำข้น,,พริกขี้หนู,ผักและสมุนไพร,
ต้มยำน้ำข้น,,หอมแดง,ผักและสมุนไพร,
ต้มยำน้ำข้น,,ผักชีฝรั่ง,ผักและสมุนไพร,
ต้มยำน้ำข้น,,น้ำปลา,เครื่องปรุง (เปลี่ยนยี่ห้อได้),
ต้มยำน้ำข้น,,น้ำมะนาว,เครื่องปรุง,
ต้มโคล้ง,ปลาย่าง / ปลาสลิด / ไก่,ปลาย่างหรือปลาช่อนย่าง,หลัก,เปลี่ยนตามเนื้อสัตว์ที่เลือก
ต้มโคล้ง,,น้ำมะขามเปียก,หลัก,
ต้มโคล้ง,,พริกแห้งย่าง,ผักและสมุนไพร,
ต้มโคล้ง,,หอมแดงย่าง,ผักและสมุนไพร,
ต้มโคล้ง,,ข่า,ผักและสมุนไพร,
ต้มโคล้ง,,ตะไคร้,ผักและสมุนไพร,
ต้มโคล้ง,,ใบมะกรูด,ผักและสมุนไพร,
ต้มโคล้ง,,ใบโหระพา,ผักและสมุนไพร,
ต้มโคล้ง,,น้ำปลา,เครื่องปรุง (เปลี่ยนยี่ห้อได้),
ต้มโคล้ง,,น้ำมะนาว,เครื่องปรุง,
ต้มเลือดหมู,หมู,เลือดหมู,หลัก,
ต้มเลือดหมู,,หมูสับและเครื่องในหมู,หลัก,
ต้มเลือดหมู,,ผักกาดหอมหรือตำลึง,ผักและสมุนไพร,
ต้มเลือดหมู,,น้ำซุปกระดูกหมู,หลัก,
ต้มเลือดหมู,,กระเทียมเจียว,ผักและสมุนไพร,
ต้มเลือดหมู,,ต้นหอม,ผักและสมุนไพร,
ต้มเลือดหมู,,ผักชี,ผักและสมุนไพร,
ต้มเลือดหมู,,ซีอิ๊วขาว,เครื่องปรุง (เปลี่ยนยี่ห้อได้),
ต้มเลือดหมู,,น้ำปลา,เครื่องปรุง (เปลี่ยนยี่ห้อได้),
ต้มเลือดหมู,,พริกไทยป่น,เครื่องปรุง,
ต้มเครื่องในหมู,เครื่องในหมู,เครื่องในหมู (ตับ ไส้ กระเพาะ),หลัก,
ต้มเครื่องในหมู,,น้ำซุปกระดูกหมู,หลัก,
ต้มเครื่องในหมู,,ผักกาดหอมหรือผักกาดดอง,ผักและสมุนไพร,ผักกาดดองต้องตรวจเกลือที่ใช้
ต้มเครื่องในหมู,,กระเทียมเจียว,ผักและสมุนไพร,
ต้มเครื่องในหมู,,ต้นหอม,ผักและสมุนไพร,
ต้มเครื่องในหมู,,ผักชี,ผักและสมุนไพร,
ต้มเครื่องในหมู,,ซีอิ๊วขาว,เครื่องปรุง (เปลี่ยนยี่ห้อได้),
ต้มเครื่องในหมู,,น้ำปลา,เครื่องปรุง (เปลี่ยนยี่ห้อได้),
ต้มเครื่องในหมู,,พริกไทยป่น,เครื่องปรุง,
ปลาทอด,ปลานิล / ปลาทับทิม / ปลากะพง / ปลาดุก,ปลา,หลัก,ปลาน้ำจืดหรือปลาทะเลตามชนิด
ปลาทอด,,น้ำมันพืช,เครื่องปรุง,
ปลาทอด,,เกลือ,เครื่องปรุง (เปลี่ยนยี่ห้อได้),
ปลาทอด,,น้ำปลา,ไม่บังคับ,หมักก่อนทอด
ปลาทอด,,น้ำจิ้มซีฟู้ดหรือน้ำปลาพริก,เครื่องเคียง,
ปลาทูทอด,ปลาทู,ปลาทู,หลัก,ปลาทะเล
ปลาทูทอด,,น้ำมันพืช,เครื่องปรุง,
ปลาทูทอด,,น้ำพริกกะปิ,เครื่องเคียง,
ปลาทูทอด,,ผักลวก,เครื่องเคียง,
ปลาราดพริก,ปลาทับทิม / ปลานิล / ปลากะพง,ปลา,หลัก,ปลาน้ำจืดหรือปลาทะเลตามชนิด
ปลาราดพริก,,พริกชี้ฟ้า,หลัก,ทำซอสราด
ปลาราดพริก,,กระเทียม,หลัก,ทำซอสราด
ปลาราดพริก,,หอมแดง,ผักและสมุนไพร,
ปลาราดพริก,,น้ำมะขามเปียก,เครื่องปรุง,
ปลาราดพริก,,น้ำตาลปี๊บ,เครื่องปรุง,
ปลาราดพริก,,น้ำปลา,เครื่องปรุง (เปลี่ยนยี่ห้อได้),
ปลาราดพริก,,ใบโหระพาทอด,ผักและสมุนไพร,
ปลาราดพริก,,น้ำมันพืช,เครื่องปรุง,
ปลานึ่งมะนาว,ปลากะพง / ปลาทับทิม / ปลานิล,ปลา,หลัก,ปลาน้ำจืดหรือปลาทะเลตามชนิด
ปลานึ่งมะนาว,,น้ำมะนาว,หลัก,
ปลานึ่งมะนาว,,กระเทียม,ผักและสมุนไพร,
ปลานึ่งมะนาว,,พริกขี้หนู,ผักและสมุนไพร,
ปลานึ่งมะนาว,,ผักชี,ผักและสมุนไพร,
ปลานึ่งมะนาว,,ตะไคร้,ผักและสมุนไพร,
ปลานึ่งมะนาว,,น้ำปลา,เครื่องปรุง (เปลี่ยนยี่ห้อได้),
ปลานึ่งมะนาว,,น้ำตาลทราย,เครื่องปรุง,
ปลานึ่งมะนาว,,น้ำซุป,ผักและสมุนไพร,
ปลานึ่งมะนาว,,ผักกาดหอมหรือผักบุ้ง,เครื่องเคียง,
ปลานึ่งซีอิ๊ว,ปลากะพง / ปลาทับทิม / ปลานิล,ปลา,หลัก,ปลาน้ำจืดหรือปลาทะเลตามชนิด
ปลานึ่งซีอิ๊ว,,ซีอิ๊วขาว,หลัก,
ปลานึ่งซีอิ๊ว,,ขิงซอย,ผักและสมุนไพร,
ปลานึ่งซีอิ๊ว,,ต้นหอม,ผักและสมุนไพร,
ปลานึ่งซีอิ๊ว,,ผักชี,ผักและสมุนไพร,
ปลานึ่งซีอิ๊ว,,เห็ดหอม,ไม่บังคับ,
ปลานึ่งซีอิ๊ว,,ซีอิ๊วดำ,เครื่องปรุง (เปลี่ยนยี่ห้อได้),
ปลานึ่งซีอิ๊ว,,ซอสหอยนางรม,เครื่องปรุง (เปลี่ยนยี่ห้อได้),
ปลานึ่งซีอิ๊ว,,น้ำตาลทราย,เครื่องปรุง,
ปลานึ่งซีอิ๊ว,,น้ำมันงา,ไม่บังคับ,
หมูทอด,หมู,เนื้อหมู,หลัก,
หมูทอด,,กระเทียม,ผักและสมุนไพร,
หมูทอด,,น้ำปลา,เครื่องปรุง (เปลี่ยนยี่ห้อได้),
หมูทอด,,ซีอิ๊วขาว,ไม่บังคับ,
หมูทอด,,พริกไทย,เครื่องปรุง,
หมูทอด,,น้ำตาลทราย,เครื่องปรุง,
หมูทอด,,น้ำมันพืช,เครื่องปรุง,
หมูแดดเดียว,หมู,เนื้อหมู,หลัก,
หมูแดดเดียว,,น้ำปลา,เครื่องปรุง (เปลี่ยนยี่ห้อได้),
หมูแดดเดียว,,ซีอิ๊วขาว,เครื่องปรุง (เปลี่ยนยี่ห้อได้),
หมูแดดเดียว,,ซอสหอยนางรม,ไม่บังคับ,
หมูแดดเดียว,,น้ำตาลทราย,เครื่องปรุง,
หมูแดดเดียว,,งาขาว,ไม่บังคับ,
หมูแดดเดียว,,พริกไทย,เครื่องปรุง,
หมูแดดเดียว,,น้ำมันพืช,เครื่องปรุง,
เนื้อแดดเดียว,เนื้อวัว,เนื้อวัว,หลัก,
เนื้อแดดเดียว,,น้ำปลา,เครื่องปรุง (เปลี่ยนยี่ห้อได้),
เนื้อแดดเดียว,,ซีอิ๊วขาว,เครื่องปรุง (เปลี่ยนยี่ห้อได้),
เนื้อแดดเดียว,,น้ำตาลทราย,เครื่องปรุง,
เนื้อแดดเดียว,,เมล็ดผักชี,ไม่บังคับ,
เนื้อแดดเดียว,,พริกไทย,เครื่องปรุง,
เนื้อแดดเดียว,,น้ำมันพืช,เครื่องปรุง,
หมูย่าง,หมูคอ / หมูสันนอก,เนื้อหมู,หลัก,
หมูย่าง,,กระเทียม,ผักและสมุนไพร,
หมูย่าง,,รากผักชี,ผักและสมุนไพร,
หมูย่าง,,ซอสหอยนางรม,เครื่องปรุง (เปลี่ยนยี่ห้อได้),
หมูย่าง,,ซีอิ๊วขาว,เครื่องปรุง (เปลี่ยนยี่ห้อได้),
หมูย่าง,,น้ำปลา,เครื่องปรุง (เปลี่ยนยี่ห้อได้),
หมูย่าง,,น้ำตาลทราย,เครื่องปรุง,
หมูย่าง,,พริกไทย,เครื่องปรุง,
หมูย่าง,,น้ำจิ้มแจ่ว,เครื่องเคียง,ทำจากน้ำปลา พริกป่น ข้าวคั่ว
หมูย่าง,,ข้าวเหนียว,เครื่องเคียง,
หมูปิ้ง,หมู,เนื้อหมู,หลัก,
หมูปิ้ง,,กะทิ,หลัก,หมักให้นุ่ม
หมูปิ้ง,,กระเทียม,ผักและสมุนไพร,
หมูปิ้ง,,รากผักชี,ผักและสมุนไพร,
หมูปิ้ง,,ซอสหอยนางรม,เครื่องปรุง (เปลี่ยนยี่ห้อได้),
หมูปิ้ง,,ซีอิ๊วขาว,เครื่องปรุง (เปลี่ยนยี่ห้อได้),
หมูปิ้ง,,น้ำปลา,เครื่องปรุง (เปลี่ยนยี่ห้อได้),
หมูปิ้ง,,น้ำตาลทราย,เครื่องปรุง,
หมูปิ้ง,,พริกไทย,เครื่องปรุง,
หมูปิ้ง,,ข้าวเหนียว,เครื่องเคียง,
ไก่ทอด,ไก่,เนื้อไก่,หลัก,
ไก่ทอด,,แป้งทอดกรอบ,หลัก,
ไก่ทอด,,กระเทียม,ผักและสมุนไพร,
ไก่ทอด,,รากผักชี,ผักและสมุนไพร,
ไก่ทอด,,น้ำปลา,เครื่องปรุง (เปลี่ยนยี่ห้อได้),
ไก่ทอด,,ซีอิ๊วขาว,เครื่องปรุง (เปลี่ยนยี่ห้อได้),
ไก่ทอด,,พริกไทย,เครื่องปรุง,
ไก่ทอด,,น้ำมันพืช,เครื่องปรุง,
ไก่ทอด,,ซอสพริก,เครื่องเคียง,
ปีกไก่ทอด,ปีกไก่,ปีกไก่,หลัก,
ปีกไก่ทอด,,กระเทียม,ผักและสมุนไพร,
ปีกไก่ทอด,,น้ำปลา,เครื่องปรุง (เปลี่ยนยี่ห้อได้),
ปีกไก่ทอด,,ซีอิ๊วขาว,ไม่บังคับ,
ปีกไก่ทอด,,แป้งทอดกรอบ,ไม่บังคับ,
ปีกไก่ทอด,,พริกไทย,เครื่องปรุง,
ปีกไก่ทอด,,น้ำมันพืช,เครื่องปรุง,
ปีกไก่ทอด,,ซอสพริก,เครื่องเคียง,
ทอดมัน,ปลากราย / กุ้ง,เนื้อปลากราย,หลัก,ปลาน้ำจืด; ทอดมันกุ้งเป็นอาหารทะเล
ทอดมัน,,พริกแกงเผ็ด,หลัก,พริกแกงสำเร็จรูปมักมีกะปิ ต้องตรวจส่วนประกอบ
ทอดมัน,,ไข่ไก่,ผักและสมุนไพร,
ทอดมัน,,ถั่วฝักยาว,ผักและสมุนไพร,
ทอดมัน,,ใบมะกรูด,ผักและสมุนไพร,
ทอดมัน,,น้ำปลา,เครื่องปรุง (เปลี่ยนยี่ห้อได้),
ทอดมัน,,น้ำตาลทราย,เครื่องปรุง,
ทอดมัน,,น้ำมันพืช,เครื่องปรุง,
ทอดมัน,,อาจาด (แตงกวา หอมแดง พริก น้ำส้มสายชู),เครื่องเคียง,
กุ้งแช่น้ำปลา,กุ้ง,กุ้งสดดิบ,หลัก,อาหารทะเลดิบ
กุ้งแช่น้ำปลา,,น้ำปลา,หลัก,
กุ้งแช่น้ำปลา,,กระเทียม,ผักและสมุนไพร,
กุ้งแช่น้ำปลา,,พริกขี้หนู,ผักและสมุนไพร,
กุ้งแช่น้ำปลา,,น้ำมะนาว,เครื่องปรุง,
กุ้งแช่น้ำปลา,,มะระขี้นก,เครื่องเคียง,
กุ้งแช่น้ำปลา,,ใบสะระแหน่,เครื่องเคียง,
หอยแครงลวก,หอยแครง,หอยแครง,หลัก,อาหารทะเล
หอยแครงลวก,,น้ำจิ้มซีฟู้ด (พริก กระเทียม น้ำปลา มะนาว น้ำตาล),เครื่องเคียง,
ปูผัดผงกะหรี่,ปู / กุ้ง / ทะเลรวม,ปู,หลัก,อาหารทะเล; เปลี่ยนตามเนื้อสัตว์ที่เลือก
ปูผัดผงกะหรี่,,ผงกะหรี่,หลัก,
ปูผัดผงกะหรี่,,ไข่ไก่,หลัก,
ปูผัดผงกะหรี่,,นมจืดหรือกะทิ,หลัก,
ปูผัดผงกะหรี่,,หอมหัวใหญ่,ผักและสมุนไพร,
ปูผัดผงกะหรี่,,ขึ้นฉ่าย,ผักและสมุนไพร,
ปูผัดผงกะหรี่,,ต้นหอม,ผักและสมุนไพร,
ปูผัดผงกะหรี่,,พริกชี้ฟ้า,ผักและสมุนไพร,
ปูผัดผงกะหรี่,,น้ำพริกเผา,เครื่องปรุง (เปลี่ยนยี่ห้อได้),บางยี่ห้อมีกุ้งแห้งหรือกะปิ
ปูผัดผงกะหรี่,,ซอสหอยนางรม,เครื่องปรุง (เปลี่ยนยี่ห้อได้),
ปูผัดผงกะหรี่,,ซีอิ๊วขาว,เครื่องปรุง (เปลี่ยนยี่ห้อได้),
ปูผัดผงกะหรี่,,น้ำตาลทราย,เครื่องปรุง,
ปูผัดผงกะหรี่,,น้ำมันพืช,เครื่องปรุง,
ปลาหมึกผัดไข่เค็ม,ปลาหมึก / กุ้ง,ปลาหมึก,หลัก,อาหารทะเล
ปลาหมึกผัดไข่เค็ม,,ไข่เค็ม,หลัก,ทำจากไข่เป็ดหมักเกลือ ต้องตรวจเกลือที่ใช้
ปลาหมึกผัดไข่เค็ม,,หอมหัวใหญ่,ผักและสมุนไพร,
ปลาหมึกผัดไข่เค็ม,,ต้นหอม,ผักและสมุนไพร,
ปลาหมึกผัดไข่เค็ม,,พริกชี้ฟ้า,ผักและสมุนไพร,
ปลาหมึกผัดไข่เค็ม,,กระเทียม,ผักและสมุนไพร,
ปลาหมึกผัดไข่เค็ม,,ซอสหอยนางรม,เครื่องปรุง (เปลี่ยนยี่ห้อได้),
ปลาหมึกผัดไข่เค็ม,,น้ำตาลทราย,เครื่องปรุง,
ปลาหมึกผัดไข่เค็ม,,น้ำมันพืช,เครื่องปรุง,
ยำวุ้นเส้น,หมูสับ / กุ้ง / ปลาหมึก / ทะเลรวม,วุ้นเส้น,หลัก,
ยำวุ้นเส้น,,หมูสับ,หลัก,เปลี่ยนตามเนื้อสัตว์ที่เลือก
ยำวุ้นเส้น,,กุ้งแห้ง,ไม่บังคับ,อาหารทะเล ตัดออกได้
ยำวุ้นเส้น,,หอมแดง,ผักและสมุนไพร,
ยำวุ้นเส้น,,ขึ้นฉ่าย,ผักและสมุนไพร,
ยำวุ้นเส้น,,มะเขือเทศ,ผักและสมุนไพร,
ยำวุ้นเส้น,,พริกขี้หนู,ผักและสมุนไพร,
ยำวุ้นเส้น,,ผักชี,ผักและสมุนไพร,
ยำวุ้นเส้น,,ถั่วลิสงคั่ว,ไม่บังคับ,
ยำวุ้นเส้น,,น้ำปลา,เครื่องปรุง (เปลี่ยนยี่ห้อได้),
ยำวุ้นเส้น,,น้ำมะนาว,เครื่องปรุง,
ยำวุ้นเส้น,,น้ำตาลทราย,เครื่องปรุง,
ยำทะเล,ทะเลรวม (กุ้ง ปลาหมึก หอย),กุ้ง ปลาหมึก หอยแมลงภู่,หลัก,อาหารทะเล
ยำทะเล,,หอมแดง,ผักและสมุนไพร,
ยำทะเล,,หอมหัวใหญ่,ผักและสมุนไพร,
ยำทะเล,,ขึ้นฉ่าย,ผักและสมุนไพร,
ยำทะเล,,มะเขือเทศ,ผักและสมุนไพร,
ยำทะเล,,พริกขี้หนู,ผักและสมุนไพร,
ยำทะเล,,กระเทียม,ผักและสมุนไพร,
ยำทะเล,,น้ำปลา,เครื่องปรุง (เปลี่ยนยี่ห้อได้),
ยำทะเล,,น้ำมะนาว,เครื่องปรุง,
ยำทะเล,,น้ำตาลทราย,เครื่องปรุง,
ยำปลาดุกฟู,ปลาดุก,ปลาดุกย่าง ทำเป็นปลาฟู,หลัก,ปลาน้ำจืด
ยำปลาดุกฟู,,มะม่วงดิบ,หลัก,
ยำปลาดุกฟู,,หอมแดง,ผักและสมุนไพร,
ยำปลาดุกฟู,,พริกขี้หนู,ผักและสมุนไพร,
ยำปลาดุกฟู,,ถั่วลิสงคั่ว,ผักและสมุนไพร,
ยำปลาดุกฟู,,น้ำปลา,เครื่องปรุง (เปลี่ยนยี่ห้อได้),
ยำปลาดุกฟู,,น้ำมะนาว,เครื่องปรุง,
ยำปลาดุกฟู,,น้ำตาลปี๊บ,เครื่องปรุง,
ยำปลาดุกฟู,,น้ำมันพืช,เครื่องปรุง,
ยำมะม่วง,ไม่มีเนื้อสัตว์ / กุ้งแห้ง / ปลากรอบ,มะม่วงดิบ,หลัก,
ยำมะม่วง,,หอมแดง,ผักและสมุนไพร,
ยำมะม่วง,,พริกขี้หนู,ผักและสมุนไพร,
ยำมะม่วง,,ถั่วลิสงคั่ว,ผักและสมุนไพร,
ยำมะม่วง,,กุ้งแห้ง,ไม่บังคับ,อาหารทะเล ตัดออกได้
ยำมะม่วง,,น้ำปลา,เครื่องปรุง (เปลี่ยนยี่ห้อได้),
ยำมะม่วง,,น้ำตาลปี๊บ,เครื่องปรุง,
ยำมะม่วง,,น้ำมะนาว,ไม่บังคับ,
ยำแหนม,แหนม,แหนม,หลัก,สินค้าแปรรูป ต้องตรวจส่วนประกอบ
ยำแหนม,,หอมแดง,ผักและสมุนไพร,
ยำแหนม,,ขิงซอย,ผักและสมุนไพร,
ยำแหนม,,พริกขี้หนู,ผักและสมุนไพร,
ยำแหนม,,ต้นหอม,ผักและสมุนไพร,
ยำแหนม,,ผักชี,ผักและสมุนไพร,
ยำแหนม,,ถั่วลิสงคั่ว,ผักและสมุนไพร,
ยำแหนม,,น้ำปลา,เครื่องปรุง (เปลี่ยนยี่ห้อได้),
ยำแหนม,,น้ำมะนาว,เครื่องปรุง,
ยำแหนม,,น้ำตาลทราย,เครื่องปรุง,
ยำส้มโอ,กุ้ง / ไก่ / ไม่ใส่เนื้อสัตว์,ส้มโอ,หลัก,
ยำส้มโอ,,กุ้งต้ม,ไม่บังคับ,อาหารทะเล; เปลี่ยนเป็นไก่ฉีกได้
ยำส้มโอ,,หอมแดงเจียว,ผักและสมุนไพร,
ยำส้มโอ,,กระเทียมเจียว,ผักและสมุนไพร,
ยำส้มโอ,,มะพร้าวคั่ว,ผักและสมุนไพร,
ยำส้มโอ,,ถั่วลิสงคั่ว,ผักและสมุนไพร,
ยำส้มโอ,,พริกขี้หนู,ผักและสมุนไพร,
ยำส้มโอ,,น้ำพริกเผา,เครื่องปรุง (เปลี่ยนยี่ห้อได้),บางยี่ห้อมีกุ้งแห้งหรือกะปิ
ยำส้มโอ,,กุ้งแห้ง,ไม่บังคับ,อาหารทะเล ตัดออกได้
ยำส้มโอ,,น้ำปลา,เครื่องปรุง (เปลี่ยนยี่ห้อได้),
ยำส้มโอ,,น้ำมะนาว,เครื่องปรุง,
ยำส้มโอ,,น้ำตาลปี๊บ,เครื่องปรุง,
ยำส้มโอ,,กะทิ,ไม่บังคับ,
น้ำพริกกะปิ,ไม่มีเนื้อสัตว์,กะปิ,หลัก,ทำจากกุ้งหมัก เป็นตัวตนของเมนู
น้ำพริกกะปิ,,กระเทียม,ผักและสมุนไพร,
น้ำพริกกะปิ,,พริกขี้หนู,ผักและสมุนไพร,
น้ำพริกกะปิ,,มะเขือพวง,ผักและสมุนไพร,
น้ำพริกกะปิ,,น้ำมะนาว,เครื่องปรุง,
น้ำพริกกะปิ,,น้ำตาลปี๊บ,เครื่องปรุง,
น้ำพริกกะปิ,,น้ำปลา,เครื่องปรุง (เปลี่ยนยี่ห้อได้),
น้ำพริกกะปิ,,ผักสดหรือผักลวก,เครื่องเคียง,
น้ำพริกกะปิ,,ปลาทูทอด,เครื่องเคียง,
น้ำพริกลงเรือ,หมูหวาน / ไม่ใส่เนื้อสัตว์,กะปิ,หลัก,ทำจากกุ้งหมัก
น้ำพริกลงเรือ,,หมูหวาน,หลัก,
น้ำพริกลงเรือ,,ไข่เค็ม,หลัก,ต้องตรวจเกลือที่ใช้
น้ำพริกลงเรือ,,กระเทียม,ผักและสมุนไพร,
น้ำพริกลงเรือ,,พริกขี้หนู,ผักและสมุนไพร,
น้ำพริกลงเรือ,,มะเขือพวง,ผักและสมุนไพร,
น้ำพริกลงเรือ,,ปลาดุกฟู,ไม่บังคับ,
น้ำพริกลงเรือ,,น้ำมะนาว,เครื่องปรุง,
น้ำพริกลงเรือ,,น้ำตาลปี๊บ,เครื่องปรุง,
น้ำพริกลงเรือ,,น้ำปลา,เครื่องปรุง (เปลี่ยนยี่ห้อได้),
น้ำพริกลงเรือ,,ผักสด,เครื่องเคียง,
น้ำพริกเผา,ไม่มีเนื้อสัตว์ / กุ้งแห้ง,พริกแห้ง,หลัก,
น้ำพริกเผา,,หอมแดง,หลัก,
น้ำพริกเผา,,กระเทียม,หลัก,
น้ำพริกเผา,,น้ำตาลปี๊บ,หลัก,
น้ำพริกเผา,,น้ำมะขามเปียก,เครื่องปรุง,
น้ำพริกเผา,,กะปิ,ไม่บังคับ,บางสูตรใส่
น้ำพริกเผา,,กุ้งแห้ง,ไม่บังคับ,อาหารทะเล ตัดออกได้
น้ำพริกเผา,,น้ำปลา,เครื่องปรุง (เปลี่ยนยี่ห้อได้),
น้ำพริกเผา,,น้ำมันพืช,เครื่องปรุง,
หลนเต้าเจี้ยว,หมูสับ / กุ้งสับ,เต้าเจี้ยว,หลัก,
หลนเต้าเจี้ยว,,กะทิ,หลัก,
หลนเต้าเจี้ยว,,หมูสับ,หลัก,เปลี่ยนตามเนื้อสัตว์ที่เลือก
หลนเต้าเจี้ยว,,หอมแดง,ผักและสมุนไพร,
หลนเต้าเจี้ยว,,พริกชี้ฟ้า,ผักและสมุนไพร,
หลนเต้าเจี้ยว,,น้ำตาลปี๊บ,เครื่องปรุง,
หลนเต้าเจี้ยว,,น้ำมะขามเปียก,ไม่บังคับ,
หลนเต้าเจี้ยว,,ผักสด,เครื่องเคียง,
เมี่ยงคำ,ไม่มีเนื้อสัตว์,ใบชะพลู,หลัก,
เมี่ยงคำ,,มะพร้าวคั่ว,หลัก,
เมี่ยงคำ,,หอมแดง,ผักและสมุนไพร,
เมี่ยงคำ,,ขิง,ผักและสมุนไพร,
เมี่ยงคำ,,มะนาว (หั่นทั้งเปลือก),ผักและสมุนไพร,
เมี่ยงคำ,,พริกขี้หนู,ผักและสมุนไพร,
เมี่ยงคำ,,ถั่วลิสงคั่ว,ผักและสมุนไพร,
เมี่ยงคำ,,กุ้งแห้ง,ไม่บังคับ,อาหารทะเล ตัดออกได้
เมี่ยงคำ,,น้ำเมี่ยง (น้ำตาลปี๊บ กะปิ ข่า ตะไคร้),หลัก,มีกะปิเป็นส่วนผสม
ไก่ผัดขิง,ไก่,เนื้อไก่,หลัก,
ไก่ผัดขิง,,ขิงอ่อน,หลัก,
ไก่ผัดขิง,,เห็ดหูหนู,ผักและสมุนไพร,
ไก่ผัดขิง,,หอมหัวใหญ่,ผักและสมุนไพร,
ไก่ผัดขิง,,ต้นหอม,ผักและสมุนไพร,
ไก่ผัดขิง,,พริกชี้ฟ้า,ผักและสมุนไพร,
ไก่ผัดขิง,,กระเทียม,ผักและสมุนไพร,
ไก่ผัดขิง,,เต้าเจี้ยว,เครื่องปรุง (เปลี่ยนยี่ห้อได้),
ไก่ผัดขิง,,ซอสหอยนางรม,เครื่องปรุง (เปลี่ยนยี่ห้อได้),
ไก่ผัดขิง,,ซีอิ๊วขาว,เครื่องปรุง (เปลี่ยนยี่ห้อได้),
ไก่ผัดขิง,,น้ำตาลทราย,เครื่องปรุง,
ไก่ผัดขิง,,น้ำมันพืช,เครื่องปรุง,
ขนมจีนน้ำเงี้ยว,หมู,ขนมจีน,หลัก,
ขนมจีนน้ำเงี้ยว,,กระดูกหมูอ่อนและหมูสับ,หลัก,
ขนมจีนน้ำเงี้ยว,,เลือดหมู,หลัก,
ขนมจีนน้ำเงี้ยว,,มะเขือเทศ,หลัก,
ขนมจีนน้ำเงี้ยว,,ดอกงิ้วแห้ง,ผักและสมุนไพร,
ขนมจีนน้ำเงี้ยว,,พริกแกงน้ำเงี้ยว (พริกแห้ง หอมแดง กระเทียม ข่า ตะไคร้),หลัก,
ขนมจีนน้ำเงี้ยว,,กะปิ,เครื่องปรุง (เปลี่ยนยี่ห้อได้),ใส่ในเครื่องแกง
ขนมจีนน้ำเงี้ยว,,ถั่วเน่า,เครื่องปรุง (เปลี่ยนยี่ห้อได้),ถั่วเหลืองหมัก
ขนมจีนน้ำเงี้ยว,,น้ำปลา,เครื่องปรุง (เปลี่ยนยี่ห้อได้),
ขนมจีนน้ำเงี้ยว,,ผักกาดดอง,เครื่องเคียง,ของดอง ต้องตรวจเกลือที่ใช้
ขนมจีนน้ำเงี้ยว,,ถั่วงอก,เครื่องเคียง,
ขนมจีนน้ำเงี้ยว,,กระเทียมเจียว,เครื่องเคียง,
แกงฮังเล,หมู,หมูสามชั้นและหมูสันคอ,หลัก,
แกงฮังเล,,พริกแกงฮังเล,หลัก,พริกแกงสำเร็จรูปมักมีกะปิ ต้องตรวจส่วนประกอบ
แกงฮังเล,,ผงฮังเล,เครื่องปรุง,
แกงฮังเล,,ขิงซอย,ผักและสมุนไพร,
แกงฮังเล,,กระเทียมดอง,ผักและสมุนไพร,ของดอง ต้องตรวจเกลือที่ใช้
แกงฮังเล,,ถั่วลิสงคั่ว,ผักและสมุนไพร,
แกงฮังเล,,น้ำมะขามเปียก,เครื่องปรุง,
แกงฮังเล,,น้ำตาลปี๊บ,เครื่องปรุง,
แกงฮังเล,,ซีอิ๊วดำ,เครื่องปรุง (เปลี่ยนยี่ห้อได้),
แกงฮังเล,,น้ำปลา,เครื่องปรุง (เปลี่ยนยี่ห้อได้),
น้ำพริกหนุ่ม,ไม่มีเนื้อสัตว์,พริกหนุ่มย่าง,หลัก,
น้ำพริกหนุ่ม,,หอมแดงย่าง,หลัก,
น้ำพริกหนุ่ม,,กระเทียมย่าง,หลัก,
น้ำพริกหนุ่ม,,มะเขือเทศย่าง,ไม่บังคับ,
น้ำพริกหนุ่ม,,น้ำปลา,เครื่องปรุง (เปลี่ยนยี่ห้อได้),
น้ำพริกหนุ่ม,,เกลือ,เครื่องปรุง (เปลี่ยนยี่ห้อได้),
น้ำพริกหนุ่ม,,ผักลวก,เครื่องเคียง,
น้ำพริกหนุ่ม,,แคบหมู,เครื่องเคียง,สินค้าแปรรูป
น้ำพริกอ่อง,หมูสับ,หมูสับ,หลัก,
น้ำพริกอ่อง,,มะเขือเทศลูกเล็ก,หลัก,
น้ำพริกอ่อง,,พริกแห้ง,หลัก,
น้ำพริกอ่อง,,หอมแดง,ผักและสมุนไพร,
น้ำพริกอ่อง,,กระเทียม,ผักและสมุนไพร,
น้ำพริกอ่อง,,กะปิ,เครื่องปรุง (เปลี่ยนยี่ห้อได้),ใส่ในเครื่องพริก
น้ำพริกอ่อง,,ถั่วเน่า,ไม่บังคับ,ถั่วเหลืองหมัก
น้ำพริกอ่อง,,น้ำปลา,เครื่องปรุง (เปลี่ยนยี่ห้อได้),
น้ำพริกอ่อง,,น้ำตาลทราย,เครื่องปรุง,
น้ำพริกอ่อง,,น้ำมันพืช,เครื่องปรุง,
น้ำพริกอ่อง,,ผักสดหรือผักลวก,เครื่องเคียง,
น้ำพริกอ่อง,,แคบหมู,เครื่องเคียง,สินค้าแปรรูป
แกงแค,ไก่ / หมู / กบ,เนื้อไก่,หลัก,เปลี่ยนตามเนื้อสัตว์ที่เลือก
แกงแค,,ผักรวม (ผักชะอม ผักเผ็ด ตำลึง ชะพลู มะเขือพวง ถั่วฝักยาว ดอกแค),หลัก,
แกงแค,,พริกแกง (พริกแห้ง หอมแดง กระเทียม ตะไคร้),หลัก,
แกงแค,,กะปิ,เครื่องปรุง (เปลี่ยนยี่ห้อได้),ใส่ในเครื่องแกง
แกงแค,,ปลาร้า,ไม่บังคับ,
แกงแค,,น้ำปลา,เครื่องปรุง (เปลี่ยนยี่ห้อได้),
แกงโฮะ,หมู,แกงที่เหลือ (แกงฮังเล แกงหน่อไม้ ฯลฯ),หลัก,ส่วนประกอบขึ้นกับแกงที่นำมาผัดรวม
แกงโฮะ,,วุ้นเส้น,หลัก,
แกงโฮะ,,หน่อไม้ดอง,ผักและสมุนไพร,ของดอง ต้องตรวจเกลือที่ใช้
แกงโฮะ,,ผักรวม (มะเขือ ถั่วฝักยาว ผักตำลึง),ผักและสมุนไพร,
แกงโฮะ,,พริกแกง,หลัก,
แกงโฮะ,,ใบมะกรูด,ผักและสมุนไพร,
แกงโฮะ,,ตะไคร้,ผักและสมุนไพร,
แกงโฮะ,,น้ำปลา,เครื่องปรุง (เปลี่ยนยี่ห้อได้),
แกงโฮะ,,น้ำมันพืช,เครื่องปรุง,
แกงขนุน,หมู / ซี่โครงหมู,ขนุนอ่อน,หลัก,
แกงขนุน,,ซี่โครงหมูหรือหมูสามชั้น,หลัก,เปลี่ยนตามเนื้อสัตว์ที่เลือก
แกงขนุน,,มะเขือเทศ,ผักและสมุนไพร,
แกงขนุน,,ใบชะอมหรือใบชะพลู,ผักและสมุนไพร,
แกงขนุน,,พริกแกง (พริกแห้ง หอมแดง กระเทียม ตะไคร้),หลัก,
แกงขนุน,,กะปิ,เครื่องปรุง (เปลี่ยนยี่ห้อได้),ใส่ในเครื่องแกง
แกงขนุน,,ปลาร้า,ไม่บังคับ,
แกงขนุน,,น้ำปลา,เครื่องปรุง (เปลี่ยนยี่ห้อได้),
ไข่ป่าม,ไม่มีเนื้อสัตว์,ไข่ไก่,หลัก,
ไข่ป่าม,,ใบตอง,ผักและสมุนไพร,
ไข่ป่าม,,ต้นหอม,ผักและสมุนไพร,
ไข่ป่าม,,พริกขี้หนู,ผักและสมุนไพร,
ไข่ป่าม,,หอมแดง,ผักและสมุนไพร,
ไข่ป่าม,,น้ำปลา,เครื่องปรุง (เปลี่ยนยี่ห้อได้),
ข้าวกั๊นจิ๊น,หมู,ข้าวสวย,หลัก,
ข้าวกั๊นจิ๊น,,เนื้อหมูสับ,หลัก,
ข้าวกั๊นจิ๊น,,เลือดหมู,หลัก,
ข้าวกั๊นจิ๊น,,ใบตอง,ผักและสมุนไพร,
ข้าวกั๊นจิ๊น,,กระเทียมเจียว,เครื่องเคียง,
ข้าวกั๊นจิ๊น,,พริกแห้งทอด,เครื่องเคียง,
ข้าวกั๊นจิ๊น,,แตงกวา,เครื่องเคียง,
ข้าวกั๊นจิ๊น,,หอมแดง,เครื่องเคียง,
ข้าวกั๊นจิ๊น,,เกลือ,เครื่องปรุง (เปลี่ยนยี่ห้อได้),
จิ้นส้ม,หมู,หมูสับ,หลัก,
จิ้นส้ม,,หนังหมู,หลัก,
จิ้นส้ม,,ข้าวเหนียวนึ่ง,หลัก,
จิ้นส้ม,,กระเทียม,ผักและสมุนไพร,
จิ้นส้ม,,เกลือ,เครื่องปรุง (เปลี่ยนยี่ห้อได้),
จิ้นส้ม,,พริกขี้หนู,เครื่องเคียง,
จิ้นส้ม,,ขิง,เครื่องเคียง,
ลาบหมู,หมู / ไก่ / เนื้อ / ปลาดุก,หมูสับ,หลัก,เปลี่ยนตามเนื้อสัตว์ที่เลือก
ลาบหมู,,ข้าวคั่ว,หลัก,
ลาบหมู,,พริกป่น,หลัก,
ลาบหมู,,หอมแดง,ผักและสมุนไพร,
ลาบหมู,,ต้นหอม,ผักและสมุนไพร,
ลาบหมู,,ผักชีฝรั่ง,ผักและสมุนไพร,
ลาบหมู,,ใบสะระแหน่,ผักและสมุนไพร,
ลาบหมู,,น้ำปลา,เครื่องปรุง (เปลี่ยนยี่ห้อได้),
ลาบหมู,,น้ำมะนาว,เครื่องปรุง,
ลาบหมู,,ปลาร้า,ไม่บังคับ,
ลาบหมู,,ผักสด,เครื่องเคียง,
ก้อย,เนื้อวัว / ปลา / กุ้ง,เนื้อวัวดิบ,หลัก,เปลี่ยนตามเนื้อสัตว์ที่เลือก; เนื้อดิบมีความเสี่ยงพยาธิ
ก้อย,,ข้าวคั่ว,หลัก,
ก้อย,,พริกป่น,หลัก,
ก้อย,,เลือดหรือดีวัว,ไม่บังคับ,
ก้อย,,หอมแดง,ผักและสมุนไพร,
ก้อย,,ใบสะระแหน่,ผักและสมุนไพร,
ก้อย,,ผักชีฝรั่ง,ผักและสมุนไพร,
ก้อย,,น้ำปลา,เครื่องปรุง (เปลี่ยนยี่ห้อได้),
ก้อย,,น้ำมะนาว,เครื่องปรุง,
ก้อย,,ปลาร้า,ไม่บังคับ,
ไก่ย่าง,ไก่,ไก่,หลัก,
ไก่ย่าง,,กระเทียม,ผักและสมุนไพร,
ไก่ย่าง,,รากผักชี,ผักและสมุนไพร,
ไก่ย่าง,,ตะไคร้,ผักและสมุนไพร,
ไก่ย่าง,,ซีอิ๊วขาว,เครื่องปรุง (เปลี่ยนยี่ห้อได้),
ไก่ย่าง,,น้ำปลา,เครื่องปรุง (เปลี่ยนยี่ห้อได้),
ไก่ย่าง,,พริกไทย,เครื่องปรุง,
ไก่ย่าง,,น้ำตาลทราย,เครื่องปรุง,
ไก่ย่าง,,น้ำจิ้มแจ่ว,เครื่องเคียง,ทำจากน้ำปลา พริกป่น ข้าวคั่ว
ไก่ย่าง,,ข้าวเหนียว,เครื่องเคียง,
คอหมูย่าง,หมู,คอหมู,หลัก,
คอหมูย่าง,,กระเทียม,ผักและสมุนไพร,
คอหมูย่าง,,รากผักชี,ผักและสมุนไพร,
คอหมูย่าง,,ซอสหอยนางรม,เครื่องปรุง (เปลี่ยนยี่ห้อได้),
คอหมูย่าง,,ซีอิ๊วขาว,เครื่องปรุง (เปลี่ยนยี่ห้อได้),
คอหมูย่าง,,น้ำปลา,เครื่องปรุง (เปลี่ยนยี่ห้อได้),
คอหมูย่าง,,น้ำตาลทราย,เครื่องปรุง,
คอหมูย่าง,,พริกไทย,เครื่องปรุง,
คอหมูย่าง,,น้ำจิ้มแจ่ว,เครื่องเคียง,ทำจากน้ำปลา พริกป่น ข้าวคั่ว
คอหมูย่าง,,ข้าวเหนียว,เครื่องเคียง,
เสือร้องไห้,เนื้อวัว,เนื้อวัว (ส่วนพับใน),หลัก,
เสือร้องไห้,,ซีอิ๊วขาว,เครื่องปรุง (เปลี่ยนยี่ห้อได้),
เสือร้องไห้,,ซอสหอยนางรม,เครื่องปรุง (เปลี่ยนยี่ห้อได้),
เสือร้องไห้,,พริกไทย,เครื่องปรุง,
เสือร้องไห้,,น้ำตาลทราย,เครื่องปรุง,
เสือร้องไห้,,น้ำจิ้มแจ่ว (น้ำปลา พริกป่น ข้าวคั่ว น้ำมะนาว),หลัก,รับประทานคู่กันเสมอ
เสือร้องไห้,,ข้าวเหนียว,เครื่องเคียง,
เสือร้องไห้,,ผักสด,เครื่องเคียง,
ต้มแซ่บ,กระดูกอ่อนหมู / เครื่องในวัว / ไก่,กระดูกอ่อนหมู,หลัก,เปลี่ยนตามเนื้อสัตว์ที่เลือก
ต้มแซ่บ,,ข่า,ผักและสมุนไพร,
ต้มแซ่บ,,ตะไคร้,ผักและสมุนไพร,
ต้มแซ่บ,,ใบมะกรูด,ผักและสมุนไพร,
ต้มแซ่บ,,หอมแดง,ผักและสมุนไพร,
ต้มแซ่บ,,พริกแห้งคั่ว,ผักและสมุนไพร,
ต้มแซ่บ,,ใบโหระพาหรือผักชีฝรั่ง,ผักและสมุนไพร,
ต้มแซ่บ,,ข้าวคั่ว,ไม่บังคับ,
ต้มแซ่บ,,น้ำปลา,เครื่องปรุง (เปลี่ยนยี่ห้อได้),
ต้มแซ่บ,,น้ำมะนาว,เครื่องปรุง,
แจ่วบอง,ไม่มีเนื้อสัตว์,ปลาร้า,หลัก,ทำจากปลาหมัก เป็นตัวตนของเมนู
แจ่วบอง,,พริกแห้งคั่ว,หลัก,
แจ่วบอง,,หอมแดงเผา,หลัก,
แจ่วบอง,,กระเทียมเผา,หลัก,
แจ่วบอง,,ข่าเผา,ผักและสมุนไพร,
แจ่วบอง,,ตะไคร้,ผักและสมุนไพร,
แจ่วบอง,,ผักสด,เครื่องเคียง,
แจ่วบอง,,ข้าวเหนียว,เครื่องเคียง,
จิ้มจุ่ม,หมู / เนื้อ / ทะเลรวม,เนื้อหมู,หลัก,เปลี่ยนตามเนื้อสัตว์ที่เลือก
จิ้มจุ่ม,,น้ำซุปสมุนไพร (ข่า ตะไคร้ ใบมะกรูด),หลัก,
จิ้มจุ่ม,,ไข่ไก่,ไม่บังคับ,
จิ้มจุ่ม,,ผักรวม (ผักบุ้ง ผักกาดขาว ใบโหระพา),ผักและสมุนไพร,
จิ้มจุ่ม,,วุ้นเส้น,ไม่บังคับ,
จิ้มจุ่ม,,น้ำจิ้มแจ่ว (น้ำปลา พริกป่น ข้าวคั่ว น้ำมะนาว),หลัก,
ตับหวาน,ตับหมู,ตับหมู,หลัก,
ตับหวาน,,ข้าวคั่ว,หลัก,
ตับหวาน,,พริกป่น,หลัก,
ตับหวาน,,หอมแดง,ผักและสมุนไพร,
ตับหวาน,,ต้นหอม,ผักและสมุนไพร,
ตับหวาน,,ผักชีฝรั่ง,ผักและสมุนไพร,
ตับหวาน,,ใบสะระแหน่,ผักและสมุนไพร,
ตับหวาน,,น้ำปลา,เครื่องปรุง (เปลี่ยนยี่ห้อได้),
ตับหวาน,,น้ำมะนาว,เครื่องปรุง,
ผัดหมี่โคราช,หมู / ไม่ใส่เนื้อสัตว์,หมี่โคราช,หลัก,
ผัดหมี่โคราช,,น้ำมะขามเปียก,หลัก,
ผัดหมี่โคราช,,หมูสามชั้น,ไม่บังคับ,
ผัดหมี่โคราช,,ถั่วงอก,ผักและสมุนไพร,
ผัดหมี่โคราช,,กุยช่าย,ผักและสมุนไพร,
ผัดหมี่โคราช,,หอมแดง,ผักและสมุนไพร,
ผัดหมี่โคราช,,กระเทียม,ผักและสมุนไพร,
ผัดหมี่โคราช,,เต้าเจี้ยว,เครื่องปรุง (เปลี่ยนยี่ห้อได้),
ผัดหมี่โคราช,,ซีอิ๊วดำ,เครื่องปรุง (เปลี่ยนยี่ห้อได้),
ผัดหมี่โคราช,,น้ำปลา,เครื่องปรุง (เปลี่ยนยี่ห้อได้),
ผัดหมี่โคราช,,น้ำตาลปี๊บ,เครื่องปรุง,
ผัดหมี่โคราช,,พริกป่น,ไม่บังคับ,
ผัดหมี่โคราช,,น้ำมันพืช,เครื่องปรุง,
แกงเหลือง,ปลา / กุ้ง,เนื้อปลา,หลัก,ปลาน้ำจืดหรือปลาทะเลตามชนิด
แกงเหลือง,,พริกแกงเหลือง (พริกแห้ง ขมิ้น กระเทียม),หลัก,
แกงเหลือง,,กะปิ,เครื่องปรุง (เปลี่ยนยี่ห้อได้),ใส่ในเครื่องแกง
แกงเหลือง,,ผัก (หน่อไม้ดอง มะละกอดิบ ยอดมะพร้าว หรือสับปะรด),หลัก,หน่อไม้ดองต้องตรวจเกลือที่ใช้
แกงเหลือง,,น้ำมะขามเปียกหรือน้ำส้มแขก,เครื่องปรุง,
แกงเหลือง,,น้ำปลา,เครื่องปรุง (เปลี่ยนยี่ห้อได้),
แกงเหลือง,,น้ำตาลทราย,เครื่องปรุง,
แกงไตปลา,ปลาย่าง / ไม่ใส่เนื้อสัตว์,ไตปลา,หลัก,เครื่องในปลาหมักเกลือ เป็นตัวตนของเมนู
แกงไตปลา,,พริกแกงไตปลา (พริกแห้ง ขมิ้น ตะไคร้ ข่า กระเทียม หอมแดง),หลัก,
แกงไตปลา,,กะปิ,เครื่องปรุง (เปลี่ยนยี่ห้อได้),ใส่ในเครื่องแกง
แกงไตปลา,,ผักรวม (มะเขือเปราะ หน่อไม้ ฟักทอง ถั่วฝักยาว),ผักและสมุนไพร,
แกงไตปลา,,ปลาย่าง,ไม่บังคับ,ปลาทะเลหรือปลาน้ำจืด
แกงไตปลา,,ใบมะกรูด,ผักและสมุนไพร,
แกงไตปลา,,น้ำตาลปี๊บ,เครื่องปรุง,
คั่วกลิ้ง,หมูสับ / ไก่สับ / เนื้อสับ,หมูสับ,หลัก,เปลี่ยนตามเนื้อสัตว์ที่เลือก
คั่วกลิ้ง,,พริกแกงคั่วกลิ้ง (พริก ขมิ้น ตะไคร้ ข่า กระเทียม พริกไทย),หลัก,
คั่วกลิ้ง,,กะปิ,เครื่องปรุง (เปลี่ยนยี่ห้อได้),ใส่ในเครื่องแกง
คั่วกลิ้ง,,ใบมะกรูด,ผักและสมุนไพร,
คั่วกลิ้ง,,พริกขี้หนู,ผักและสมุนไพร,
คั่วกลิ้ง,,น้ำปลา,เครื่องปรุง (เปลี่ยนยี่ห้อได้),
คั่วกลิ้ง,,น้ำตาลทราย,เครื่องปรุง,
ข้าวยำ,ไม่มีเนื้อสัตว์ / กุ้งแห้ง,ข้าวสวย,หลัก,
ข้าวยำ,,น้ำบูดู,หลัก,ทำจากปลาหมัก เป็นตัวตนของเมนู
ข้าวยำ,,ผักรวม (ถั่วฝักยาว ถั่วงอก ตะไคร้ ใบมะกรูด ดอกดาหลา),หลัก,
ข้าวยำ,,มะพร้าวคั่ว,ผักและสมุนไพร,
ข้าวยำ,,ส้มโอ,ผักและสมุนไพร,
ข้าวยำ,,กุ้งแห้งป่น,ไม่บังคับ,อาหารทะเล ตัดออกได้
ข้าวยำ,,พริกป่น,ผักและสมุนไพร,
ข้าวยำ,,มะนาว,เครื่องเคียง,
ไก่ทอดหาดใหญ่,ไก่,ไก่,หลัก,
ไก่ทอดหาดใหญ่,,หอมเจียว,หลัก,
ไก่ทอดหาดใหญ่,,รากผักชี,ผักและสมุนไพร,
ไก่ทอดหาดใหญ่,,กระเทียม,ผักและสมุนไพร,
ไก่ทอดหาดใหญ่,,พริกไทย,เครื่องปรุง,
ไก่ทอดหาดใหญ่,,เมล็ดผักชี,เครื่องปรุง,
ไก่ทอดหาดใหญ่,,ยี่หร่า,เครื่องปรุง,
ไก่ทอดหาดใหญ่,,น้ำปลา,เครื่องปรุง (เปลี่ยนยี่ห้อได้),
ไก่ทอดหาดใหญ่,,ซีอิ๊วขาว,ไม่บังคับ,
ไก่ทอดหาดใหญ่,,น้ำมันพืช,เครื่องปรุง,
ไก่ทอดหาดใหญ่,,ข้าวเหนียว,เครื่องเคียง,
หมูผัดกะปิ,หมู,เนื้อหมู,หลัก,
หมูผัดกะปิ,,กะปิ,หลัก,ทำจากกุ้งหมัก เป็นตัวตนของเมนู
หมูผัดกะปิ,,พริกชี้ฟ้า,ผักและสมุนไพร,
หมูผัดกะปิ,,กระเทียม,ผักและสมุนไพร,
หมูผัดกะปิ,,หอมแดง,ผักและสมุนไพร,
หมูผัดกะปิ,,ใบมะกรูด,ผักและสมุนไพร,
หมูผัดกะปิ,,สะตอ,ไม่บังคับ,
หมูผัดกะปิ,,น้ำตาลทราย,เครื่องปรุง,
หมูผัดกะปิ,,น้ำมันพืช,เครื่องปรุง,
ข้าวหมกไก่,ไก่,ข้าวสาร,หลัก,
ข้าวหมกไก่,,ไก่,หลัก,
ข้าวหมกไก่,,ผงกะหรี่,หลัก,
ข้าวหมกไก่,,เครื่องเทศ (ลูกกระวาน กานพลู อบเชย),เครื่องปรุง,
ข้าวหมกไก่,,เนยหรือน้ำมัน,เครื่องปรุง,
ข้าวหมกไก่,,นมสด,ไม่บังคับ,
ข้าวหมกไก่,,หอมเจียว,ผักและสมุนไพร,
ข้าวหมกไก่,,เกลือ,เครื่องปรุง (เปลี่ยนยี่ห้อได้),
ข้าวหมกไก่,,ซุปไก่,เครื่องเคียง,
ข้าวหมกไก่,,น้ำจิ้มเขียว (สะระแหน่ พริก น้ำส้มสายชู),เครื่องเคียง,
ข้าวต้มปลา,ปลากะพง / ปลาเก๋า / ปลาอินทรี,ข้าวสวย,หลัก,
ข้าวต้มปลา,,เนื้อปลา,หลัก,ปลาทะเลตามชนิด
ข้าวต้มปลา,,น้ำซุปกระดูกหมู,หลัก,
ข้าวต้มปลา,,ขิงซอย,ผักและสมุนไพร,
ข้าวต้มปลา,,ขึ้นฉ่าย,ผักและสมุนไพร,
ข้าวต้มปลา,,ต้นหอม,ผักและสมุนไพร,
ข้าวต้มปลา,,กระเทียมเจียว,ผักและสมุนไพร,
ข้าวต้มปลา,,ตั้งฉ่าย,ไม่บังคับ,ผักกาดดองเค็ม ต้องตรวจเกลือที่ใช้
ข้าวต้มปลา,,น้ำปลา,เครื่องปรุง (เปลี่ยนยี่ห้อได้),
ข้าวต้มปลา,,ซีอิ๊วขาว,เครื่องปรุง (เปลี่ยนยี่ห้อได้),
ข้าวต้มปลา,,พริกไทยป่น,เครื่องปรุง,
ซุปหางวัว,หางวัว,หางวัว,หลัก,
ซุปหางวัว,,มันฝรั่ง,ผักและสมุนไพร,
ซุปหางวัว,,มะเขือเทศ,ผักและสมุนไพร,
ซุปหางวัว,,หอมหัวใหญ่,ผักและสมุนไพร,
ซุปหางวัว,,แครอท,ผักและสมุนไพร,
ซุปหางวัว,,หอมแดงเจียว,ผักและสมุนไพร,
ซุปหางวัว,,ผักชี,ผักและสมุนไพร,
ซุปหางวัว,,ต้นหอม,ผักและสมุนไพร,
ซุปหางวัว,,เครื่องเทศ (ลูกกระวาน กานพลู อบเชย),เครื่องปรุง,
ซุปหางวัว,,เกลือ,เครื่องปรุง (เปลี่ยนยี่ห้อได้),
ซุปหางวัว,,น้ำปลา,เครื่องปรุง (เปลี่ยนยี่ห้อได้),
ซุปหางวัว,,มะนาว,เครื่องเคียง,
ไข่ครอบ,ไข่เค็มแดง,ไข่แดงเค็ม,หลัก,ไข่เป็ดหมักเกลือ ต้องตรวจเกลือที่ใช้
ไข่ครอบ,,เปลือกไข่ (ใช้เป็นภาชนะนึ่ง),ผักและสมุนไพร,
ข้าวหมูแดง,หมูแดง / หมูกรอบ / กุนเชียง,ข้าวสวย,หลัก,
ข้าวหมูแดง,,หมูแดง,หลัก,สินค้าแปรรูปหรือทำเอง ต้องตรวจส่วนประกอบ
ข้าวหมูแดง,,หมูกรอบ,ไม่บังคับ,
ข้าวหมูแดง,,กุนเชียง,ไม่บังคับ,สินค้าแปรรูป
ข้าวหมูแดง,,ไข่ต้ม,ไม่บังคับ,
ข้าวหมูแดง,,น้ำราดหมูแดง (ซีอิ๊วดำ น้ำตาล แป้ง),หลัก,
ข้าวหมูแดง,,ซีอิ๊วดำ,เครื่องปรุง (เปลี่ยนยี่ห้อได้),
ข้าวหมูแดง,,แตงกวา,เครื่องเคียง,
ข้าวหมูแดง,,ต้นหอม,เครื่องเคียง,
ข้าวหน้าเป็ด,เป็ดย่าง,ข้าวสวย,หลัก,
ข้าวหน้าเป็ด,,เป็ดย่าง,หลัก,
ข้าวหน้าเป็ด,,น้ำราดเป็ด (ซีอิ๊วดำ น้ำตาล ผงพะโล้ แป้ง),หลัก,
ข้าวหน้าเป็ด,,ซีอิ๊วดำ,เครื่องปรุง (เปลี่ยนยี่ห้อได้),
ข้าวหน้าเป็ด,,ซีอิ๊วขาว,เครื่องปรุง (เปลี่ยนยี่ห้อได้),
ข้าวหน้าเป็ด,,แตงกวา,เครื่องเคียง,
ข้าวหน้าเป็ด,,ขิงดอง,เครื่องเคียง,ของดอง ต้องตรวจเกลือที่ใช้
ข้าวต้มกุ๊ย,ไม่มีเนื้อสัตว์ (กินกับกับข้าว),ข้าวสาร,หลัก,ต้มเป็นข้าวต้มเปล่า
ข้าวต้มกุ๊ย,,น้ำเปล่า,ผักและสมุนไพร,
ข้าวต้มกุ๊ย,,กับข้าวรับประทานคู่ (ผัดผัก ไข่เจียว ผักกาดดอง ปลาเค็ม),เครื่องเคียง,ตรวจกับข้าวแต่ละอย่างแยก
