group,category,brand,variant,iodine_ug_per_tsp,printed_page
restricted,ซอสเห็ดหอม,ภูเขาทอง,,,5
restricted,ซอสเห็ดหอม,เด็กสมบูรณ์,,,5
restricted,ซอสหอยนางรม,เด็กสมบูรณ์,ดั้งเดิม / ลดโซเดียม,,5
restricted,ซอสหอยนางรม,ง่วนเชียง,,,5
restricted,ซอสหอยนางรม,HEINZ,,,5
restricted,ซอสหอยนางรม,ภูเขาทอง,,,5
restricted,ซอสหอยนางรม,101 พลัส,,,5
restricted,ซอสปรุงรส,ภูเขาทอง,ฝาแดง,,6
restricted,ซอสปรุงรส,เด็กสมบูรณ์,ออร์แกนิค,,6
restricted,ซอสปรุงรส,ทาคูมิอายิ,ซอสผัด,,6
restricted,ซีอิ๊วขาว,ง่วนเชียง,เห็ดหอม,,6
restricted,ซีอิ๊วขาว,เด็กสมบูรณ์,ออร์แกนิค,,6
restricted,ซีอิ๊วขาว,Kikkoman,ปกติ / ลดโซเดียม,,6
restricted,ซีอิ๊วขาว,101 พลัส,,,6
restricted,น้ำปลา,Mega chef,,,7
restricted,น้ำสลัด,คิวพี,"Caesar / Thousand Island / Roasted Sesame / Sesame Soy Sauce",,7
restricted,ซีอิ๊วดำ,ง่วนเชียง,หวานสูตร 1,,7
restricted,ซีอิ๊วดำ,เด็กสมบูรณ์,"ฉลากส้ม / ปกติ / สูตร 1 / หวาน",,7
restricted,เต้าเจี้ยว,เด็กสมบูรณ์,เห็ดหอม,,8
restricted,เต้าเจี้ยว,เด็กสมบูรณ์,ฉลากฟ้า,,8
restricted,เต้าเจี้ยว,เด็กสมบูรณ์,สูตร 1,,8
restricted,ซอสสำหรับจิ้ม,เด็กสมบูรณ์,จิ๊กโฉ่ว,,8
restricted,ซอสสำหรับจิ้ม,เด็กสมบูรณ์,บ๊วยเจี่ย,,8
restricted,ซอสสำหรับจิ้ม,ภูเขาทอง,ซอสมะเขือเทศ,,8
restricted,ซอสสำหรับจิ้ม,ภูเขาทอง,ซอสมะเขือเทศ+พริก,,8
restricted,ซอสสำหรับจิ้ม,ภูเขาทอง,ซอสพริก เผ็ดน้อย / เผ็ดมาก,,9
restricted,ซอสสำหรับจิ้ม,ศรีราชาพานิช,ซอสพริก,,9
restricted,ซอสสำหรับจิ้ม,เด็กสมบูรณ์,น้ำจิ้มสุกี้,,9
restricted,ซอสสำหรับจิ้ม,เด็กสมบูรณ์,น้ำจิ้มไก่,,9
restricted,ซอสหมักเนื้อสัตว์,ทาคูมิอายิ,เทอริยากิ,,10
restricted,ซอสหมักเนื้อสัตว์,Kikkoman,เทอริยากิ,,10
restricted,ซอสหมักเนื้อสัตว์,Fountain,pepper steak sauce,,10
restricted,ซอสหมักเนื้อสัตว์,ซีเจ (CJ แบรนด์เกาหลี),บุลโกกิ,,10
restricted,โชยุ,ทาคูมิอายิ,,,10
restricted,โชยุ,เด็กสมบูรณ์,,,10
iodized_limit,ซีอิ๊วขาว,เด็กสมบูรณ์,ซีอิ๊วขาวเห็ดหอม ลดโซเดียม 40%,10,11
iodized_limit,ซอสเหยาะจิ้ม,เด็กสมบูรณ์,ซอสเหยาะจิ้ม,10,11
iodized_limit,น้ำปลา,เด็กสมบูรณ์,น้ำปลาแท้,10,11
iodized_limit,ซอสปรุงรส,เด็กสมบูรณ์,ซอสปรุงรสฝาเขียว,10,11
iodized_limit,ซอสปรุงรส,เด็กสมบูรณ์,ซอสปรุงรส,10,11
iodized_limit,ซอสปรุงรส,แม็กกี้,ซอสปรุงอาหาร ฝาเขียว,20,12
iodized_limit,ซอสปรุงรส,แม็กกี้,ซอสปรุงอาหาร ฝาเหลือง,17.5,12
iodized_limit,ซอสเหยาะจิ้ม,แม็กกี้,ซอสเหยาะจิ้ม ฝาเหลือง,22.5,12
iodized_limit,น้ำปลา,หอยหลอด,น้ำปลาแท้,15,12
iodized_limit,น้ำปลา,หอยนางรม,น้ำปลาแท้,15,12
