name,level,mcg_per_100g,source
ปลาสร้อย,low,7,คู่มือรามาฯ ตารางอาหารไอโอดีนต่ำ (ถอดจากภาพหน้า 13-27)
เครื่องในวัว,low,6,คู่มือรามาฯ ตารางอาหารไอโอดีนต่ำ (ถอดจากภาพหน้า 13-27)
ปลาแรด,low,6,คู่มือรามาฯ ตารางอาหารไอโอดีนต่ำ (ถอดจากภาพหน้า 13-27)
ไข่เป็ด (ไข่ขาว),low,6,คู่มือรามาฯ ตารางอาหารไอโอดีนต่ำ (ถอดจากภาพหน้า 13-27)
เลือดหมู,low,5,คู่มือรามาฯ ตารางอาหารไอโอดีนต่ำ (ถอดจากภาพหน้า 13-27)
เบคอนหมู,low,5,คู่มือรามาฯ ตารางอาหารไอโอดีนต่ำ (ถอดจากภาพหน้า 13-27)
แฮมหมู,low,5,คู่มือรามาฯ ตารางอาหารไอโอดีนต่ำ (ถอดจากภาพหน้า 13-27)
ไข่ไก่ (ไข่ขาว),low,3,คู่มือรามาฯ ตารางอาหารไอโอดีนต่ำ (ถอดจากภาพหน้า 13-27)
สันในหมู,low,3,คู่มือรามาฯ ตารางอาหารไอโอดีนต่ำ (ถอดจากภาพหน้า 13-27)
ซี่โครงหมูอ่อน,low,2,คู่มือรามาฯ ตารางอาหารไอโอดีนต่ำ (ถอดจากภาพหน้า 13-27)
สันคอหมู,low,2,คู่มือรามาฯ ตารางอาหารไอโอดีนต่ำ (ถอดจากภาพหน้า 13-27)
แครอท,low,7,คู่มือรามาฯ ตารางอาหารไอโอดีนต่ำ (ถอดจากภาพหน้า 13-27)
ชะพลู,low,7,คู่มือรามาฯ ตารางอาหารไอโอดีนต่ำ (ถอดจากภาพหน้า 13-27)
ผักกวางตุ้ง,low,6,คู่มือรามาฯ ตารางอาหารไอโอดีนต่ำ (ถอดจากภาพหน้า 13-27)
ผักกาดขาวปลี,low,6,คู่มือรามาฯ ตารางอาหารไอโอดีนต่ำ (ถอดจากภาพหน้า 13-27)
ผักบุ้งไทย,low,6,คู่มือรามาฯ ตารางอาหารไอโอดีนต่ำ (ถอดจากภาพหน้า 13-27)
กระเจี๊ยบมอญ,low,5,คู่มือรามาฯ ตารางอาหารไอโอดีนต่ำ (ถอดจากภาพหน้า 13-27)
พริกไทยดำ,low,5,คู่มือรามาฯ ตารางอาหารไอโอดีนต่ำ (ถอดจากภาพหน้า 13-27)
กะหล่ำปลี,low,4,คู่มือรามาฯ ตารางอาหารไอโอดีนต่ำ (ถอดจากภาพหน้า 13-27)
ผักชี,low,4,คู่มือรามาฯ ตารางอาหารไอโอดีนต่ำ (ถอดจากภาพหน้า 13-27)
ฟักทอง,low,4,คู่มือรามาฯ ตารางอาหารไอโอดีนต่ำ (ถอดจากภาพหน้า 13-27)
ผักบุ้งจีน,low,4,คู่มือรามาฯ ตารางอาหารไอโอดีนต่ำ (ถอดจากภาพหน้า 13-27)
ใบยี่หร่า,low,4,คู่มือรามาฯ ตารางอาหารไอโอดีนต่ำ (ถอดจากภาพหน้า 13-27)
ลูกเนียงนก,low,4,คู่มือรามาฯ ตารางอาหารไอโอดีนต่ำ (ถอดจากภาพหน้า 13-27)
กะหล่ำแขนง,low,4,คู่มือรามาฯ ตารางอาหารไอโอดีนต่ำ (ถอดจากภาพหน้า 13-27)
ดอกกะหล่ำ,low,3,คู่มือรามาฯ ตารางอาหารไอโอดีนต่ำ (ถอดจากภาพหน้า 13-27)
ผักกูด,low,3,คู่มือรามาฯ ตารางอาหารไอโอดีนต่ำ (ถอดจากภาพหน้า 13-27)
มะระหวาน,low,3,คู่มือรามาฯ ตารางอาหารไอโอดีนต่ำ (ถอดจากภาพหน้า 13-27)
ลูกยอสด,low,3,คู่มือรามาฯ ตารางอาหารไอโอดีนต่ำ (ถอดจากภาพหน้า 13-27)
กะเพราขาว,low,2,คู่มือรามาฯ ตารางอาหารไอโอดีนต่ำ (ถอดจากภาพหน้า 13-27)
พริกไทยขาว,low,2,คู่มือรามาฯ ตารางอาหารไอโอดีนต่ำ (ถอดจากภาพหน้า 13-27)
คูน,low,2,คู่มือรามาฯ ตารางอาหารไอโอดีนต่ำ (ถอดจากภาพหน้า 13-27)
ต้นหอม,low,2,คู่มือรามาฯ ตารางอาหารไอโอดีนต่ำ (ถอดจากภาพหน้า 13-27)
ผักกาดขาว,low,2,คู่มือรามาฯ ตารางอาหารไอโอดีนต่ำ (ถอดจากภาพหน้า 13-27)
แตงร้าน,low,1,คู่มือรามาฯ ตารางอาหารไอโอดีนต่ำ (ถอดจากภาพหน้า 13-27)
ถั่วแขก,low,1,คู่มือรามาฯ ตารางอาหารไอโอดีนต่ำ (ถอดจากภาพหน้า 13-27)
บร็อคโคลี่,low,1,คู่มือรามาฯ ตารางอาหารไอโอดีนต่ำ (ถอดจากภาพหน้า 13-27)
พริกจินดา,low,1,คู่มือรามาฯ ตารางอาหารไอโอดีนต่ำ (ถอดจากภาพหน้า 13-27)
พริกหนุ่ม,low,1,คู่มือรามาฯ ตารางอาหารไอโอดีนต่ำ (ถอดจากภาพหน้า 13-27)
พริกหยวก,low,1,คู่มือรามาฯ ตารางอาหารไอโอดีนต่ำ (ถอดจากภาพหน้า 13-27)
มะเขือพวง,low,1,คู่มือรามาฯ ตารางอาหารไอโอดีนต่ำ (ถอดจากภาพหน้า 13-27)
มะเขือเปราะ,low,1,คู่มือรามาฯ ตารางอาหารไอโอดีนต่ำ (ถอดจากภาพหน้า 13-27)
เห็ดเข็มทอง,low,1,คู่มือรามาฯ ตารางอาหารไอโอดีนต่ำ (ถอดจากภาพหน้า 13-27)
เห็ดหอมสด,low,1,คู่มือรามาฯ ตารางอาหารไอโอดีนต่ำ (ถอดจากภาพหน้า 13-27)
มะระขี้นก,low,1,คู่มือรามาฯ ตารางอาหารไอโอดีนต่ำ (ถอดจากภาพหน้า 13-27)
ผักคะน้า,low,1,คู่มือรามาฯ ตารางอาหารไอโอดีนต่ำ (ถอดจากภาพหน้า 13-27)
กะหล่ำปลีม่วง,low,0,คู่มือรามาฯ ตารางอาหารไอโอดีนต่ำ (ถอดจากภาพหน้า 13-27)
มันฝรั่ง,low,0,คู่มือรามาฯ ตารางอาหารไอโอดีนต่ำ (ถอดจากภาพหน้า 13-27)
ดอกกุ๋ยช่าย,low,0,คู่มือรามาฯ ตารางอาหารไอโอดีนต่ำ (ถอดจากภาพหน้า 13-27)
ต้นอ่อนทานตะวัน,low,0,คู่มือรามาฯ ตารางอาหารไอโอดีนต่ำ (ถอดจากภาพหน้า 13-27)
แตงกวาญี่ปุ่น,low,0,คู่มือรามาฯ ตารางอาหารไอโอดีนต่ำ (ถอดจากภาพหน้า 13-27)
มะเขือเทศ,low,0,คู่มือรามาฯ ตารางอาหารไอโอดีนต่ำ (ถอดจากภาพหน้า 13-27)
ข้าวเจ้า (หอมนิล),low,5,คู่มือรามาฯ ตารางอาหารไอโอดีนต่ำ (ถอดจากภาพหน้า 13-27)
ข้าวไรซ์เบอรี,low,4,คู่มือรามาฯ ตารางอาหารไอโอดีนต่ำ (ถอดจากภาพหน้า 13-27)
ข้าวเหนียวดำ (ข้าวลืมผัว),low,4,คู่มือรามาฯ ตารางอาหารไอโอดีนต่ำ (ถอดจากภาพหน้า 13-27)
น้ำนมข้าวโพด,low,4,คู่มือรามาฯ ตารางอาหารไอโอดีนต่ำ (ถอดจากภาพหน้า 13-27)
ข้าวกล้อง (หอมนิล),low,1,คู่มือรามาฯ ตารางอาหารไอโอดีนต่ำ (ถอดจากภาพหน้า 13-27)
นมยูเอชที รสธรรมชาติ,low,7,คู่มือรามาฯ ตารางอาหารไอโอดีนต่ำ (ถอดจากภาพหน้า 13-27)
นมสเตอริไลส์ รสธรรมชาติ,low,7,คู่มือรามาฯ ตารางอาหารไอโอดีนต่ำ (ถอดจากภาพหน้า 13-27)
นมยูเอชที รสหวาน,low,6,คู่มือรามาฯ ตารางอาหารไอโอดีนต่ำ (ถอดจากภาพหน้า 13-27)
มะละกอ,low,1,คู่มือรามาฯ ตารางอาหารไอโอดีนต่ำ (ถอดจากภาพหน้า 13-27)
ส้ม,low,1,คู่มือรามาฯ ตารางอาหารไอโอดีนต่ำ (ถอดจากภาพหน้า 13-27)
ส้มโอ,low,1,คู่มือรามาฯ ตารางอาหารไอโอดีนต่ำ (ถอดจากภาพหน้า 13-27)
มะขามป้อม,low,4,คู่มือรามาฯ ตารางอาหารไอโอดีนต่ำ (ถอดจากภาพหน้า 13-27)
แก้วมังกร (เนื้อชมพู),low,3,คู่มือรามาฯ ตารางอาหารไอโอดีนต่ำ (ถอดจากภาพหน้า 13-27)
มะม่วงเขียวเสวย,low,3,คู่มือรามาฯ ตารางอาหารไอโอดีนต่ำ (ถอดจากภาพหน้า 13-27)
กล้วยเล็บมือนางสุก,low,2,คู่มือรามาฯ ตารางอาหารไอโอดีนต่ำ (ถอดจากภาพหน้า 13-27)
ขนุนจำปา,low,2,คู่มือรามาฯ ตารางอาหารไอโอดีนต่ำ (ถอดจากภาพหน้า 13-27)
ขนุนหนัง,low,2,คู่มือรามาฯ ตารางอาหารไอโอดีนต่ำ (ถอดจากภาพหน้า 13-27)
แคนตาลูป (เนื้อเหลือง),low,2,คู่มือรามาฯ ตารางอาหารไอโอดีนต่ำ (ถอดจากภาพหน้า 13-27)
ตะขบ,low,2,คู่มือรามาฯ ตารางอาหารไอโอดีนต่ำ (ถอดจากภาพหน้า 13-27)
แตงโม (เนื้อเหลือง),low,2,คู่มือรามาฯ ตารางอาหารไอโอดีนต่ำ (ถอดจากภาพหน้า 13-27)
มะม่วงน้ำดอกไม้,low,2,คู่มือรามาฯ ตารางอาหารไอโอดีนต่ำ (ถอดจากภาพหน้า 13-27)
มะยงชิด,low,2,คู่มือรามาฯ ตารางอาหารไอโอดีนต่ำ (ถอดจากภาพหน้า 13-27)
ลองกอง,low,2,คู่มือรามาฯ ตารางอาหารไอโอดีนต่ำ (ถอดจากภาพหน้า 13-27)
องุ่นดำ,low,2,คู่มือรามาฯ ตารางอาหารไอโอดีนต่ำ (ถอดจากภาพหน้า 13-27)
แอปเปิ้ลแดง,low,2,คู่มือรามาฯ ตารางอาหารไอโอดีนต่ำ (ถอดจากภาพหน้า 13-27)
กล้วยไข่สุก,low,1,คู่มือรามาฯ ตารางอาหารไอโอดีนต่ำ (ถอดจากภาพหน้า 13-27)
กล้วยหักมุกสุก,low,1,คู่มือรามาฯ ตารางอาหารไอโอดีนต่ำ (ถอดจากภาพหน้า 13-27)
แคนตาลูป (เนื้อเขียว),low,1,คู่มือรามาฯ ตารางอาหารไอโอดีนต่ำ (ถอดจากภาพหน้า 13-27)
ชมพู่,low,1,คู่มือรามาฯ ตารางอาหารไอโอดีนต่ำ (ถอดจากภาพหน้า 13-27)
เชอร์รี่,low,1,คู่มือรามาฯ ตารางอาหารไอโอดีนต่ำ (ถอดจากภาพหน้า 13-27)
แตงโม (เนื้อแดง),low,1,คู่มือรามาฯ ตารางอาหารไอโอดีนต่ำ (ถอดจากภาพหน้า 13-27)
ฝรั่ง,low,1,คู่มือรามาฯ ตารางอาหารไอโอดีนต่ำ (ถอดจากภาพหน้า 13-27)
พลับ,low,1,คู่มือรามาฯ ตารางอาหารไอโอดีนต่ำ (ถอดจากภาพหน้า 13-27)
พุทรา,low,1,คู่มือรามาฯ ตารางอาหารไอโอดีนต่ำ (ถอดจากภาพหน้า 13-27)
มะขามเทศ,low,1,คู่มือรามาฯ ตารางอาหารไอโอดีนต่ำ (ถอดจากภาพหน้า 13-27)
มะเฟือง,low,1,คู่มือรามาฯ ตารางอาหารไอโอดีนต่ำ (ถอดจากภาพหน้า 13-27)
ราสเบอรี่,low,1,คู่มือรามาฯ ตารางอาหารไอโอดีนต่ำ (ถอดจากภาพหน้า 13-27)
ลิ้นจี่,low,1,คู่มือรามาฯ ตารางอาหารไอโอดีนต่ำ (ถอดจากภาพหน้า 13-27)
ลูกตาล,low,1,คู่มือรามาฯ ตารางอาหารไอโอดีนต่ำ (ถอดจากภาพหน้า 13-27)
สตรอว์เบอรี่,low,1,คู่มือรามาฯ ตารางอาหารไอโอดีนต่ำ (ถอดจากภาพหน้า 13-27)
สละ,low,1,คู่มือรามาฯ ตารางอาหารไอโอดีนต่ำ (ถอดจากภาพหน้า 13-27)
สับปะรดภูเก็ต,low,1,คู่มือรามาฯ ตารางอาหารไอโอดีนต่ำ (ถอดจากภาพหน้า 13-27)
สาลี่,low,1,คู่มือรามาฯ ตารางอาหารไอโอดีนต่ำ (ถอดจากภาพหน้า 13-27)
องุ่นเขียว/ดำ,low,1,คู่มือรามาฯ ตารางอาหารไอโอดีนต่ำ (ถอดจากภาพหน้า 13-27)
แก้วมังกร (เนื้อสีขาว),low,0,คู่มือรามาฯ ตารางอาหารไอโอดีนต่ำ (ถอดจากภาพหน้า 13-27)
แอปเปิ้ลเขียว,low,0,คู่มือรามาฯ ตารางอาหารไอโอดีนต่ำ (ถอดจากภาพหน้า 13-27)
แคบหมูไม่มีมัน,medium,29,คู่มือรามาฯ ตารางอาหารไอโอดีนปานกลาง (ถอดจากภาพหน้า 13-27)
ปลาวิกิวหวาน,medium,29,คู่มือรามาฯ ตารางอาหารไอโอดีนปานกลาง (ถอดจากภาพหน้า 13-27)
หอยเป๋าฮื้อ,medium,29,คู่มือรามาฯ ตารางอาหารไอโอดีนปานกลาง (ถอดจากภาพหน้า 13-27)
ไข่ไก่ (ไข่แดง),medium,28,คู่มือรามาฯ ตารางอาหารไอโอดีนปานกลาง (ถอดจากภาพหน้า 13-27)
ปลากดข้างเหลือง,medium,26,คู่มือรามาฯ ตารางอาหารไอโอดีนปานกลาง (ถอดจากภาพหน้า 13-27)
ปลากระบอก,medium,26,คู่มือรามาฯ ตารางอาหารไอโอดีนปานกลาง (ถอดจากภาพหน้า 13-27)
นกกระทา,medium,26,คู่มือรามาฯ ตารางอาหารไอโอดีนปานกลาง (ถอดจากภาพหน้า 13-27)
ไส้กรอกคอกเทลหมู,medium,24,คู่มือรามาฯ ตารางอาหารไอโอดีนปานกลาง (ถอดจากภาพหน้า 13-27)
ปลาโอ,medium,23,คู่มือรามาฯ ตารางอาหารไอโอดีนปานกลาง (ถอดจากภาพหน้า 13-27)
ปูม้านิ่ม,medium,21,คู่มือรามาฯ ตารางอาหารไอโอดีนปานกลาง (ถอดจากภาพหน้า 13-27)
เนื้อไก่บ้าน,medium,20,คู่มือรามาฯ ตารางอาหารไอโอดีนปานกลาง (ถอดจากภาพหน้า 13-27)
เนื้อไก่พันธุ์,medium,19,คู่มือรามาฯ ตารางอาหารไอโอดีนปานกลาง (ถอดจากภาพหน้า 13-27)
ไข่มดแดง,medium,19,คู่มือรามาฯ ตารางอาหารไอโอดีนปานกลาง (ถอดจากภาพหน้า 13-27)
ปลานิล,medium,18,คู่มือรามาฯ ตารางอาหารไอโอดีนปานกลาง (ถอดจากภาพหน้า 13-27)
เนื้อวัว,medium,17,คู่มือรามาฯ ตารางอาหารไอโอดีนปานกลาง (ถอดจากภาพหน้า 13-27)
ปลาทับทิม,medium,17,คู่มือรามาฯ ตารางอาหารไอโอดีนปานกลาง (ถอดจากภาพหน้า 13-27)
เนื้อหมู,medium,16,คู่มือรามาฯ ตารางอาหารไอโอดีนปานกลาง (ถอดจากภาพหน้า 13-27)
ปลาหมึกกล้วย,medium,15,คู่มือรามาฯ ตารางอาหารไอโอดีนปานกลาง (ถอดจากภาพหน้า 13-27)
ไส้กรอกคอกเทลไก่,medium,14,คู่มือรามาฯ ตารางอาหารไอโอดีนปานกลาง (ถอดจากภาพหน้า 13-27)
ลูกชิ้นปลา,medium,11,คู่มือรามาฯ ตารางอาหารไอโอดีนปานกลาง (ถอดจากภาพหน้า 13-27)
ปลาคัง,medium,10,คู่มือรามาฯ ตารางอาหารไอโอดีนปานกลาง (ถอดจากภาพหน้า 13-27)
ปลาเส้น,medium,10,คู่มือรามาฯ ตารางอาหารไอโอดีนปานกลาง (ถอดจากภาพหน้า 13-27)
ปูอัด,medium,9,คู่มือรามาฯ ตารางอาหารไอโอดีนปานกลาง (ถอดจากภาพหน้า 13-27)
ปลาจาระเม็ดน้ำจืด,medium,8,คู่มือรามาฯ ตารางอาหารไอโอดีนปานกลาง (ถอดจากภาพหน้า 13-27)
ปรงทะเล,medium,21,คู่มือรามาฯ ตารางอาหารไอโอดีนปานกลาง (ถอดจากภาพหน้า 13-27)
ผักหวานใบแหลม,medium,18,คู่มือรามาฯ ตารางอาหารไอโอดีนปานกลาง (ถอดจากภาพหน้า 13-27)
ใบชะมวง,medium,18,คู่มือรามาฯ ตารางอาหารไอโอดีนปานกลาง (ถอดจากภาพหน้า 13-27)
สะเดา,medium,18,คู่มือรามาฯ ตารางอาหารไอโอดีนปานกลาง (ถอดจากภาพหน้า 13-27)
ยอดอ่อนมะกอกป่า,medium,14,คู่มือรามาฯ ตารางอาหารไอโอดีนปานกลาง (ถอดจากภาพหน้า 13-27)
ผักผำ/ไข่น้ำ,medium,11,คู่มือรามาฯ ตารางอาหารไอโอดีนปานกลาง (ถอดจากภาพหน้า 13-27)
ผลอ่อนมะเดื่อ,medium,11,คู่มือรามาฯ ตารางอาหารไอโอดีนปานกลาง (ถอดจากภาพหน้า 13-27)
ผักชีลาว,medium,10,คู่มือรามาฯ ตารางอาหารไอโอดีนปานกลาง (ถอดจากภาพหน้า 13-27)
ผักหวานบ้าน,medium,10,คู่มือรามาฯ ตารางอาหารไอโอดีนปานกลาง (ถอดจากภาพหน้า 13-27)
สาหร่ายน้ำจืด,medium,9,คู่มือรามาฯ ตารางอาหารไอโอดีนปานกลาง (ถอดจากภาพหน้า 13-27)
ผักชีฝรั่ง,medium,8,คู่มือรามาฯ ตารางอาหารไอโอดีนปานกลาง (ถอดจากภาพหน้า 13-27)
ถั่วลิสง,medium,8,คู่มือรามาฯ ตารางอาหารไอโอดีนปานกลาง (ถอดจากภาพหน้า 13-27)
งาดำ,medium,21,คู่มือรามาฯ ตารางอาหารไอโอดีนปานกลาง (ถอดจากภาพหน้า 13-27)
เมล็ดบัว,medium,20,คู่มือรามาฯ ตารางอาหารไอโอดีนปานกลาง (ถอดจากภาพหน้า 13-27)
ข้าวมันปู,medium,19,คู่มือรามาฯ ตารางอาหารไอโอดีนปานกลาง (ถอดจากภาพหน้า 13-27)
ข้าวหอมมะลิ (ซ้อมมือ),medium,16,คู่มือรามาฯ ตารางอาหารไอโอดีนปานกลาง (ถอดจากภาพหน้า 13-27)
ลูกเดือย,medium,16,คู่มือรามาฯ ตารางอาหารไอโอดีนปานกลาง (ถอดจากภาพหน้า 13-27)
ข้าวเหนียว (ซ้อมมือ),medium,12,คู่มือรามาฯ ตารางอาหารไอโอดีนปานกลาง (ถอดจากภาพหน้า 13-27)
น้ำนมข้าว,medium,10,คู่มือรามาฯ ตารางอาหารไอโอดีนปานกลาง (ถอดจากภาพหน้า 13-27)
เนยแข็ง,เชดดาร์,medium,19,คู่มือรามาฯ ตารางอาหารไอโอดีนปานกลาง (ถอดจากภาพหน้า 13-27)
เนยเค็ม,medium,13,คู่มือรามาฯ ตารางอาหารไอโอดีนปานกลาง (ถอดจากภาพหน้า 13-27)
โยเกิร์ต,medium,20,คู่มือรามาฯ ตารางอาหารไอโอดีนปานกลาง (ถอดจากภาพหน้า 13-27)
นมแพะพาสเจอไรซ์,medium,23,คู่มือรามาฯ ตารางอาหารไอโอดีนปานกลาง (ถอดจากภาพหน้า 13-27)
กล้วยน้ำว้า สุก,medium,12,คู่มือรามาฯ ตารางอาหารไอโอดีนปานกลาง (ถอดจากภาพหน้า 13-27)
กล้วยหอม สุก,medium,12,คู่มือรามาฯ ตารางอาหารไอโอดีนปานกลาง (ถอดจากภาพหน้า 13-27)
สับปะรด ภูแล,medium,8,คู่มือรามาฯ ตารางอาหารไอโอดีนปานกลาง (ถอดจากภาพหน้า 13-27)
หอยปากเป็ด,high,265,คู่มือรามาฯ ตารางอาหารไอโอดีนสูง (ถอดจากภาพหน้า 13-27)
มันกุ้ง,high,214,คู่มือรามาฯ ตารางอาหารไอโอดีนสูง (ถอดจากภาพหน้า 13-27)
ปลาซาบะ,high,130,คู่มือรามาฯ ตารางอาหารไอโอดีนสูง (ถอดจากภาพหน้า 13-27)
กุ้งหัวแข็ง,high,129,คู่มือรามาฯ ตารางอาหารไอโอดีนสูง (ถอดจากภาพหน้า 13-27)
ปูนา ตัวเล็ก,high,117,คู่มือรามาฯ ตารางอาหารไอโอดีนสูง (ถอดจากภาพหน้า 13-27)
ปูม้า,high,79,คู่มือรามาฯ ตารางอาหารไอโอดีนสูง (ถอดจากภาพหน้า 13-27)
ปลาข้าวสารเค็ม,high,73,คู่มือรามาฯ ตารางอาหารไอโอดีนสูง (ถอดจากภาพหน้า 13-27)
กุ้งเคย,high,69,คู่มือรามาฯ ตารางอาหารไอโอดีนสูง (ถอดจากภาพหน้า 13-27)
ไข่เป็ด (ไข่แดง),high,69,คู่มือรามาฯ ตารางอาหารไอโอดีนสูง (ถอดจากภาพหน้า 13-27)
ปลากดทะเล,high,67,คู่มือรามาฯ ตารางอาหารไอโอดีนสูง (ถอดจากภาพหน้า 13-27)
แคบหมูมีมัน,high,60,คู่มือรามาฯ ตารางอาหารไอโอดีนสูง (ถอดจากภาพหน้า 13-27)
กุ้งทะเลตัวเล็ก,high,59,คู่มือรามาฯ ตารางอาหารไอโอดีนสูง (ถอดจากภาพหน้า 13-27)
ไข่เป็ดทั้งฟอง,high,52,คู่มือรามาฯ ตารางอาหารไอโอดีนสูง (ถอดจากภาพหน้า 13-27)
ปลากะพงขาว,high,51,คู่มือรามาฯ ตารางอาหารไอโอดีนสูง (ถอดจากภาพหน้า 13-27)
ปลาทูนึ่ง,high,50,คู่มือรามาฯ ตารางอาหารไอโอดีนสูง (ถอดจากภาพหน้า 13-27)
ไข่ไก่ทั้งฟอง,high,49,คู่มือรามาฯ ตารางอาหารไอโอดีนสูง (ถอดจากภาพหน้า 13-27)
หอยขม,high,47,คู่มือรามาฯ ตารางอาหารไอโอดีนสูง (ถอดจากภาพหน้า 13-27)
ปูทะเล,high,40,คู่มือรามาฯ ตารางอาหารไอโอดีนสูง (ถอดจากภาพหน้า 13-27)
ดักแด้คั่ว,high,36,คู่มือรามาฯ ตารางอาหารไอโอดีนสูง (ถอดจากภาพหน้า 13-27)
กุ้งแช่บ๊วย,high,36,คู่มือรามาฯ ตารางอาหารไอโอดีนสูง (ถอดจากภาพหน้า 13-27)
ปูทะเล ปูดำนิ่ม,high,34,คู่มือรามาฯ ตารางอาหารไอโอดีนสูง (ถอดจากภาพหน้า 13-27)
ลูกชิ้นกุ้งทอด,high,34,คู่มือรามาฯ ตารางอาหารไอโอดีนสูง (ถอดจากภาพหน้า 13-27)
หอยหวาน,high,33,คู่มือรามาฯ ตารางอาหารไอโอดีนสูง (ถอดจากภาพหน้า 13-27)
ปลาข้างเหลือง,high,33,คู่มือรามาฯ ตารางอาหารไอโอดีนสูง (ถอดจากภาพหน้า 13-27)
ปลาตาเดียว,high,30,คู่มือรามาฯ ตารางอาหารไอโอดีนสูง (ถอดจากภาพหน้า 13-27)
นมผง ขาดมันเนย,high,65,คู่มือรามาฯ ตารางอาหารไอโอดีนสูง (ถอดจากภาพหน้า 13-27)
นมผง,high,57,คู่มือรามาฯ ตารางอาหารไอโอดีนสูง (ถอดจากภาพหน้า 13-27)
นมข้นคืนรูปหวาน สูตรน้ำปาล์ม,high,32,คู่มือรามาฯ ตารางอาหารไอโอดีนสูง (ถอดจากภาพหน้า 13-27)
สาหร่ายผมนาง,high,2430,คู่มือรามาฯ ตารางอาหารไอโอดีนสูง (ถอดจากภาพหน้า 13-27)
สาหร่าย (สำเร็จรูปพร้อมรับประทาน),high,650,คู่มือรามาฯ ตารางอาหารไอโอดีนสูง (ถอดจากภาพหน้า 13-27)
เนียงรอก,high,116,คู่มือรามาฯ ตารางอาหารไอโอดีนสูง (ถอดจากภาพหน้า 13-27)
ผักแพงพวย,high,46,คู่มือรามาฯ ตารางอาหารไอโอดีนสูง (ถอดจากภาพหน้า 13-27)
